ACCIDENT_YEAR,COLLISION_DATE,COLLISION_TIME,MONTH,SEASON,24HOURS,DAY_OF_WEEK,INTERSECTION,WEATHER_1,STATE_HWY_IND,ROAD_SURFACE,ROAD_COND_1,LIGHTING,STWD_VEHTYPE_AT_FAULT,CHP_VEHTYPE_AT_FAULT,DIRECTION,PCF_VIOL_CATEGORY,TYPE_OF_COLLISION,PEDESTRIAN_ACCIDENT,BICYCLE_ACCIDENT,MOTORCYCLE_ACCIDENT,TRUCK_ACCIDENT,MVIW,TOW_AWAY,HIT_AND_RUN,CONTROL_DEVICE,NUMBER_INJURED,COUNT_PED_INJURED,COUNT_BICYCLIST_INJURED,COUNT_MC_INJURED,PCF_VIOLATION,PARTY_COUNT,POINT_Y,POINT_X,COLLISION_SEVERITY
2011,2011-06-17,1442,6,2,14,5,Y,A,N,A,H,A,L,04,,12,D,,Y,,,G,N,N,A,1,0,1,0,22450.0,2,37.69179,-122.46154,3
2011,2011-07-05,1354,7,2,13,2,Y,A,Y,A,H,A,D,22,,12,D,,,,,C,Y,N,A,1,0,0,0,21453.0,2,37.62003389,-122.44366399,4
2011,2011-02-04,2334,2,4,23,5,N,A,N,A,H,C,-,- ,W,01,C,,,,,C,Y,N,A,1,0,0,0,23152.0,2,37.5776637,-122.34510806,4
2011,2011-06-28,815,6,2,8,2,N,B,Y,A,H,A,A,01,N,03,C,,,,,C,N,N,D,1,0,0,0,22350.0,2,37.58668089,-122.33506707,4
2011,2011-07-04,2329,7,2,23,1,N,B,N,A,H,C,A,01,N,01,B,,,,,C,N,F,D,1,0,0,0,23152.0,2,37.64941078,-122.49055733,4
2011,2011-06-16,1400,6,2,14,4,Y,A,Y,A,H,A,N,60,,11,G,Y,,,,B,N,N,A,1,1,0,0,21456.0,2,37.70707498,-122.46987316,4
2011,2011-06-26,1200,6,2,12,7,N,A,Y,A,H,A,A,07,E,08,B,,,Y,,C,Y,N,D,1,0,0,1,22107.0,2,37.32008497,-122.27439163,4
2011,2011-07-13,1737,7,2,17,3,N,A,Y,A,H,A,A,07,S,03,C,,,,,C,Y,N,D,2,0,0,0,22350.0,3,,,4
2011,2011-07-07,1300,7,2,13,4,N,A,Y,A,D,A,D,22,S,03,C,,,Y,,C,Y,N,D,1,0,0,1,22350.0,2,37.31404352,-122.18154728,4
2011,2011-07-12,2301,7,2,23,2,N,B,Y,A,H,E,C,02,N,04,F,,,Y,,I,Y,N,D,1,0,0,1,21703.0,1,37.49753353,-122.23703281,3
2011,2011-07-14,750,7,2,7,4,N,B,Y,A,H,A,A,01,N,03,C,,,,,C,Y,N,D,1,0,0,0,22350.0,4,37.47633342,-122.16817994,4
2011,2011-07-15,645,7,2,6,5,N,B,Y,A,H,A,A,01,S,08,E,,,,,I,Y,N,D,1,0,0,0,22107.0,1,37.51696329,-122.35132582,3
2011,2011-07-15,1730,7,2,17,5,N,A,Y,A,H,A,A,01,N,03,C,,,,,C,Y,N,D,1,0,0,0,22350.0,3,37.49740253,-122.23629542,4
2011,2011-07-12,2300,7,2,23,2,N,B,Y,A,H,E,C,02,N,04,F,,,Y,,I,Y,N,D,1,0,0,1,21703.0,1,37.49753353,-122.23703281,2
2011,2011-07-01,1400,7,2,14,5,N,A,Y,A,H,A,A,01,W,03,C,,,,,C,Y,N,D,1,0,0,0,22350.0,2,37.54566497,-122.32564312,4
2011,2011-07-03,1000,7,2,10,7,N,A,Y,A,H,A,A,01,S,08,B,,,,,C,Y,N,D,1,0,0,0,22107.0,2,37.54459916,-122.28785161,3
2011,2011-07-01,1354,7,2,13,5,N,A,Y,A,H,A,-,99,W,07,E,,,,,I,Y,M,D,1,0,0,0,21658.0,2,37.59351386,-122.23580673,3
2011,2011-07-12,2259,7,2,22,2,N,B,Y,A,H,E,A,01,N,07,B,,,Y,,C,Y,N,D,1,0,0,1,21658.0,2,37.49776629,-122.23745419,3
2011,2011-07-07,1015,7,2,10,4,N,B,Y,A,H,A,A,01,S,08,E,,,,,I,Y,N,D,1,0,0,0,22107.0,1,37.64525044,-122.49179448,3
2011,2011-07-12,713,7,2,7,2,N,B,Y,B,A,A,C,02,N,03,E,,,Y,,I,Y,N,D,1,0,0,1,22350.0,1,37.67031469,-122.48277236,3
2011,2011-07-14,1952,7,2,19,4,N,A,Y,A,H,B,A,01,S,03,C,,,,,C,Y,N,D,1,0,0,0,22350.0,2,37.62368058,-122.42786983,4
2011,2011-07-18,1240,7,2,12,1,N,A,N,A,H,A,A,01,W,03,F,,,,,I,Y,N,D,1,0,0,0,22350.0,1,37.65230246,-122.44069695,3
2011,2011-07-20,2000,7,2,20,3,N,A,Y,A,H,A,C,02,N,03,H,,,Y,,I,Y,N,A,1,0,0,1,22350.0,1,37.59963631,-122.49982424,2
2011,2011-07-31,1945,7,2,19,7,Y,A,Y,A,H,A,A,01,,09,D,,,,,C,N,N,D,1,0,0,0,21800.0,2,37.65189497,-122.47131316,4
2011,2011-07-27,1124,7,2,11,3,N,A,N,A,H,A,A,01,W,10,G,Y,,,,B,N,N,D,1,1,0,0,21952.0,2,37.59471715,-122.50213872,4
2011,2011-07-26,2052,7,2,20,2,Y,A,Y,A,H,C,A,01,,09,D,,,,,C,Y,N,D,2,0,0,0,21801.0,2,37.57939951,-122.3576973,3
2011,2011-07-30,1612,7,2,16,6,N,A,N,A,H,A,N,60,N,11,G,Y,,,,B,N,N,D,1,1,0,0,21954.0,2,37.5806327,-122.34549875,4
2011,2011-07-31,1820,7,2,18,7,Y,A,N,A,H,A,A,01,,09,D,,Y,,,G,N,N,D,1,0,1,0,21801.0,2,37.58965,-122.36865,3
2011,2011-07-27,1635,7,2,16,3,N,A,Y,A,H,A,A,01,N,- ,C,,,,,C,N,N,D,1,0,0,0,,2,37.67346498,-122.46829316,4
2011,2011-07-21,1041,7,2,10,4,N,A,Y,A,H,A,C,02,S,03,E,,,Y,,J,Y,N,D,1,0,0,1,22350.0,1,37.67627263,-122.47064145,3
2011,2011-07-19,1730,7,2,17,2,N,A,Y,A,H,A,C,02,N,03,F,,,Y,,A,Y,N,A,1,0,0,1,22350.0,1,37.64961497,-122.45236316,2
2011,2011-08-09,1445,8,2,14,2,N,A,Y,A,H,A,A,01,N,03,C,,,,,C,Y,N,D,1,0,0,0,22350.0,2,37.68979796,-122.47066386,4
2011,2011-07-20,1205,7,2,12,3,Y,A,N,A,H,A,A,01,,03,C,,,,,C,N,N,A,1,0,0,0,22350.0,2,37.4811,-122.21919,4
2011,2011-07-07,1217,7,2,12,4,Y,A,Y,A,H,A,A,08,,12,H,,,,,C,Y,N,A,1,0,0,0,21453.0,2,37.47900324,-122.22551077,4
2011,2011-07-26,1722,7,2,17,2,N,A,N,A,H,A,A,01,,03,C,,,,,C,Y,N,D,2,0,0,0,22350.0,3,37.48177,-122.23158,4
2011,2011-07-15,2121,7,2,21,5,-,A,N,A,H,C,A,07,,01,E,,,,,I,Y,N,D,1,0,0,0,23152.0,1,37.45978966,-122.25819847,3
2011,2011-07-22,1914,7,2,19,5,Y,A,N,A,H,A,A,01,,- ,C,,,,,C,N,N,A,1,0,0,0,,2,37.47906,-122.22559,4
2011,2011-05-07,1250,5,1,12,6,Y,A,N,A,H,A,L,04,,12,D,,Y,,,G,,M,A,1,0,1,0,22450.0,2,37.52754,-122.30668,3
2011,2011-05-09,1729,5,1,17,1,N,A,N,A,H,A,D,22,E,08,B,,,,,E,,N,A,1,0,0,0,22107.0,2,37.54229237,-122.31403288,4
2011,2011-05-19,1918,5,1,19,4,N,A,N,A,H,A,D,22,E,- ,C,,,,,C,,F,A,1,0,0,0,,2,37.58305413,-122.33074863,4
2011,2011-05-31,1137,5,1,11,2,N,C,N,B,H,A,A,01,S,09,D,,,,,C,Y,N,D,2,0,0,0,21804.0,4,37.56690122,-122.32487542,4
2011,2011-08-13,1515,8,2,15,6,N,A,Y,A,H,A,A,01,N,07,C,,,,,C,N,N,D,1,0,0,0,21658.0,2,37.6809913,-122.38870066,4
2011,2011-07-31,1902,7,2,19,7,N,A,N,A,H,A,L,04,W,03,H,,Y,,,G,N,N,A,1,0,1,0,22350.0,1,37.45380288,-122.18056691,3
2011,2011-08-26,1625,8,2,16,5,Y,A,N,A,H,A,F,25,,08,B,,,,Y,C,N,N,A,1,0,0,0,22100.0,2,37.654668,-122.4078705,4
2011,2011-08-30,1335,8,2,13,2,N,A,N,A,H,A,A,01,E,06,B,,,,,C,N,N,D,1,0,0,0,21751.0,2,37.65602628,-122.42343209,4
2011,2011-08-25,1652,8,2,16,4,N,B,N,A,H,A,D,22,S,08,C,,,,,E,N,N,D,1,0,0,0,22107.0,4,37.66911262,-122.43354571,4
2011,2011-08-14,844,8,2,8,7,N,A,Y,A,H,A,-,- ,S,03,C,,,,,C,,N,A,1,0,0,0,22350.0,2,37.59658788,-122.38561796,4
2011,2011-08-22,318,8,2,3,1,Y,B,Y,A,H,C,A,01,,01,E,,,,,I,Y,M,A,1,0,0,0,23152.0,1,37.58940523,-122.36002447,3
2011,2011-08-23,1231,8,2,12,2,Y,A,Y,A,H,A,A,01,,09,D,,,,,C,Y,N,A,1,0,0,0,21801.0,2,37.58421497,-122.36633314,4
2011,2011-08-05,1654,8,2,16,5,N,A,Y,A,H,A,A,01,S,03,C,,,,,C,Y,N,D,1,0,0,0,22350.0,2,37.46743327,-122.15254751,2
2011,2011-08-13,2105,8,2,21,6,N,A,Y,A,H,C,A,01,W,01,E,,,,,I,Y,N,D,1,0,0,0,23152.0,1,37.55244429,-122.30585585,4
2011,2011-08-21,1921,8,2,19,7,Y,A,N,A,H,A,B,01,,12,D,,,,,C,N,N,A,2,0,0,0,21453.0,2,37.4864,-122.2311,4
2011,2011-08-17,1819,8,2,18,3,Y,A,N,A,H,A,L,04,,05,D,,Y,,,G,N,N,A,1,0,1,0,21202.0,2,37.48083,-122.21856,4
2011,2011-08-13,1130,8,2,11,6,N,A,Y,A,H,A,C,02,N,08,F,,,Y,,A,N,N,D,1,0,0,1,22107.0,1,37.45713497,-122.28898311,3
2011,2011-08-13,1255,8,2,12,6,N,A,Y,A,H,-,A,01,E,03,C,,,,,C,Y,N,D,1,0,0,0,22350.0,3,37.55245814,-122.30350611,4
2011,2011-08-23,902,8,2,9,2,Y,A,N,A,H,A,A,01,,10,G,Y,,,,B,N,N,A,2,2,0,0,21950.0,3,37.48655,-122.23686,4
2011,2011-08-18,1528,8,2,15,4,N,A,N,A,H,A,A,01,S,17,H,,Y,,,G,N,N,A,1,0,1,0,22517.0,2,37.4709139,-122.22797318,4
2011,2011-08-20,1722,8,2,17,6,Y,A,N,A,H,A,L,04,,17,H,,Y,,,G,N,N,A,1,0,1,0,21208.0,2,37.51699,-122.25394,3
2011,2011-08-12,1250,8,2,12,5,N,A,Y,A,H,A,A,01,N,03,C,,,,,C,Y,N,D,1,0,0,0,22350.0,2,37.49805813,-122.23766877,4
2011,2011-08-14,650,8,2,6,7,N,A,Y,A,H,A,A,01,E,08,E,,,,,I,Y,N,D,2,0,0,0,22107.0,1,37.55407498,-122.29096312,3
2011,2011-08-05,1735,8,2,17,5,Y,A,N,A,H,A,A,01,,12,D,,,,,C,Y,N,A,1,0,0,0,21453.0,3,37.4775,-122.23641,4
2011,2011-08-14,1150,8,2,11,7,N,A,Y,A,H,A,A,01,S,03,C,,,,,C,Y,N,D,1,0,0,0,22350.0,2,37.54239756,-122.28580908,4
2011,2011-08-01,1735,8,2,17,1,N,A,Y,A,H,A,A,07,N,08,F,,,,,A,Y,N,D,1,0,0,0,22107.0,1,37.52770952,-122.35957624,4
2011,2011-08-16,1334,8,2,13,2,N,A,N,A,H,A,A,01,W,- ,E,,,,,I,Y,N,A,1,0,0,0,,1,37.45690965,-122.22958209,4
2011,2011-08-15,1715,8,2,17,1,N,A,Y,A,H,A,A,01,S,08,E,,,,,I,Y,N,D,1,0,0,0,22107.0,1,37.43138549,-122.23870934,4
2011,2011-08-04,1020,8,2,10,4,N,B,Y,B,H,A,A,01,W,03,E,,,,,I,Y,N,D,1,0,0,0,22350.0,1,37.48566497,-122.37147312,4
2011,2011-08-03,1810,8,2,18,3,N,A,Y,A,H,A,C,02,N,03,F,,,Y,,A,Y,N,D,1,0,0,1,22350.0,1,37.56101362,-122.30347607,3
2011,2011-08-17,1832,8,2,18,3,N,A,Y,A,H,A,A,01,N,07,B,,,Y,,C,Y,N,D,1,0,0,1,21658.0,2,37.41943876,-122.22085238,2
2011,2011-08-22,1242,8,2,12,1,N,A,Y,A,H,A,A,01,N,03,C,,,,,C,Y,N,A,2,0,0,0,22350.0,2,37.45189498,-122.17981309,4
2011,2011-08-27,15,8,2,0,6,N,A,Y,A,H,C,A,01,S,08,C,,,,,E,N,N,D,1,0,0,0,22107.0,3,37.52584369,-122.28256522,3
2011,2011-08-16,1834,8,2,18,2,N,A,N,A,H,A,A,01,W,08,H,,Y,,,G,N,N,A,1,0,1,0,22107.0,2,37.42297405,-122.19679774,3
2011,2011-08-07,1204,8,2,12,7,N,A,N,A,H,A,A,01,W,03,C,,,,,C,N,F,D,1,0,0,0,22350.0,2,37.42568801,-122.19276549,4
2011,2011-08-08,1109,8,2,11,1,Y,B,Y,A,H,A,A,01,,12,D,,,,,C,Y,N,A,2,0,0,0,21453.0,2,37.63877488,-122.46412185,4
2011,2011-07-29,1825,7,2,18,5,N,A,Y,A,H,A,A,01,N,03,C,,,,,C,N,N,D,1,0,0,0,22350.0,2,37.46072498,-122.14120309,4
2011,2011-07-30,1127,7,2,11,6,Y,A,N,A,H,A,A,01,,09,D,,,,,C,Y,N,A,4,0,0,0,21801.0,2,37.52106,-122.26726,3
2011,2011-07-29,1350,7,2,13,5,N,A,Y,A,H,A,A,01,S,03,C,,,,,C,Y,N,A,1,0,0,0,22350.0,2,37.56159763,-122.32443789,4
2011,2011-07-29,1610,7,2,16,5,N,A,Y,A,H,A,A,01,E,08,E,,,,,I,Y,N,D,1,0,0,0,22107.0,1,37.32977887,-122.36725254,3
2011,2011-07-29,1500,7,2,15,5,N,A,Y,A,H,A,A,01,S,03,C,,,,,C,Y,N,D,1,0,0,0,22350.0,2,37.4586161,-122.13797846,4
2011,2011-07-31,1530,7,2,15,7,N,A,Y,A,H,A,A,07,N,03,C,,,,,C,N,N,D,1,0,0,0,22350.0,2,37.48551445,-122.19025423,4
2011,2011-07-24,1320,7,2,13,7,N,A,Y,A,H,A,A,01,E,03,E,,,,,I,Y,N,D,4,0,0,0,22350.0,1,37.5261282,-122.33183538,3
2011,2011-08-06,1218,8,2,12,6,N,B,Y,A,H,A,A,01,S,03,C,,,,,C,Y,N,D,1,0,0,0,22350.0,3,37.56318496,-122.51287315,4
2011,2011-08-09,1941,8,2,19,2,N,A,Y,A,H,A,A,01,S,08,B,,,Y,,C,N,M,D,1,0,0,1,22107.0,2,37.67564456,-122.4698187,4
2011,2011-08-15,748,8,2,7,1,Y,A,N,A,H,A,A,01,,12,D,,,,,C,N,N,A,1,0,0,0,21453.0,2,37.65438,-122.39994,4
2011,2011-08-10,1317,8,2,13,3,Y,A,N,A,H,A,L,04,,04,C,,Y,,,C,N,N,A,1,0,1,0,21703.0,2,37.65515,-122.41012,3
2011,2011-08-15,1110,8,2,11,1,Y,A,Y,A,H,A,A,01,,12,B,,Y,,,G,N,N,A,1,0,1,0,21453.0,2,37.64538234,-122.42701693,4
2011,2011-08-15,1947,8,2,19,1,N,A,N,A,H,A,N,60,W,- ,G,Y,,,,B,N,N,D,1,1,0,0,,2,37.47824163,-122.15315803,4
2011,2011-08-13,1812,8,2,18,6,N,A,Y,A,H,A,A,08,S,08,E,,,,,I,Y,N,D,1,0,0,0,22107.0,1,37.44805079,-122.17364639,3
2011,2011-08-03,1535,8,2,15,3,N,A,N,A,H,A,A,01,S,03,H,,Y,,,G,N,F,A,1,0,1,0,22350.0,2,37.45080654,-122.19127825,3
2011,2011-08-16,1602,8,2,16,2,Y,A,N,A,H,A,F,26,,03,C,,,,Y,-,N,N,D,2,0,0,0,22350.0,4,37.45888,-122.16181,4
2011,2011-08-10,530,8,2,5,3,N,B,Y,A,H,D,A,01,N,03,C,,,,,C,Y,N,D,1,0,0,0,22350.0,2,37.50367082,-122.24471814,4
2011,2011-07-17,2130,7,2,21,7,N,C,Y,A,H,A,A,01,N,08,B,,,,,C,Y,N,D,2,0,0,0,22107.0,2,37.58565102,-122.33044026,4
2011,2011-07-10,1300,7,2,13,7,N,A,N,A,H,A,C,02,S,08,E,,,Y,,I,Y,N,D,1,0,0,1,22107.0,1,37.30092629,-122.26762708,2
2011,2011-07-17,2240,7,2,22,7,Y,E,Y,B,H,D,A,07,,09,D,,,,,C,Y,N,D,1,0,0,0,21801.0,2,37.52750335,-122.51342173,4
2011,2011-07-24,1520,7,2,15,7,N,A,Y,A,H,A,L,04,W,08,F,,Y,,,A,N,N,D,1,0,1,0,22107.0,1,37.49453472,-122.37010325,4
2011,2011-07-22,1720,7,2,17,5,N,A,Y,A,H,A,A,01,S,07,B,,,Y,,C,Y,N,A,1,0,0,1,21658.0,2,37.41918851,-122.21971393,4
2011,2011-08-11,1524,8,2,15,4,Y,A,Y,A,H,A,A,01,,08,D,,,,,C,Y,N,A,1,0,0,0,22100.0,2,37.63406285,-122.41988917,3
2011,2011-08-08,1958,8,2,19,1,Y,A,N,A,H,A,-,99,,12,G,Y,,,,B,N,F,A,1,1,0,0,22450.0,2,37.65994,-122.40843,3
2011,2011-08-10,1246,8,2,12,3,N,A,N,A,H,A,A,01,N,01,C,,,,,C,Y,N,A,2,0,0,0,23152.0,3,37.65460321,-122.40228574,3
2011,2011-08-11,1658,8,2,16,4,N,B,N,A,H,A,A,07,W,04,C,,,,,C,N,N,A,1,0,0,0,21703.0,2,37.65808629,-122.42338298,4
2011,2011-08-12,1821,8,2,18,5,Y,A,N,A,H,A,C,02,,08,B,,,Y,,C,N,N,D,1,0,0,1,22107.0,2,37.57703,-122.39905,3
2011,2011-08-08,1715,8,2,17,1,-,A,N,A,H,A,A,01,W,- ,B,,Y,,,G,N,F,D,1,0,1,0,,2,37.37387333,-122.21989254,3
2011,2011-08-19,810,8,2,8,5,N,B,Y,A,H,A,A,01,E,08,E,,,,,I,Y,N,D,1,0,0,0,22107.0,1,37.669903,-122.48381012,3
2011,2011-08-13,1426,8,2,14,6,N,A,N,A,H,A,A,01,E,10,G,Y,,,,B,N,N,D,1,1,0,0,21950.0,2,37.65555642,-122.41187147,3
2011,2011-08-10,830,8,2,8,3,N,A,Y,A,H,A,D,22,S,03,C,,,,,C,N,N,D,1,0,0,0,22350.0,2,37.56957636,-122.31244706,4
2011,2011-08-11,1150,8,2,11,4,N,A,Y,A,H,A,A,01,E,03,C,,,,,C,Y,N,D,2,0,0,0,22350.0,2,37.55360473,-122.29484067,4
2011,2011-08-02,1705,8,2,17,2,N,A,Y,A,H,A,D,22,S,03,C,,,Y,,C,Y,N,D,1,0,0,1,22350.0,2,37.50997497,-122.34379312,4
2011,2011-07-30,1450,7,2,14,6,N,B,Y,A,H,A,C,02,S,03,F,,,Y,,A,Y,N,D,1,0,0,1,22350.0,1,37.58525649,-122.51323265,3
2011,2011-08-12,1810,8,2,18,5,N,A,Y,A,H,A,C,02,N,03,C,,,Y,,C,Y,N,D,1,0,0,1,22350.0,2,37.58637498,-122.33161313,4
2011,2011-08-16,809,8,2,8,2,N,A,N,A,H,A,A,01,E,06,A,,,,,C,Y,N,D,1,0,0,0,21751.0,2,37.64903756,-122.38436485,2
2011,2011-07-23,1254,7,2,12,6,N,A,N,A,H,A,-,- ,W,09,D,,,,,C,N,N,D,2,0,0,0,21801.0,2,37.65679763,-122.41752075,4
2011,2011-07-26,1314,7,2,13,2,Y,A,N,A,H,A,L,04,,12,D,,Y,,,G,N,N,A,1,0,1,0,21453.0,2,37.6546,-122.45307,2
2011,2011-07-26,1604,7,2,16,2,Y,A,N,A,H,A,A,01,,21,C,,,,,C,N,N,A,1,0,0,0,22106.0,2,37.64515,-122.40482,4
2011,2011-07-30,849,7,2,8,6,N,A,Y,A,H,A,A,07,S,08,E,,,,,J,Y,N,D,1,0,0,0,22107.0,1,37.59813386,-122.50152015,3
2011,2011-08-12,1546,8,2,15,5,N,A,N,A,H,A,L,04,E,06,H,,Y,,,G,N,N,D,1,0,1,0,21755.0,2,37.51222838,-122.29415951,3
2011,2011-08-06,1435,8,2,14,6,N,A,Y,A,H,A,A,01,S,04,C,,,,,C,Y,N,D,1,0,0,0,21703.0,3,37.66705733,-122.46554636,3
2011,2011-08-03,2150,8,2,21,3,N,A,Y,A,H,C,A,01,S,03,C,,,,,C,Y,N,D,4,0,0,0,22350.0,4,37.62681498,-122.40180314,4
2011,2011-08-05,750,8,2,7,5,N,B,Y,B,B,A,A,01,N,08,E,,,,,I,Y,N,D,1,0,0,0,22107.0,1,37.66140701,-122.48380059,3
2011,2011-08-05,1710,8,2,17,5,N,A,Y,A,H,A,A,08,S,03,C,,,,,C,Y,N,D,3,0,0,0,22350.0,2,37.62382522,-122.4279621,3
2011,2011-08-07,1315,8,2,13,7,Y,A,N,A,H,A,A,01,,10,G,Y,,,,B,N,N,A,1,1,0,0,21950.0,2,37.63653296,-122.41527557,3
2011,2011-08-01,741,8,2,7,1,N,B,Y,A,H,A,-,99,N,03,C,,,,,C,Y,F,D,1,0,0,0,22350.0,2,37.67127903,-122.46700559,4
2011,2011-08-04,1622,8,2,16,4,N,A,N,A,H,A,A,01,W,03,C,,,,,C,N,N,D,1,0,0,0,22350.0,2,37.48168299,-122.22920913,4
2011,2011-08-06,650,8,2,6,6,N,B,Y,A,H,A,A,07,S,05,A,,,,,C,Y,N,D,2,0,0,0,21651.0,2,37.669903,-122.48381012,3
2011,2011-08-09,1836,8,2,18,2,N,A,N,A,H,A,A,01,E,21,C,,Y,,,G,N,N,D,1,0,1,0,22106.0,2,37.51729768,-122.27277626,4
2011,2011-08-09,1326,8,2,13,2,N,A,N,A,H,A,B,,,04,C,,,,,C,N,N,D,1,0,0,0,21703.0,2,37.48481,-122.21983,4
2011,2011-08-06,1135,8,2,11,6,Y,A,N,A,H,A,A,01,,09,B,,,Y,,C,N,N,D,1,0,0,1,21802.0,2,37.47905,-122.19188,3
2011,2011-08-06,1639,8,2,16,6,N,A,N,A,H,A,A,01,S,09,D,,,Y,,C,Y,N,A,1,0,0,1,21801.0,2,37.4653184,-122.24922424,4
2011,2011-08-05,2058,8,2,20,5,N,A,N,A,H,C,A,01,S,03,D,,,,,C,Y,N,D,1,0,0,0,22350.0,3,37.48695142,-122.21351087,4
2011,2011-08-06,1243,8,2,12,6,Y,A,N,A,H,A,A,01,,08,B,,,,,E,N,N,D,1,0,0,0,22107.0,3,37.46871,-122.22752,4
2011,2011-08-08,1646,8,2,16,1,N,A,N,A,H,A,A,01,E,08,B,,,Y,,C,N,N,D,1,0,0,1,22107.0,2,37.46273,-122.22517,4
2011,2011-08-01,640,8,2,6,1,Y,A,N,A,H,A,A,01,,- ,G,Y,,,,B,N,N,A,1,1,0,0,,2,37.52323,-122.27265,4
2011,2011-07-24,1334,7,2,13,7,Y,A,N,A,H,A,A,01,,09,A,,,,,C,Y,N,A,2,0,0,0,21801.0,2,37.57793,-122.34142,3
2011,2011-08-06,1528,8,2,15,6,N,A,N,A,H,A,A,01,N,17,D,,,,,E,Y,N,D,1,0,0,0,22517.0,2,37.5810918,-122.33398633,4
2011,2011-08-08,1540,8,2,15,1,N,A,N,A,H,A,A,01,S,11,G,Y,,,,B,N,N,D,1,1,0,0,21954.0,2,37.58025476,-122.36342797,4
2011,2011-08-22,1025,8,2,10,1,Y,B,N,A,H,A,D,22,,09,D,,Y,,,G,N,N,A,1,0,1,0,21802.0,2,37.63463,-122.41324,4
2011,2011-09-06,1916,9,3,19,2,N,A,N,A,H,A,D,22,,06,G,Y,,,,B,Y,N,D,0,0,0,0,21755.0,2,37.48591067,-122.190561,1
2011,2011-08-24,1113,8,2,11,3,N,A,Y,A,H,A,-,- ,S,- ,H,,Y,,,G,Y,N,A,0,0,0,0,,2,37.48317304,-122.16733149,1
2011,2011-07-31,1210,7,2,12,7,N,A,Y,A,H,A,C,02,S,07,B,,,Y,,C,Y,N,D,0,0,0,0,21658.0,2,37.46573404,-122.29098599,1
2011,2011-06-17,2234,6,2,22,5,Y,A,N,A,H,C,A,01,,01,E,,,,,I,Y,N,A,1,0,0,0,23152.0,1,37.45433,-122.12989,1
2011,2011-06-28,2140,6,2,21,2,N,B,Y,A,H,D,A,01,N,08,D,,,,,C,Y,N,D,1,0,0,0,22107.0,3,37.48282498,-122.17962309,1
2011,2011-10-11,2258,10,3,22,2,N,B,Y,A,H,D,A,01,S,05,A,,,,,C,Y,N,D,1,0,0,0,21460.0,2,37.60756572,-122.43168275,1
2011,2011-09-10,1650,9,3,16,6,Y,A,Y,A,H,A,L,04,,08,H,,Y,Y,,G,Y,N,A,1,0,1,0,22107.0,2,37.14944978,-122.34765473,1
2011,2011-09-27,1750,9,3,17,2,N,A,N,A,H,A,C,02,N,08,E,,,Y,,I,Y,N,D,0,0,0,0,22107.0,1,37.43691907,-122.2923376,1
2011,2011-09-19,1500,9,3,15,1,N,A,N,A,H,A,A,01,S,01,E,,,,,I,Y,N,D,0,0,0,0,23152.0,1,37.40343598,-122.41340779,1
2011,2011-10-17,1835,10,3,18,1,N,A,Y,A,H,B,-,- ,E,18,E,,,Y,,I,Y,N,D,0,0,0,0,,1,37.32938534,-122.36593749,1
2011,2011-07-22,1705,7,2,17,5,N,B,N,A,H,A,L,04,S,08,H,,Y,,,G,Y,N,D,0,0,0,0,22107.0,2,37.6609,-122.49147,1
2011,2011-10-25,1728,10,3,17,2,N,A,Y,A,H,A,N,60,E,11,G,Y,,,,B,Y,N,A,0,0,0,0,21950.0,2,37.46834761,-122.42854881,1
2011,2011-08-03,1318,8,2,13,3,Y,A,Y,A,H,A,A,01,,12,D,,,,,C,N,N,A,3,0,0,0,21453.0,2,37.64961497,-122.45236316,3
2011,2011-07-18,213,7,2,2,1,N,A,Y,A,H,C,A,01,N,01,C,,,,,C,Y,N,D,2,0,0,0,23152.0,2,37.41026934,-122.19792433,4
2011,2011-07-21,1725,7,2,17,4,N,A,Y,A,H,A,A,01,S,04,C,,,,,C,N,N,D,1,0,0,0,21703.0,2,37.62140055,-122.39993277,4
2011,2011-07-21,1700,7,2,17,4,N,A,Y,A,H,A,A,01,N,01,C,,,,,C,Y,N,D,1,0,0,0,23152.0,2,37.68580005,-122.47126686,4
2011,2011-08-01,1645,8,2,16,1,N,A,N,A,H,A,I,20,N,03,C,,,,,C,N,N,A,2,0,0,0,22350.0,2,37.69311952,-122.46179155,4
2011,2011-07-31,1820,7,2,18,7,N,A,Y,A,H,A,A,01,S,03,C,,,,,C,Y,N,A,2,0,0,0,22350.0,2,37.69747605,-122.46436024,4
2011,2011-08-24,240,8,2,2,3,N,A,Y,A,H,D,D,22,N,01,E,,,,,I,Y,N,D,1,0,0,0,23152.0,1,37.4449586,-122.27097349,2
2011,2011-08-29,745,8,2,7,1,N,B,Y,A,H,A,D,22,S,03,C,,,,,C,Y,N,D,1,0,0,0,22350.0,3,37.49104498,-122.2185831,4
2011,2011-08-22,1135,8,2,11,1,N,A,Y,A,H,A,C,02,E,06,F,,,Y,,I,N,N,D,1,0,0,1,21750.0,2,37.35947421,-122.26390223,2
2011,2011-08-22,1750,8,2,17,1,N,A,Y,A,H,A,A,07,S,03,C,,,,,C,Y,N,D,1,0,0,0,22350.0,3,37.55277637,-122.29539856,4
2011,2011-08-20,1350,8,2,13,6,N,A,Y,A,H,A,-,99,N,07,B,,,,,C,Y,F,D,3,0,0,0,21658.0,4,37.4536814,-122.129537,3
2011,2011-08-25,921,8,2,9,4,Y,B,Y,A,H,A,D,22,,04,C,,,,,C,Y,N,A,1,0,0,0,21703.0,2,37.62853629,-122.41631747,4
2011,2011-07-24,1801,7,2,18,7,N,A,N,A,H,A,L,04,W,09,H,,Y,,,G,N,N,D,1,0,1,0,21804.0,2,37.68502176,-122.39998519,2
2011,2011-08-22,1850,8,2,18,1,N,A,N,A,H,A,C,02,S,03,F,,,Y,,A,Y,N,D,1,0,0,1,22350.0,1,37.68261767,-122.38969313,3