ACCIDENT_YEAR,COLLISION_DATE,COLLISION_TIME,MONTH,SEASON,24HOURS,DAY_OF_WEEK,INTERSECTION,WEATHER_1,STATE_HWY_IND,ROAD_SURFACE,ROAD_COND_1,LIGHTING,STWD_VEHTYPE_AT_FAULT,CHP_VEHTYPE_AT_FAULT,DIRECTION,PCF_VIOL_CATEGORY,TYPE_OF_COLLISION,PEDESTRIAN_ACCIDENT,BICYCLE_ACCIDENT,MOTORCYCLE_ACCIDENT,TRUCK_ACCIDENT,MVIW,TOW_AWAY,HIT_AND_RUN,CONTROL_DEVICE,NUMBER_INJURED,COUNT_PED_INJURED,COUNT_BICYCLIST_INJURED,COUNT_MC_INJURED,PCF_VIOLATION,PARTY_COUNT,POINT_Y,POINT_X,COLLISION_SEVERITY
2012,2012-12-04,1535,12,4,15,2,N,A,N,A,H,B,A,01,S,03,C,,,,,C,Y,N,A,4,0,0,0,22350.0,2,37.66709686,-122.46876321,4
2012,2012-12-18,1350,12,4,13,2,Y,A,N,A,H,A,D,22,,08,A,,,,,I,N,N,D,1,0,0,0,22107.0,1,37.69591486,-122.43481317,4
2012,2012-12-19,900,12,4,9,3,N,A,N,A,H,A,N,60,S,11,G,Y,,,,B,N,N,D,1,1,0,0,21950.0,2,37.70655372,-122.4594504,4
2013,2013-01-01,345,1,4,3,2,N,A,N,A,H,C,A,01,S,01,B,,,,,E,Y,N,D,1,0,0,0,23152.0,3,37.4709618,-122.2073518,3
2013,2013-01-22,1030,1,4,10,2,N,A,Y,A,H,A,D,22,S,03,C,,,,,C,Y,N,D,1,0,0,0,22350.0,3,37.5641613,-122.3068769,4
2013,2013-01-10,1207,1,4,12,4,N,A,Y,A,H,A,C,02,N,03,C,,,Y,,C,Y,N,D,1,0,0,1,22350.0,2,37.5456162,-122.5139843,3
2012,2012-11-01,1617,11,3,16,4,N,A,N,A,H,A,A,01,E,05,A,,,,,C,Y,N,D,2,0,0,0,21650.0,2,37.47520808,-122.15952617,4
2012,2012-11-17,1412,11,3,14,6,N,B,Y,B,H,A,-,- ,E,18,C,,,,,C,Y,N,D,2,0,0,0,,2,37.57685433,-122.258866,3
2012,2012-11-26,1215,11,3,12,1,N,A,Y,A,H,A,D,22,S,08,E,,,,,I,Y,N,D,1,0,0,0,22107.0,1,37.45825082,-122.28943491,3
2012,2012-11-19,137,11,3,1,1,N,A,Y,A,H,C,-,- ,N,18,D,,,,,E,Y,N,D,1,0,0,0,,2,37.5825196,-122.32676023,3
2012,2012-11-22,1045,11,3,10,4,N,A,N,A,H,A,A,08,E,03,E,,,,,I,Y,N,D,5,0,0,0,22350.0,1,37.49693952,-122.45098398,3
2012,2012-11-21,2040,11,3,20,3,N,A,Y,A,H,C,-,99,E,03,C,,,,,C,Y,M,D,2,0,0,0,22350.0,2,37.58483757,-122.25063699,4
2012,2012-11-21,535,11,3,5,3,N,C,Y,B,F,D,A,01,S,01,F,,,,,I,Y,N,D,1,0,0,0,23152.0,1,37.43400224,-122.24192637,2
2012,2012-11-29,2112,11,3,21,4,N,B,Y,B,H,D,A,01,S,01,E,,,,,I,Y,N,D,1,0,0,0,23152.0,1,37.52609539,-122.26975859,3
2012,2012-11-30,2000,11,3,20,5,N,C,Y,B,H,D,A,01,N,03,E,,,,,I,Y,N,D,3,0,0,0,22350.0,1,37.59809718,-122.42149439,4
2012,2012-11-05,1512,11,3,15,1,N,A,N,-,H,A,D,22,E,03,C,,,,,C,N,F,A,2,0,0,0,22350.0,4,37.42666075,-122.19166875,4
2012,2012-11-05,1630,11,3,16,1,N,A,Y,A,H,A,A,01,S,03,C,,,,,C,N,N,D,1,0,0,0,22350.0,2,37.45729285,-122.19033799,4
2012,2012-11-02,1823,11,3,18,5,N,A,N,A,H,C,A,01,S,03,H,,Y,,,G,N,N,A,1,0,1,0,22350.0,2,37.45333364,-122.18267731,3
2012,2012-11-06,600,11,3,6,2,Y,A,N,A,A,D,L,04,,03,E,,Y,,,I,N,N,D,1,0,1,0,22350.0,1,37.45224492,-122.18236309,4
2012,2012-11-16,1415,11,3,14,5,N,B,N,A,H,A,A,01,S,10,G,Y,,,,B,N,N,A,1,1,0,0,21950.0,2,37.46593042,-122.15688264,4
2012,2012-11-14,1035,11,3,10,3,N,A,N,A,H,A,A,01,W,03,C,,,,,C,N,N,D,1,0,0,0,22350.0,3,37.45994569,-122.17569748,4
2012,2012-11-26,2125,11,3,21,1,Y,A,N,A,H,C,A,01,,- ,D,,,,,C,Y,N,A,1,0,0,0,,2,37.45300487,-122.18171312,4
2012,2012-11-26,1856,11,3,18,1,N,A,Y,A,H,C,A,01,E,03,C,,,,,C,N,N,D,1,0,0,0,22350.0,2,37.47731366,-122.15228302,4
2012,2012-11-20,322,11,3,3,2,N,C,N,B,G,C,A,01,S,03,F,,,,,A,Y,N,D,1,0,0,0,22350.0,1,37.42120763,-122.20573384,4
2012,2012-12-19,1513,12,4,15,3,N,A,N,A,H,A,A,01,N,03,C,,,,,C,N,N,D,1,0,0,0,22350.0,2,37.64305612,-122.41419864,4
2012,2012-12-13,800,12,4,8,4,Y,B,N,A,H,A,A,07,,10,G,Y,,,,B,N,N,A,1,1,0,0,21950.0,2,37.66131485,-122.43307306,4
2012,2012-12-05,1920,12,4,19,3,Y,B,N,B,H,C,A,01,,12,D,,,,,C,Y,N,A,2,0,0,0,21453.0,2,37.5270345,-122.26891637,3
2013,2013-01-17,1329,1,4,13,4,N,A,Y,A,H,A,A,01,S,04,C,,,,,C,Y,N,D,1,0,0,0,21703.0,2,37.6338959,-122.4195573,4
2012,2012-11-06,725,11,3,7,2,N,A,Y,A,H,A,A,08,S,03,C,,,,,C,Y,N,A,2,0,0,0,22350.0,3,37.67531936,-122.46955589,4
2012,2012-11-01,1745,11,3,17,4,N,A,Y,A,H,A,A,01,N,08,E,,,,,I,Y,N,D,1,0,0,0,22107.0,1,37.63369885,-122.40924522,3
2012,2012-10-26,757,10,3,7,5,N,A,Y,A,H,A,C,03,S,04,C,,,Y,,C,N,N,A,1,0,0,1,21703.0,2,37.6547875,-122.43384647,2
2012,2012-10-25,2315,10,3,23,4,N,A,Y,A,H,C,A,01,N,03,C,,Y,,,G,N,N,D,1,0,1,0,22350.0,2,37.57694355,-122.35216572,4
2012,2012-11-06,725,11,3,7,2,N,A,N,A,H,A,A,01,N,03,C,,,,,C,N,N,A,2,0,0,0,22350.0,2,37.65434452,-122.43627993,4
2012,2012-11-03,545,11,3,5,6,N,A,N,A,H,B,N,60,S,11,G,Y,,,,B,N,F,D,1,1,0,0,21956.0,2,37.65832631,-122.40680013,2
2012,2012-11-20,1722,11,3,17,2,N,B,N,A,H,C,A,01,N,08,E,,,,,I,N,N,A,1,0,0,0,22107.0,1,37.64516997,-122.4048417,2
2012,2012-11-29,1605,11,3,16,4,N,C,N,B,H,A,A,01,S,01,C,,,,,C,N,F,A,2,0,0,0,23152.0,2,37.66246339,-122.38606362,4
2012,2012-11-30,1430,11,3,14,5,N,C,Y,B,H,A,A,01,N,03,C,,,,,C,Y,N,D,2,0,0,0,22350.0,2,37.58438039,-122.3666335,3
2012,2012-11-29,1402,11,3,14,4,N,B,N,B,H,A,A,01,S,09,D,,,,,C,Y,N,D,1,0,0,0,21804.0,2,37.59663032,-122.37749443,4
2012,2012-12-11,1500,12,4,15,2,N,B,Y,A,-,D,A,08,N,03,C,,,,,C,N,N,D,1,0,0,0,22350.0,2,37.61134599,-122.39417427,4
2012,2012-11-19,1141,11,3,11,1,N,A,N,A,H,A,A,07,E,01,B,,,,Y,C,N,N,D,1,0,0,0,23152.0,2,37.58574141,-122.37795408,4
2012,2012-12-12,1455,12,4,14,3,Y,A,N,A,H,A,A,01,,09,D,,,,,C,Y,N,A,1,0,0,0,21802.0,2,37.58673483,-122.37261306,4
2012,2012-12-06,747,12,4,7,4,N,A,N,B,H,A,A,01,S,10,G,Y,,,,B,N,N,A,1,1,0,0,21950.0,2,37.57931928,-122.34459603,2
2012,2012-12-05,1658,12,4,16,3,N,A,Y,A,H,C,A,01,N,03,C,,,,,C,Y,N,D,2,0,0,0,22350.0,3,37.5871398,-122.3713455,4
2012,2012-12-01,1007,12,4,10,6,N,C,Y,B,H,A,A,01,N,04,C,,,,,C,Y,N,A,1,0,0,0,21703.0,2,37.66656945,-122.45133951,3
2012,2012-12-03,442,12,4,4,1,Y,A,N,A,H,C,A,07,,09,D,,Y,,,G,N,N,D,1,0,1,0,21802.0,2,37.63463488,-122.41325307,3
2012,2012-12-09,1621,12,4,16,7,Y,A,N,A,H,A,A,01,,10,G,Y,,,,B,N,N,D,1,1,0,0,21950.0,2,37.48104491,-122.21648303,4
2012,2012-12-09,1032,12,4,10,7,N,A,Y,A,H,A,C,03,S,03,C,,,Y,,C,N,N,A,1,0,0,1,22350.0,2,37.4870676,-122.23583721,3
2012,2012-12-02,1441,12,4,14,7,Y,A,Y,A,H,A,A,01,,10,G,Y,,,,B,N,N,A,1,1,0,0,21950.0,2,37.66163482,-122.4078531,4
2012,2012-12-05,625,12,4,6,3,N,B,Y,B,H,C,A,01,S,03,F,,,,,I,Y,N,D,1,0,0,0,22350.0,1,37.58809552,-122.4112437,4
2012,2012-12-01,1725,12,4,17,6,N,C,Y,B,H,C,A,01,W,03,C,,,,,C,N,N,D,1,0,0,0,22350.0,2,37.55573031,-122.28703909,4
2012,2012-12-05,905,12,4,9,3,N,B,Y,B,H,A,A,01,N,03,C,,,,,C,N,N,D,1,0,0,0,22350.0,3,37.57443842,-122.31801873,3
2012,2012-12-01,750,12,4,7,6,Y,C,Y,B,H,A,A,01,,12,A,,,,,C,N,N,A,1,0,0,0,21453.0,2,37.45573498,-122.18747309,4
2013,2013-01-03,1646,1,4,16,4,N,A,N,A,H,A,D,22,N,01,D,,,,,C,Y,F,D,1,0,0,0,23152.0,2,37.6528209,-122.3916068,4
2012,2012-10-26,1248,10,3,12,5,N,A,Y,A,H,A,A,08,N,21,C,,,,,C,N,N,A,2,0,0,0,22106.0,2,37.59614477,-122.5036402,4
2012,2012-10-31,1438,10,3,14,3,N,A,Y,A,H,A,A,01,N,03,C,,,,,C,Y,N,D,2,0,0,0,22350.0,2,37.60202229,-122.49821021,4
2012,2012-10-24,725,10,3,7,3,Y,A,Y,A,H,A,A,01,,10,G,Y,,,,B,N,N,A,1,1,0,0,21950.0,2,37.69063791,-122.4926974,3
2012,2012-11-30,645,11,3,6,5,N,C,Y,B,H,B,A,01,N,08,E,,,,,I,Y,N,D,1,0,0,0,22107.0,1,37.59713734,-122.42031599,4
2012,2012-10-08,101,10,3,1,1,Y,A,Y,A,G,C,A,01,,01,C,,,,,C,N,N,A,1,0,0,0,23153.0,2,37.45344729,-122.18262804,4
2013,2013-01-15,1840,1,4,18,2,Y,A,Y,A,H,C,A,07,,03,C,,,,,C,N,N,A,1,0,0,0,22350.0,2,37.5274635,-122.2846697,4
2013,2013-01-10,1358,1,4,13,4,N,A,N,A,H,A,F,27,N,04,C,,,,Y,C,N,N,A,1,0,0,0,21703.0,2,37.4809811,-122.2532448,4
2012,2012-11-02,1605,11,3,16,5,N,A,Y,A,H,A,A,01,N,07,C,,,,Y,C,N,N,D,1,0,0,0,21658.0,2,37.60450474,-122.38360107,4
2013,2013-01-09,919,1,4,9,3,N,B,N,A,H,A,D,72,W,21,C,,,,,C,N,N,A,1,0,0,0,22106.0,2,37.4915399,-122.2386702,4
2013,2013-01-14,0,1,4,0,1,Y,A,Y,A,H,A,I,11,,03,C,,,,,C,N,N,A,1,0,0,0,22350.0,2,37.4880514,-122.2139395,4
2012,2012-11-09,48,11,3,0,5,N,C,Y,C,F,D,A,08,N,07,B,,,,,C,Y,N,D,1,0,0,0,21658.0,4,37.65766851,-122.40592082,4
2012,2012-12-01,1210,12,4,12,6,N,B,N,B,H,A,A,01,N,03,C,,,,,C,N,N,A,2,0,0,0,22350.0,2,37.66209004,-122.47167249,4
2012,2012-12-07,930,12,4,9,5,N,A,Y,A,H,A,A,07,N,03,C,,,,,C,Y,N,A,2,0,0,0,22350.0,3,37.68063196,-122.47129447,3
2012,2012-11-19,2155,11,3,21,1,Y,A,N,A,H,C,A,01,,03,G,Y,,,,B,N,N,A,1,1,0,0,22350.0,2,37.69048486,-122.4928631,4
2012,2012-11-26,1800,11,3,18,1,Y,A,N,A,H,B,A,01,,10,G,Y,,,,B,N,N,A,1,1,0,0,21950.0,2,37.68457486,-122.47767321,3
2012,2012-12-18,156,12,4,1,2,N,A,Y,A,H,D,A,01,N,01,E,,,,,J,Y,N,D,1,0,0,0,23152.0,1,37.66592629,-122.48548075,3
2013,2013-01-21,1940,1,4,19,1,N,A,N,A,H,C,A,01,N,03,C,,,,,C,N,N,A,1,0,0,0,22350.0,2,37.7019673,-122.4708755,4
2012,2012-11-10,1606,11,3,16,6,Y,A,N,A,H,A,A,07,,03,C,,,,,C,N,N,A,1,0,0,0,22350.0,3,37.63937488,-122.41848307,4
2013,2013-01-02,2030,1,4,20,3,N,A,N,A,H,C,A,01,E,10,G,Y,,,,B,N,N,D,1,1,0,0,21954.0,2,37.4861211,-122.2373404,4
2013,2013-01-16,1214,1,4,12,3,Y,A,N,A,H,A,A,01,,12,D,,,,,C,Y,N,A,1,0,0,0,21453.0,2,37.5125949,-122.309433,4
2013,2013-01-04,1318,1,4,13,5,N,A,N,A,H,A,-,- ,S,18,F,,,,,J,Y,N,A,1,0,0,0,,1,37.4887297,-122.2164826,3
2013,2013-01-05,2004,1,4,20,6,N,B,Y,B,H,C,A,01,W,03,E,,,,,I,Y,M,D,1,0,0,0,22350.0,1,37.469815,-122.2235231,3
2013,2013-01-23,1200,1,4,12,3,N,A,N,A,H,A,A,01,,09,D,,,,,C,N,N,D,1,0,0,0,21804.0,2,37.5225049,-122.2805131,4
2013,2013-01-18,1630,1,4,16,5,N,A,Y,A,H,D,A,01,S,04,C,,,,,C,Y,N,D,1,0,0,0,21703.0,2,37.670455,-122.3922831,4
2013,2013-01-13,1240,1,4,12,7,Y,A,Y,-,A,A,A,01,,04,C,,,,,C,N,N,D,1,0,0,0,21703.0,2,37.4805107,-122.1843596,4
2013,2013-01-19,25,1,4,0,6,N,A,Y,A,H,D,A,07,S,08,E,,,,,I,Y,N,D,1,0,0,0,22107.0,1,37.6435487,-122.4470315,3
2013,2013-01-14,2232,1,4,22,1,Y,A,Y,A,H,C,A,01,,09,H,,Y,,,G,N,N,A,1,0,1,0,21801.0,2,37.4718343,-122.2228969,3
2013,2013-01-19,730,1,4,7,6,N,A,Y,A,H,A,A,01,N,08,E,,,,,I,Y,N,D,1,0,0,0,22107.0,1,37.6535849,-122.4562125,4
2013,2013-01-18,1454,1,4,14,5,N,A,Y,A,H,A,A,01,E,03,C,,,,,C,N,N,D,1,0,0,0,22350.0,2,37.4710592,-122.2232456,4
2013,2013-01-20,1029,1,4,10,7,N,A,Y,A,H,A,A,01,E,03,C,,,,,C,N,N,D,2,0,0,0,22350.0,2,37.6341783,-122.4099029,3
2013,2013-01-20,1136,1,4,11,7,N,A,Y,A,H,A,A,01,S,08,E,,,,,I,N,N,D,1,0,0,0,22107.0,1,37.6522823,-122.4068441,3
2013,2013-01-03,1524,1,4,15,4,Y,-,N,-,-,A,-,- ,,- ,G,Y,,,,B,N,N,-,1,1,0,0,,2,37.4875849,-122.2230531,3
2012,2012-12-11,1850,12,4,18,2,Y,A,N,A,H,C,A,01,,08,B,,,,,C,Y,N,D,2,0,0,0,22107.0,2,37.57865482,-122.35637312,4
2013,2013-01-10,1537,1,4,15,4,N,A,N,A,H,A,F,26,W,03,C,,,,Y,C,Y,N,A,1,0,0,0,22350.0,2,37.5888734,-122.3622447,4
2013,2013-01-25,2250,1,4,22,5,N,A,N,A,H,C,A,01,N,01,A,,,,,E,Y,N,D,1,0,0,0,23152.0,3,37.4788582,-122.1913472,3
2013,2013-01-17,800,1,4,8,4,N,A,Y,A,H,A,D,22,S,03,C,,,,,C,Y,N,D,1,0,0,0,22350.0,2,37.5486276,-122.2915785,4
2012,2012-12-31,1610,12,4,16,1,N,A,Y,A,H,B,D,22,S,03,E,,,,,I,Y,N,D,1,0,0,0,22350.0,1,37.51975497,-122.35392312,3
2013,2013-01-23,1528,1,4,15,3,N,C,Y,B,H,A,D,22,S,03,C,,,,,C,Y,N,D,1,0,0,0,22350.0,2,37.7042891,-122.4720481,4
2012,2012-08-29,1018,8,2,10,3,N,A,N,A,H,A,A,01,S,21,C,,,,,C,,N,A,1,0,0,0,22106.0,2,37.53184054,-122.33514209,4
2012,2012-08-05,1410,8,2,14,7,Y,A,N,A,H,A,A,01,,09,D,,,,,C,Y,N,A,1,0,0,0,21801.0,2,37.56328486,-122.31110303,4
2012,2012-08-13,1847,8,2,18,1,Y,A,N,A,H,A,A,01,,01,C,,,,,C,N,F,A,1,0,0,0,23152.0,2,37.58428491,-122.32871318,4
2012,2012-08-07,809,8,2,8,2,Y,A,N,A,H,A,A,01,,10,G,Y,,,,B,N,N,A,1,1,0,0,21950.0,2,37.52935485,-122.31065308,4
2012,2012-08-03,2010,8,2,20,5,Y,A,N,A,H,B,A,01,,09,D,,,,,C,N,N,D,1,0,0,0,21801.0,2,37.57754492,-122.32491311,4
2012,2012-08-10,1435,8,2,14,5,N,A,N,A,H,A,A,01,N,21,G,Y,,,,B,N,F,D,1,1,0,0,22106.0,2,37.56488827,-122.32172239,4
2012,2012-08-07,820,8,2,8,2,N,A,N,A,H,A,A,01,E,21,C,,,,,C,N,N,A,1,0,0,0,22106.0,2,37.53793301,-122.29629306,4
2012,2012-08-16,1647,8,2,16,4,N,A,N,A,H,A,N,60,S,11,G,Y,,,,B,,N,A,1,1,0,0,21453.0,2,37.53629278,-122.29854941,4
2012,2012-08-18,1524,8,2,15,6,N,A,N,A,H,A,A,01,E,03,C,,,,,C,Y,N,D,1,0,0,0,22350.0,2,37.56194239,-122.32755807,4
2012,2012-08-07,753,8,2,7,2,Y,A,N,A,H,A,A,01,,09,D,,,,,C,N,N,A,1,0,0,0,21802.0,2,37.57871482,-122.33267304,4
2012,2012-08-20,1021,8,2,10,1,N,A,N,A,H,A,A,01,S,03,C,,,,,C,Y,N,A,3,0,0,0,22350.0,4,37.56147735,-122.32430939,4
2012,2012-08-05,1548,8,2,15,7,Y,A,N,A,H,A,A,01,,09,D,,,,,C,Y,N,A,1,0,0,0,21801.0,2,37.56370491,-122.31494317,3
2013,2013-02-03,2300,2,4,23,7,N,A,Y,A,H,D,D,22,E,01,F,,,,,J,Y,N,D,1,0,0,0,23152.0,1,37.314853,-122.2750781,3
2013,2013-02-01,2250,2,4,22,5,N,A,Y,A,H,D,D,22,S,01,F,,,,,I,Y,N,A,1,0,0,0,23152.0,1,37.4086887,-122.3075648,2
2013,2013-01-11,1009,1,4,10,5,N,B,N,A,H,A,D,72,S,03,C,,,,,C,N,N,A,1,0,0,0,22350.0,2,37.5910729,-122.4974777,4
2013,2013-01-21,1145,1,4,11,1,N,A,N,A,H,A,D,82,E,03,C,,,,,C,Y,N,D,1,0,0,0,22350.0,3,,,4
2013,2013-02-04,1807,2,4,18,1,Y,A,N,A,H,C,D,22,,21,B,,,,,C,Y,N,A,1,0,0,0,22106.0,2,37.6499048,-122.4606731,4
2013,2013-01-10,1818,1,4,18,4,Y,A,N,A,H,C,A,01,,12,D,,,,,C,Y,N,A,1,0,0,0,21453.0,2,37.5973949,-122.3893532,4
2013,2013-01-18,1219,1,4,12,5,N,A,Y,A,H,A,A,01,S,03,C,,,,,C,N,N,A,1,0,0,0,22350.0,2,37.4845644,-122.1799405,4
2013,2013-01-16,1850,1,4,18,3,N,A,N,A,H,C,A,01,E,03,C,,,,,C,N,N,A,1,0,0,0,22350.0,2,37.4820996,-122.1838077,4
2013,2013-01-07,1400,1,4,14,1,Y,A,N,A,H,A,A,01,,03,C,,,,,C,Y,N,A,1,0,0,0,22350.0,4,37.4237748,-122.1954731,4
2013,2013-01-24,1804,1,4,18,4,Y,C,Y,B,H,C,-,- ,,10,G,Y,,,,B,N,N,A,1,1,0,0,21950.0,2,37.6022194,-122.391784,3
2013,2013-01-20,1446,1,4,14,7,Y,A,Y,A,H,A,A,01,,12,D,,,,,C,Y,N,A,4,0,0,0,21453.0,2,37.4312424,-122.4266607,4
2013,2013-01-16,630,1,4,6,3,Y,A,N,A,H,C,L,04,,14,H,,Y,,,G,N,N,A,1,0,1,0,21201.0,2,37.6005149,-122.3841031,4
2013,2013-01-10,1003,1,4,10,4,N,A,Y,A,H,A,-,- ,S,03,E,,,,,I,N,N,D,1,0,0,0,22350.0,1,37.6030619,-122.3928973,3
2013,2013-01-12,1630,1,4,16,6,N,A,Y,A,H,A,-,- ,N,03,C,,,,,C,N,N,D,1,0,0,0,22350.0,2,37.4683618,-122.4334036,4
2012,2012-12-04,641,12,4,6,2,N,B,Y,A,H,B,A,07,N,08,E,,,,,I,Y,N,D,1,0,0,0,22107.0,1,37.67034227,-122.48170852,4
2012,2012-10-20,1632,10,3,16,6,N,A,Y,A,H,A,C,02,N,03,F,,,Y,,A,N,N,A,1,0,0,1,22350.0,2,37.60302169,-122.3813462,4
2012,2012-11-02,35,11,3,0,5,Y,A,N,A,H,C,A,01,,01,D,,,,,C,Y,N,A,1,0,0,0,23152.0,2,37.62798486,-122.41245314,4
2012,2012-11-22,2012,11,3,20,4,N,A,N,A,H,C,A,01,W,01,C,,,Y,,C,Y,F,A,1,0,0,1,23152.0,2,37.653741,-122.40837,3
2012,2012-11-28,1338,11,3,13,3,N,A,Y,A,H,A,A,01,S,21,C,,,,,C,N,N,A,1,0,0,0,22106.0,2,37.65445378,-122.43348196,4
2012,2012-11-30,1550,11,3,15,5,N,B,N,B,H,A,A,01,N,03,C,,,,,C,N,N,A,1,0,0,0,22350.0,2,37.64967504,-122.40547796,4
2012,2012-11-08,1008,11,3,10,4,Y,A,N,A,H,A,-,- ,,12,D,,,,,C,N,N,A,1,0,0,0,21453.0,2,37.654866,-122.403402,4
2012,2012-11-01,1845,11,3,18,4,N,A,Y,A,H,C,-,- ,S,08,G,Y,,,,B,N,F,D,1,1,0,0,22107.0,2,37.52584369,-122.28256522,4
2012,2012-11-16,1608,11,3,16,5,N,C,N,B,H,A,A,01,N,03,C,,,,,-,Y,N,D,1,0,0,0,22350.0,2,37.6523649,-122.41746311,4
2012,2012-11-14,750,11,3,7,3,Y,A,N,A,H,A,A,01,,08,B,,Y,,,G,N,F,D,1,0,1,0,22107.0,2,37.64945487,-122.46832308,4
2013,2013-02-01,801,2,4,8,5,N,A,N,A,H,A,A,07,S,09,B,,,,,C,Y,N,A,1,0,0,0,21800.0,2,37.4810339,-122.219009,4
2012,2012-12-14,1510,12,4,15,5,N,B,Y,A,H,A,A,01,N,03,G,Y,,,,B,Y,N,D,2,0,0,0,22350.0,3,37.48327504,-122.29855781,1
2013,2013-04-24,715,4,1,7,3,N,A,Y,A,H,A,A,01,E,03,C,,,,,C,Y,N,D,0,0,0,0,22350.0,3,37.585717,-122.2495964,1
2013,2013-03-09,2010,3,1,20,6,N,A,N,A,H,C,A,01,W,01,D,,,,,C,N,N,D,2,0,0,0,23152.0,2,37.6851423,-122.4799109,1
2012,2012-12-02,500,12,4,5,7,N,B,Y,B,H,D,A,01,S,08,C,,,,,E,Y,N,D,0,0,0,0,22107.0,2,37.67042519,-122.46620558,1
2013,2013-02-22,220,2,4,2,5,N,A,N,A,H,C,A,01,S,01,E,,,,,I,Y,N,D,1,0,0,0,23153.0,1,37.49072553,-122.21148312,1
2013,2013-03-14,531,3,1,5,4,N,B,N,A,H,C,C,02,N,03,E,,,Y,,I,N,N,D,0,0,0,0,22350.0,1,37.66114512,-122.39946663,1
2013,2013-02-20,139,2,4,1,3,N,A,N,A,G,C,C,02,W,01,E,,,Y,,I,Y,N,D,1,0,0,1,23153.0,1,37.4661087,-122.2417809,1
2013,2013-04-11,744,4,1,7,4,N,A,N,A,H,A,A,01,S,10,G,Y,,,,B,N,N,A,0,0,0,0,21950.0,2,37.5565525,-122.2606691,1
2013,2013-04-30,810,4,1,8,2,N,A,Y,A,H,A,A,07,S,08,F,,,,,A,Y,N,D,0,0,0,0,22107.0,1,37.6815862,-122.4715218,1
2013,2013-04-27,1906,4,1,19,6,N,A,Y,A,H,A,C,02,E,03,E,,,Y,,I,Y,N,D,0,0,0,0,22350.0,1,37.398997,-122.2559345,1
2013,2013-05-26,202,5,1,2,7,N,B,Y,A,H,D,A,01,S,01,E,,,,,I,Y,N,D,15,0,0,0,23152.0,2,37.589435,-122.3604931,1
2013,2013-03-11,600,3,1,6,1,N,B,Y,B,H,D,A,01,E,01,A,,,,,C,Y,N,D,1,0,0,0,23152.0,2,37.4785132,-122.4119678,1
2013,2013-06-09,330,6,2,3,7,N,A,Y,A,H,D,D,22,N,08,E,,,,,I,Y,N,D,0,0,0,0,22107.0,1,37.6422223,-122.4442747,1
2013,2013-05-04,2210,5,1,22,6,N,A,Y,A,H,C,-,- ,E,18,H,,,,,A,Y,N,D,4,0,0,0,,1,37.5759364,-122.2600326,1
2013,2013-07-02,1815,7,2,18,2,N,A,Y,A,H,A,C,02,N,03,E,,,Y,,I,Y,N,D,0,0,0,0,22350.0,1,37.3128117,-122.1778927,1
2013,2013-07-21,244,7,2,2,7,N,A,Y,A,H,D,N,60,N,11,G,Y,,,,B,Y,N,D,0,0,0,0,21954.0,2,37.440195,-122.2492531,1
2013,2013-08-26,1720,8,2,17,1,N,A,Y,A,H,A,A,01,S,08,E,,,,,I,Y,N,D,1,0,0,0,22107.0,1,37.5745917,-122.4001894,1
2013,2013-09-02,1338,9,3,13,1,N,A,Y,A,H,A,N,60,S,11,G,Y,,,,B,Y,N,D,0,0,0,0,21954.0,2,37.673635,-122.3900734,1
2013,2013-07-31,1035,7,2,10,3,N,A,Y,A,H,A,D,22,N,03,C,,,,,C,Y,N,D,2,0,0,0,22350.0,2,37.5158512,-122.3500164,1
2013,2013-08-07,1845,8,2,18,3,N,A,Y,A,H,A,A,01,S,08,D,,,,,C,Y,N,D,2,0,0,0,22107.0,2,37.3685999,-122.24881,1
2013,2013-09-24,1910,9,3,19,2,N,A,Y,A,H,D,D,22,W,01,F,,,,,A,Y,N,D,2,0,0,0,23152.0,1,37.3149586,-122.2908865,1
2013,2013-08-04,303,8,2,3,7,N,A,N,-,H,C,-,- ,N,18,A,,,,,I,N,N,D,1,0,0,0,,1,37.57026234,-122.28949517,3
2013,2013-09-18,1325,9,3,13,3,Y,A,Y,A,H,A,A,08,,09,H,,Y,,,G,N,N,D,0,0,0,0,21801.0,2,37.378704,-122.2626397,1
2013,2013-10-05,348,10,3,3,6,N,A,Y,A,H,D,A,01,N,01,A,,,,,C,Y,N,A,3,0,0,0,23152.0,3,37.6760264,-122.3888905,1
2013,2013-10-05,1911,10,3,19,6,N,A,N,A,H,C,A,08,S,10,G,Y,,,,B,N,F,D,0,0,0,0,21954.0,2,,,1
2013,2013-11-15,1810,11,3,18,5,N,A,Y,A,H,B,C,02,S,01,E,,,Y,,J,Y,N,D,0,0,0,0,23152.0,1,37.6682104,-122.4851098,1
2013,2013-11-16,2341,11,3,23,6,N,B,Y,A,H,D,A,01,N,08,E,,,,,I,Y,N,D,0,0,0,0,22107.0,1,37.6459632,-122.4496968,1
2013,2013-11-25,2054,11,3,20,1,N,A,Y,A,H,D,C,02,S,05,B,,,Y,,C,Y,N,D,1,0,0,0,21460.0,3,37.5599604,-122.5132243,1
2013,2013-09-27,1416,9,3,14,5,Y,A,Y,A,H,A,A,01,,03,D,,,,,C,Y,N,D,1,0,0,0,22350.0,3,37.4682723,-122.210744,1
2013,2013-09-27,2245,9,3,22,5,N,A,Y,A,H,D,-,- ,E,18,H,,,,,A,Y,N,D,0,0,0,0,,1,37.4099763,-122.2594576,1
2013,2013-11-23,316,11,3,3,6,N,A,Y,A,H,C,A,01,S,01,E,,,,,I,Y,N,D,3,0,0,0,23152.0,1,37.5720434,-122.5161855,1
2013,2013-12-18,1645,12,4,16,3,N,A,Y,A,H,B,A,01,S,01,E,,,,,I,Y,N,D,2,0,0,0,23152.0,1,37.6993048,-122.4717075,1