ACCIDENT_YEAR,COLLISION_DATE,COLLISION_TIME,MONTH,SEASON,24HOURS,DAY_OF_WEEK,INTERSECTION,WEATHER_1,STATE_HWY_IND,ROAD_SURFACE,ROAD_COND_1,LIGHTING,STWD_VEHTYPE_AT_FAULT,CHP_VEHTYPE_AT_FAULT,DIRECTION,PCF_VIOL_CATEGORY,TYPE_OF_COLLISION,PEDESTRIAN_ACCIDENT,BICYCLE_ACCIDENT,MOTORCYCLE_ACCIDENT,TRUCK_ACCIDENT,MVIW,TOW_AWAY,HIT_AND_RUN,CONTROL_DEVICE,NUMBER_INJURED,COUNT_PED_INJURED,COUNT_BICYCLIST_INJURED,COUNT_MC_INJURED,PCF_VIOLATION,PARTY_COUNT,POINT_Y,POINT_X,COLLISION_SEVERITY
2014,2014-07-27,1840,7,2,18,7,N,A,Y,A,H,A,J,48,N,08,D,,,,,C,Y,N,D,1,0,0,0,22107.0,2,37.4444019,-122.42836748,4
2014,2014-04-25,850,4,1,8,5,N,C,Y,B,H,A,D,22,E,03,C,,,,,C,Y,N,D,1,0,0,0,22350.0,2,37.48959304,-122.39159416,4
2014,2014-04-19,419,4,1,4,6,Y,A,Y,B,H,A,D,72,,12,D,,,,,C,Y,N,A,1,0,0,0,21453.0,2,37.47000347,-122.43375135,4
2014,2014-04-28,1026,4,1,10,1,N,A,N,A,H,A,A,01,W,08,C,,,,Y,E,Y,N,D,1,0,0,0,22107.0,3,37.50697747,-122.26392338,4
2014,2014-04-19,1221,4,1,12,6,N,A,Y,A,H,A,A,01,S,02,C,,,,,C,N,N,D,1,0,0,0,22400.0,2,37.61714355,-122.40823563,4
2014,2014-04-16,2007,4,1,20,3,N,A,N,A,H,C,D,22,S,01,E,,,,,I,Y,N,D,1,0,0,0,23152.0,1,37.62097335,-122.40629831,3
2014,2014-04-12,1816,4,1,18,6,N,A,N,A,H,A,A,01,S,04,C,,,,,C,N,N,A,2,0,0,0,21703.0,2,37.59888345,-122.48161043,4
2014,2014-04-30,1302,4,1,13,3,N,A,N,A,H,A,L,04,S,08,H,,Y,,,G,N,N,D,1,0,1,0,22107.0,2,37.65100548,-122.49075472,3
2014,2014-04-25,2500,4,1,25,5,N,E,Y,B,H,C,A,01,S,03,E,,,,,I,Y,N,A,1,0,0,0,22350.0,1,37.66068347,-122.47591934,4
2014,2014-04-02,815,4,1,8,3,N,B,N,B,H,A,-,,W,03,A,,,,,I,Y,N,D,1,0,0,0,22350.0,1,37.5426423,-122.34877539,3
2014,2014-04-11,1151,4,1,11,5,N,B,Y,A,H,A,-,- ,S,00,B,,,,,C,N,N,D,1,0,0,0,,2,37.45887581,-122.19366182,4
2014,2014-05-01,922,5,1,9,4,N,A,N,A,H,A,F,26,E,09,D,,,,Y,C,Y,N,D,1,0,0,0,21804.0,2,37.62811834,-122.4185983,4
2014,2014-05-23,1710,5,1,17,5,N,A,N,A,H,A,D,22,N,03,C,,,,,C,N,N,A,1,0,0,0,22350.0,2,37.49011486,-122.22687408,4
2014,2014-05-07,1755,5,1,17,3,N,A,Y,A,H,A,D,22,S,03,C,,,,,C,Y,N,D,1,0,0,0,22350.0,2,37.54124882,-122.28471482,4
2014,2014-04-20,922,4,1,9,7,N,A,Y,A,H,A,L,04,S,03,F,,Y,,,I,N,N,D,1,0,1,0,22350.0,1,37.42278657,-122.42608254,2
2014,2014-04-12,2130,4,1,21,6,N,B,Y,A,H,C,C,02,W,08,F,,,Y,,A,N,N,D,1,0,0,1,22107.0,1,37.38629494,-122.2651375,4
2014,2014-04-21,20,4,1,0,1,N,A,Y,A,H,C,A,01,N,08,E,,,,,I,Y,N,-,1,0,0,0,22107.0,1,37.50240022,-122.24289448,4
2014,2014-05-06,1430,5,1,14,2,N,A,Y,A,H,A,A,01,S,03,C,,,,,C,Y,N,D,1,0,0,0,22350.0,3,37.45605448,-122.13358358,4
2014,2014-05-06,830,5,1,8,2,N,A,N,A,H,A,A,01,W,09,D,,,,,C,Y,N,D,1,0,0,0,21801.0,2,37.40905,-122.19484,3
2014,2014-05-19,1440,5,1,14,1,N,A,Y,A,H,A,D,22,N,21,C,,,,,C,N,N,A,1,0,0,0,22106.0,2,37.48977837,-122.21559788,4
2014,2014-05-14,1800,5,1,18,3,N,A,Y,A,H,A,A,01,S,03,C,,,,,C,N,N,D,1,0,0,0,22350.0,2,37.46031382,-122.14086766,4
2014,2014-05-12,1440,5,1,14,1,N,A,Y,A,H,A,A,01,S,03,C,,,,,C,N,N,D,1,0,0,0,22350.0,2,37.48796197,-122.2091314,4
2014,2014-05-08,1735,5,1,17,4,N,A,N,A,H,A,A,01,S,08,H,,Y,,,G,N,N,D,1,0,1,0,21717.0,2,37.43115533,-122.20039522,4
2014,2014-05-09,740,5,1,7,5,N,A,Y,A,H,A,A,01,W,03,C,,,,,C,Y,N,D,2,0,0,0,22350.0,3,37.59747567,-122.22078279,4
2014,2014-05-07,1700,5,1,17,3,N,A,Y,A,H,A,A,01,N,03,C,,,,,C,N,N,D,1,0,0,0,22350.0,2,37.52666852,-122.27067869,3
2014,2014-05-05,430,5,1,4,1,N,A,Y,A,H,C,A,01,W,08,E,,,,,I,Y,N,D,1,0,0,0,22107.0,1,37.55737494,-122.28366117,3
2014,2014-05-08,1524,5,1,15,4,Y,A,N,A,H,A,A,07,,09,A,,,,,C,Y,N,A,2,0,0,0,21801.0,2,37.43405991,-122.2058399,4
2014,2014-05-08,1740,5,1,17,4,N,A,Y,A,H,A,A,01,N,08,E,,,,,I,Y,N,D,1,0,0,0,22107.0,1,37.41034213,-122.19917598,4
2014,2014-05-08,1410,5,1,14,4,N,A,Y,A,H,A,A,07,S,08,E,,,,,I,Y,N,D,1,0,0,0,22107.0,1,37.44391694,-122.25668631,3
2014,2014-05-08,916,5,1,9,4,Y,B,N,A,H,A,A,01,,03,C,,,,,C,Y,N,D,1,0,0,0,22350.0,2,37.43729,-122.20314987,4
2014,2014-05-01,50,5,1,0,4,N,A,Y,A,H,C,A,07,N,08,F,,,,,A,Y,N,D,1,0,0,0,22107.0,1,37.48672155,-122.19847774,3
2014,2014-05-10,1050,5,1,10,6,N,A,Y,A,H,A,L,04,S,08,E,,Y,,,I,N,N,D,1,0,1,0,22107.0,1,37.39339935,-122.29184659,3
2014,2014-05-11,1635,5,1,16,7,N,A,N,A,H,A,A,01,N,03,C,,,,,C,Y,N,D,1,0,0,0,22350.0,3,37.49671657,-122.23689351,2
2014,2014-05-11,1128,5,1,11,7,N,A,Y,A,A,A,C,02,W,03,H,,,Y,,A,Y,N,D,1,0,0,1,22350.0,1,37.4807006,-122.21934454,4
2014,2014-05-22,1320,5,1,13,4,N,A,Y,A,H,A,D,22,S,03,B,,,,,C,N,N,D,2,0,0,0,22350.0,2,37.70376894,-122.3938182,4
2014,2014-05-27,1459,5,1,14,2,N,A,Y,A,H,A,D,22,N,03,C,,,,,C,N,N,D,1,0,0,0,22350.0,2,37.62096402,-122.40013115,4
2014,2014-05-29,129,5,1,1,4,N,A,Y,A,H,D,A,01,N,01,C,,,,Y,C,Y,N,D,1,0,0,0,23152.0,2,37.61631351,-122.39856246,3
2014,2014-05-01,2303,5,1,23,4,Y,A,Y,A,H,C,A,01,,21,C,,,Y,,C,N,N,A,1,0,0,1,22106.0,2,37.65503944,-122.43423652,4
2014,2014-05-10,1343,5,1,13,6,N,A,Y,A,H,A,A,07,W,03,C,,,,,C,N,N,D,1,0,0,0,22350.0,3,37.63686537,-122.42137796,3
2014,2014-05-16,645,5,1,6,5,N,A,Y,A,D,A,A,01,S,03,C,,,,,C,N,N,A,2,0,0,0,22350.0,2,37.46905312,-122.15531116,4
2014,2014-05-17,1606,5,1,16,6,N,A,Y,A,H,A,A,01,S,03,C,,,,,C,Y,N,D,1,0,0,0,22350.0,3,37.46084823,-122.14176289,4
2014,2014-05-17,2018,5,1,20,6,N,A,N,A,H,C,A,07,N,08,B,,,,,C,N,N,D,1,0,0,0,22107.0,2,37.64982633,-122.40813908,4
2014,2014-06-03,950,6,2,9,2,N,A,Y,A,H,A,A,01,N,03,C,,,,,C,Y,N,D,1,0,0,0,22350.0,2,37.58143324,-122.32563436,4
2014,2014-06-09,1050,6,2,10,1,N,A,Y,A,H,A,-,- ,W,22,B,,,,Y,C,N,N,D,1,0,0,0,,2,37.62917093,-122.4270522,4
2014,2014-06-05,725,6,2,7,4,N,B,Y,A,H,A,D,22,S,03,C,,,,,C,Y,N,D,1,0,0,0,22350.0,5,37.63820791,-122.44088772,4
2014,2014-05-13,752,5,1,7,2,N,A,Y,A,H,A,A,01,S,08,E,,,,,I,Y,N,D,1,0,0,0,22107.0,1,37.5196914,-122.27508134,3
2014,2014-05-11,1254,5,1,12,7,N,A,N,A,H,A,C,02,E,03,F,,,Y,,A,N,N,D,1,0,0,1,22350.0,1,37.63998408,-122.43530502,4
2014,2014-03-11,1747,3,1,17,2,N,A,Y,A,H,A,A,01,S,03,C,,,,,C,Y,N,D,2,0,0,0,22350.0,2,37.67945132,-122.48996661,4
2014,2014-03-07,1508,3,1,15,5,Y,A,N,A,H,A,A,01,,09,A,,,Y,,C,N,N,A,1,0,0,1,21800.0,3,37.67561997,-122.47557992,4
2014,2014-04-10,2034,4,1,20,4,N,B,N,A,H,C,A,07,S,08,D,,,,,E,N,N,A,1,0,0,0,22107.0,3,37.65815491,-122.41922779,4
2014,2014-04-26,1356,4,1,13,6,N,A,Y,A,H,A,A,01,S,04,C,,,,,C,N,N,D,1,0,0,0,21703.0,2,37.65292786,-122.43228473,4
2014,2014-05-13,1650,5,1,16,2,N,A,Y,A,H,A,A,01,W,07,C,,,Y,,C,Y,F,D,1,0,0,1,21658.0,3,37.5468622,-122.32342125,4
2014,2014-05-12,1800,5,1,18,1,N,A,Y,A,H,A,A,01,N,03,C,,,,,C,N,N,D,1,0,0,0,22350.0,2,37.58993512,-122.36123699,4
2014,2014-05-11,719,5,1,7,7,N,A,Y,A,H,A,A,01,E,01,E,,,,,I,Y,N,D,1,0,0,0,23152.0,1,37.47834085,-122.41277453,4
2014,2014-05-21,643,5,1,6,3,N,A,N,A,H,A,D,22,W,07,B,,,,,C,Y,N,D,1,0,0,0,21658.0,2,37.63088924,-122.40680908,4
2014,2014-06-09,1605,6,2,16,1,N,A,Y,A,H,A,D,22,N,03,C,,,,,C,Y,N,D,2,0,0,0,22350.0,3,37.57990381,-122.32396845,4
2014,2014-05-23,1526,5,1,15,5,Y,A,Y,A,H,A,L,04,,05,H,,Y,,,G,N,N,A,1,0,1,0,21650.0,2,37.44845194,-122.17410014,3
2014,2014-05-30,1640,5,1,16,5,Y,A,N,A,H,A,D,22,,09,A,,,,,C,Y,N,A,1,0,0,0,21801.0,2,37.44203991,-122.19253991,4
2014,2014-05-22,1759,5,1,17,4,Y,A,Y,A,H,A,A,01,,- ,D,,,,,C,Y,N,A,1,0,0,0,,2,37.48207149,-122.15568125,4
2014,2014-06-08,1910,6,2,19,7,N,A,Y,A,H,A,A,01,W,03,C,,,,,C,Y,N,A,1,0,0,0,22350.0,2,37.50703103,-122.34135207,4
2014,2014-05-14,1750,5,1,17,3,N,A,N,A,H,A,A,01,E,03,C,,Y,,,J,N,N,D,1,0,1,0,22350.0,2,37.6959103,-122.43478089,3
2014,2014-05-25,1622,5,1,16,7,N,A,N,A,H,A,-,,E,01,E,,,,,I,Y,N,D,1,0,0,0,23152.0,1,37.33094,-122.38939,4
2014,2014-05-20,824,5,1,8,2,Y,A,Y,A,H,A,A,07,,03,C,,,,,C,Y,N,A,1,0,0,0,22350.0,2,37.45963677,-122.2262029,4
2014,2014-05-19,1912,5,1,19,1,N,A,N,A,H,A,A,07,N,03,C,,,,,C,Y,N,A,2,0,0,0,22350.0,2,37.48523616,-122.25855908,4
2014,2014-05-20,1759,5,1,17,2,Y,A,N,A,H,A,A,07,,09,D,,,,,C,Y,N,A,1,0,0,0,21802.0,2,37.4836099,-122.22479994,4
2014,2014-05-16,1730,5,1,17,5,Y,A,N,A,H,A,N,60,,11,B,Y,,,,B,N,N,D,1,1,0,0,21954.0,2,37.4834199,-122.22606989,3
2014,2014-05-08,737,5,1,7,4,N,A,N,A,H,A,I,11,N,08,D,,Y,,,G,N,N,D,1,0,1,0,22107.0,2,37.59112886,-122.35052624,2
2014,2014-05-21,2047,5,1,20,3,Y,A,N,A,H,C,D,22,,10,G,Y,,,,B,N,N,D,1,1,0,0,21950.0,2,37.57872998,-122.34918994,4
2014,2014-04-23,1555,4,1,15,3,N,A,Y,A,H,A,A,01,N,04,C,,,,,C,N,N,D,1,0,0,0,21703.0,2,37.52805008,-122.27195873,4
2014,2014-05-17,1505,5,1,15,6,N,A,Y,A,H,A,C,02,W,06,B,,,Y,,C,Y,N,D,1,0,0,1,21750.0,2,37.48007624,-122.40745222,4
2014,2014-06-01,843,6,2,8,7,N,A,N,A,H,A,A,01,N,05,A,,,,,C,Y,N,D,1,0,0,0,21460.0,2,37.61477663,-122.42066828,4
2014,2014-05-25,1220,5,1,12,7,N,A,Y,A,H,A,D,22,W,05,D,,,Y,,C,Y,N,D,1,0,0,1,21460.0,2,37.48842429,-122.370979,3
2014,2014-05-16,1340,5,1,13,5,N,A,Y,A,H,A,D,22,S,08,C,,,,,C,Y,N,D,1,0,0,0,22107.0,2,37.49933232,-122.46626955,4
2014,2014-05-26,1255,5,1,12,1,N,A,Y,A,H,A,A,01,S,08,E,,,,,I,Y,N,D,3,0,0,0,22107.0,2,37.38468515,-122.40491019,2
2014,2014-05-16,1500,5,1,15,5,N,A,Y,A,H,A,A,01,S,08,F,,,,,A,Y,N,D,1,0,0,0,22107.0,1,37.50486101,-122.33467964,3
2014,2014-05-13,1115,5,1,11,2,N,A,Y,A,H,A,C,02,N,04,B,,,Y,,C,Y,N,D,1,0,0,1,21703.0,2,37.55756609,-122.30021661,3
2014,2014-05-11,1545,5,1,15,7,N,A,Y,A,H,A,C,02,S,08,B,,,Y,,C,Y,N,D,1,0,0,1,22107.0,2,37.32300711,-122.40089607,2
2014,2014-05-10,1150,5,1,11,6,N,A,Y,A,H,A,A,01,N,03,C,,,,,C,Y,N,D,1,0,0,0,22350.0,3,37.4915105,-122.2195965,4
2014,2014-03-13,1515,3,1,15,4,Y,A,N,A,H,A,A,01,,08,B,,,,,E,N,N,D,1,0,0,0,22107.0,3,37.45119997,-122.18861991,3
2014,2014-04-29,1006,4,1,10,2,N,A,Y,A,H,A,A,01,S,03,C,,,,,C,N,N,D,1,0,0,0,22350.0,2,37.4557777,-122.18743547,4
2014,2014-05-16,1115,5,1,11,5,Y,A,N,A,H,A,A,01,,03,C,,,,,C,N,N,A,1,0,0,0,22350.0,2,37.48123989,-122.2194399,4
2014,2014-05-09,657,5,1,6,5,Y,B,N,A,H,A,A,01,,08,E,,,,,J,Y,N,D,1,0,0,0,22107.0,1,37.46402997,-122.25556,4
2014,2014-05-16,1934,5,1,19,5,Y,A,N,A,H,A,A,01,,04,C,,,,,C,N,N,D,1,0,0,0,21703.0,2,37.48142988,-122.22878988,4
2014,2014-05-07,1443,5,1,14,3,Y,A,N,A,H,A,A,08,,07,D,,,,,C,Y,N,D,2,0,0,0,21658.0,2,37.46432997,-122.22462988,3
2014,2014-05-08,1706,5,1,17,4,Y,A,N,A,H,A,-,- ,,18,E,,,,,I,Y,N,D,1,0,0,0,,1,37.49384988,-122.24467987,3
2014,2014-05-02,1854,5,1,18,5,N,A,N,A,H,A,L,04,N,- ,H,,Y,,,G,N,N,D,1,0,1,0,,1,37.4561262,-122.18298783,2
2014,2014-05-13,850,5,1,8,2,N,A,Y,A,H,A,A,01,N,03,C,,,,,C,N,N,D,1,0,0,0,22350.0,2,37.63677733,-122.40401152,4
2014,2014-05-16,1730,5,1,17,5,N,A,Y,A,H,A,A,01,N,03,C,,,,,A,N,N,D,1,0,0,0,22350.0,3,37.62803521,-122.43165676,4
2014,2014-05-08,1939,5,1,19,4,N,B,Y,B,H,B,A,01,S,01,E,,,,,I,Y,N,D,1,0,0,0,23152.0,1,37.59278553,-122.50561549,3
2014,2014-04-29,1817,4,1,18,2,Y,A,Y,A,H,A,A,01,,10,G,Y,,,,B,N,N,A,1,1,0,0,21950.0,2,37.45358559,-122.18303764,4
2014,2014-04-02,1549,4,1,15,3,N,A,Y,A,H,A,A,07,S,03,C,,,,,C,N,N,A,1,0,0,0,22350.0,3,37.4534992,-122.18286399,4
2014,2014-04-28,1225,4,1,12,1,Y,A,N,A,H,A,A,01,,03,C,,,,,C,Y,N,A,1,0,0,0,22350.0,2,37.45082996,-122.1852299,4
2014,2014-04-13,955,4,1,9,7,N,A,N,A,H,A,A,01,E,03,C,,,,,C,Y,N,D,1,0,0,0,22350.0,2,37.45560643,-122.16345829,4
2014,2014-04-24,820,4,1,8,4,Y,A,N,A,H,A,A,01,,03,C,,,,,C,Y,N,D,1,0,0,0,22350.0,3,37.43228996,-122.19710996,4
2014,2014-05-11,1436,5,1,14,7,Y,A,N,A,H,A,D,22,,03,C,,,,,C,N,N,A,1,0,0,0,22350.0,3,37.56131992,-122.26916991,4
2014,2014-05-25,315,5,1,3,7,N,A,N,A,H,C,A,01,W,01,C,,,,,E,Y,M,D,1,0,0,0,23152.0,4,37.64362419,-122.42779587,3
2014,2014-05-19,944,5,1,9,1,Y,A,N,A,H,A,A,07,,17,G,Y,,,,B,N,N,A,1,1,0,0,21451.0,2,37.46189999,-122.17852995,2
2014,2014-05-30,2156,5,1,21,5,N,A,N,A,H,C,A,01,S,03,E,,,,,I,Y,N,D,1,0,0,0,22350.0,1,37.44524535,-122.21799362,4
2014,2014-05-22,1505,5,1,15,4,N,A,Y,A,H,A,A,07,N,04,C,,,,,C,Y,N,D,2,0,0,0,21703.0,2,37.70666531,-122.47122631,4
2014,2014-05-23,955,5,1,9,5,N,A,Y,A,H,A,A,08,S,03,C,,,,,C,Y,N,D,2,0,0,0,22350.0,2,37.62872917,-122.40226842,3
2014,2014-05-25,1214,5,1,12,7,N,A,Y,A,H,A,A,07,N,03,C,,,,,C,Y,N,D,2,0,0,0,22350.0,2,37.51989917,-122.27533127,3
2014,2014-05-07,552,5,1,5,3,N,A,N,A,H,A,L,04,N,05,D,,Y,,,G,N,N,D,1,0,1,0,21650.0,2,37.4547206,-122.13054396,4
2014,2014-05-08,1416,5,1,14,4,Y,A,N,A,H,A,L,04,,12,H,,Y,,,G,Y,N,A,1,0,1,0,22450.0,2,37.4626099,-122.42937999,4
2014,2014-05-15,1510,5,1,15,4,Y,A,Y,A,H,A,D,72,,03,C,,,,,C,N,N,D,3,0,0,0,22350.0,2,37.60150594,-122.39085564,4
2014,2014-05-25,1830,5,1,18,7,N,A,N,A,H,A,A,01,E,21,C,,Y,,,G,N,F,D,1,0,1,0,22106.0,2,37.46424,-122.14792,4
2014,2014-05-25,1049,5,1,10,7,N,A,Y,A,H,A,A,01,W,08,E,,,,,I,Y,N,D,1,0,0,0,22107.0,1,37.48824754,-122.21378819,4
2014,2014-05-10,1235,5,1,12,6,Y,A,N,A,H,A,A,01,,12,H,,Y,,,G,N,N,D,1,0,1,0,22450.0,2,37.48305993,-122.22103986,4
2014,2014-05-14,1556,5,1,15,3,Y,A,N,A,H,A,A,01,,03,C,,,,,C,N,N,D,1,0,0,0,22350.0,2,37.45475996,-122.22889989,4
2014,2014-05-19,705,5,1,7,1,Y,A,N,A,H,A,A,01,,09,D,,,,,C,Y,N,A,1,0,0,0,21802.0,2,37.48961,-122.23269992,4
2014,2014-05-19,1816,5,1,18,1,Y,A,N,A,H,A,A,01,,03,C,,,,,C,N,N,A,1,0,0,0,22350.0,2,37.49064999,-122.22939993,4
2014,2014-05-22,2115,5,1,21,4,Y,A,N,A,H,C,A,01,,12,D,,,,,C,Y,N,A,1,0,0,0,21453.0,2,37.46273998,-122.22511,3
2014,2014-05-29,1625,5,1,16,4,N,A,N,A,H,A,A,01,E,09,B,,,,,C,Y,N,D,2,0,0,0,21804.0,2,37.48045209,-122.19936333,4
2014,2014-05-31,949,5,1,9,6,N,A,N,A,H,A,A,07,S,21,D,,,,,C,Y,N,A,1,0,0,0,22106.0,2,37.48527526,-122.246114,4
2014,2014-05-07,841,5,1,8,3,Y,B,Y,A,H,A,A,01,,09,D,,Y,,,C,Y,N,A,1,0,0,0,21801.0,3,37.57674724,-122.35137831,3
2014,2014-05-21,1633,5,1,16,3,Y,A,N,A,H,A,A,08,,09,D,,,,,C,Y,N,A,2,0,0,0,21801.0,3,37.57879992,-122.34345991,3
2014,2014-05-10,1653,5,1,16,6,N,A,N,A,H,A,N,60,W,11,G,Y,,,,B,N,N,D,1,1,0,0,21954.0,2,37.57974212,-122.34541001,3
2014,2014-05-28,1752,5,1,17,3,N,A,Y,A,H,A,A,07,N,03,C,,,,,C,,N,D,2,0,0,0,22350.0,3,37.64568438,-122.44956403,4
2014,2014-05-23,1400,5,1,14,5,N,A,N,A,H,A,A,01,N,05,E,,,,,I,Y,N,D,1,0,0,0,21460.0,1,37.59188987,-122.37386552,3
2014,2014-04-23,1646,4,1,16,3,N,A,N,A,H,A,L,04,W,- ,D,,Y,,,G,N,N,A,1,0,1,0,,2,,,4
2014,2014-04-03,2500,4,1,25,4,Y,A,N,A,H,A,A,01,,10,D,,Y,,,G,Y,F,A,1,0,1,0,21950.0,2,37.45796994,-122.14173999,3
2014,2014-04-26,1858,4,1,18,6,Y,A,N,A,H,B,A,01,,09,D,,,Y,,C,Y,N,D,1,0,0,1,21800.0,2,37.63592998,-122.46098989,2
2014,2014-04-17,1317,4,1,13,4,N,B,Y,A,H,A,A,08,S,12,H,,Y,,,G,N,N,A,1,0,1,0,21453.0,2,37.59938251,-122.50009486,3
2014,2014-04-25,1543,4,1,15,5,N,B,N,B,H,A,A,01,S,03,C,,,,,C,Y,N,D,1,0,0,0,22350.0,2,37.5004359,-122.28273346,4
2014,2014-04-11,2149,4,1,21,5,N,A,N,A,H,C,A,07,S,08,C,,,,,C,Y,N,D,1,0,0,0,22107.0,3,37.61774,-122.43718279,4
2014,2014-05-22,1355,5,1,13,4,N,A,Y,A,H,A,A,08,N,03,C,,,,,C,Y,N,D,2,0,0,0,22350.0,4,37.55498502,-122.29783285,4
2014,2014-05-20,1300,5,1,13,2,N,A,Y,A,H,A,C,02,W,17,F,,,Y,,A,N,N,D,1,0,0,1,21662.0,1,37.37208201,-122.26391606,4
2014,2014-05-19,1830,5,1,18,1,Y,A,N,A,H,A,A,01,,12,D,,,,,C,Y,N,A,1,0,0,0,22450.0,2,37.48152996,-122.2042699,4
2014,2014-05-16,1730,5,1,17,5,N,A,Y,A,H,A,-,99,N,03,C,,,,,C,N,F,D,1,0,0,0,22350.0,2,37.59185658,-122.36419264,4
2014,2014-05-29,2100,5,1,21,4,N,A,Y,A,H,C,A,01,E,03,C,,,,,C,N,N,D,1,0,0,0,22350.0,2,37.55394794,-122.29248317,4
2014,2014-05-23,1630,5,1,16,5,N,A,Y,A,H,A,A,01,N,03,C,,,,,C,N,N,D,2,0,0,0,22350.0,2,37.52699669,-122.27076764,4
2014,2014-05-23,1640,5,1,16,5,N,A,Y,A,H,A,A,07,S,03,C,,,,,C,N,N,D,1,0,0,0,22350.0,2,37.47813806,-122.17130189,4
2014,2014-05-22,2145,5,1,21,4,Y,A,N,A,H,C,-,99,,03,C,,,,,C,N,M,A,1,0,0,0,22350.0,2,37.47209993,-122.20450994,4
2014,2014-05-26,2210,5,1,22,1,N,A,Y,A,H,D,A,01,N,03,C,,,,,C,Y,N,D,1,0,0,0,22350.0,2,37.48367959,-122.18127262,3
2014,2014-05-22,1410,5,1,14,4,N,A,Y,A,H,A,-,99,N,03,C,,,,,C,Y,F,D,1,0,0,0,22350.0,2,37.58176238,-122.32598971,4
2014,2014-05-24,1710,5,1,17,6,N,A,Y,A,H,A,A,01,N,08,E,,,,,I,Y,N,D,1,0,0,0,22107.0,1,37.55661259,-122.29936862,4
2014,2014-05-18,1414,5,1,14,7,N,A,Y,A,H,A,C,02,S,03,E,,,Y,,I,Y,N,D,1,0,0,1,22350.0,1,37.55345362,-122.29581127,2
2014,2014-05-22,1810,5,1,18,4,N,A,Y,A,H,A,-,- ,W,18,H,,,Y,,H,Y,N,D,1,0,0,1,,1,37.34888283,-122.26665658,2
2014,2014-05-23,1545,5,1,15,5,N,A,N,A,H,A,L,04,W,08,D,,Y,,,G,N,N,D,2,0,2,0,22107.0,2,37.40678366,-122.24542852,2
2014,2014-05-22,1635,5,1,16,4,N,A,Y,A,H,A,A,01,S,07,B,,,Y,,C,Y,N,D,2,0,0,1,21658.0,2,37.52625066,-122.26992058,4
2014,2014-05-20,1300,5,1,13,2,N,A,Y,A,H,A,A,07,S,08,E,,,,,I,Y,N,D,1,0,0,0,22107.0,1,37.46723064,-122.15217873,4
2014,2014-05-20,810,5,1,8,2,N,A,Y,A,H,A,A,07,W,03,C,,,,,C,N,N,D,1,0,0,0,22350.0,3,37.54357657,-122.32835871,4
2014,2014-05-20,1820,5,1,18,2,N,A,Y,A,H,A,A,01,S,03,C,,,,,C,N,N,D,1,0,0,0,22350.0,2,37.54624418,-122.37085424,4
2014,2014-05-28,1705,5,1,17,3,N,A,Y,A,H,A,A,07,N,03,C,,,,,C,N,N,D,1,0,0,0,22350.0,2,37.55983713,-122.30222908,4
2014,2014-05-27,1740,5,1,17,2,N,A,Y,A,H,A,A,07,,03,C,,,,,C,Y,N,D,1,0,0,0,22350.0,2,37.56149192,-122.30395729,4
2014,2014-05-31,1610,5,1,16,6,Y,A,Y,A,H,A,A,01,,08,F,,,,,C,Y,N,D,2,0,0,0,22107.0,1,37.58428513,-122.32871599,4
2014,2014-05-31,1350,5,1,13,6,N,A,Y,A,H,A,A,01,S,08,F,,,,,I,Y,N,D,1,0,0,0,22107.0,1,37.5399064,-122.28346123,4
2014,2014-06-03,1930,6,2,19,2,N,A,Y,A,H,A,A,01,N,03,C,,,,,C,N,N,D,1,0,0,0,22350.0,2,37.46917164,-122.15588772,4
2014,2014-06-01,1200,6,2,12,7,N,A,N,A,H,A,A,01,E,08,E,,,,,I,Y,N,D,2,0,0,0,22107.0,1,37.2889883,-122.28012174,3
2014,2014-06-03,955,6,2,9,2,N,A,Y,A,H,A,A,01,S,03,C,,,,,C,Y,N,D,1,0,0,0,22350.0,3,37.55146212,-122.29451698,4
2014,2014-06-03,1700,6,2,17,2,N,A,Y,A,H,A,A,01,S,03,C,,,,,C,Y,N,D,1,0,0,0,22350.0,2,37.46727813,-122.15263695,4
2014,2014-05-03,738,5,1,7,6,N,A,N,A,H,A,A,07,W,08,F,,,,,I,Y,N,D,1,0,0,0,22107.0,1,37.63754708,-122.42031292,4
2014,2014-06-02,1926,6,2,19,1,Y,A,N,A,H,A,A,01,,12,D,,,,,C,Y,N,A,2,0,0,0,21453.0,2,37.49030995,-122.23174991,4
2014,2014-06-11,104,6,2,1,3,N,A,N,A,H,C,A,01,W,08,C,,,,,E,N,N,A,1,0,0,0,22107.0,2,37.48479257,-122.23326802,3
2014,2014-05-15,1645,5,1,16,4,Y,A,Y,A,H,A,A,01,,12,D,,,,,C,Y,N,A,1,0,0,0,21453.0,3,37.6667165,-122.46590248,3
2014,2014-03-25,750,3,1,7,2,N,B,N,A,H,A,A,01,S,03,C,,,,,C,N,N,A,1,0,0,0,22350.0,2,37.69157715,-122.46147789,4
2014,2014-03-13,1944,3,1,19,4,N,A,N,A,H,C,D,82,N,10,G,Y,,,,B,N,N,A,1,1,0,0,21950.0,2,37.70081173,-122.481557,4
2014,2014-05-18,137,5,1,1,7,N,A,N,A,H,C,C,02,W,01,A,,,Y,,E,Y,N,D,1,0,0,1,23152.0,2,37.59360365,-122.48894365,2
2014,2014-05-24,255,5,1,2,6,N,A,Y,A,H,C,I,11,N,03,E,,,,,I,Y,N,D,1,0,0,0,22350.0,1,37.60254388,-122.38053173,2
2014,2014-05-06,1918,5,1,19,2,Y,A,N,A,H,A,A,07,,17,D,,,,,C,N,N,A,2,0,0,0,21451.0,2,37.70639,-122.41321997,4