ACCIDENT_YEAR,COLLISION_DATE,COLLISION_TIME,MONTH,SEASON,24HOURS,DAY_OF_WEEK,INTERSECTION,WEATHER_1,STATE_HWY_IND,ROAD_SURFACE,ROAD_COND_1,LIGHTING,STWD_VEHTYPE_AT_FAULT,CHP_VEHTYPE_AT_FAULT,DIRECTION,PCF_VIOL_CATEGORY,TYPE_OF_COLLISION,PEDESTRIAN_ACCIDENT,BICYCLE_ACCIDENT,MOTORCYCLE_ACCIDENT,TRUCK_ACCIDENT,MVIW,TOW_AWAY,HIT_AND_RUN,CONTROL_DEVICE,NUMBER_INJURED,COUNT_PED_INJURED,COUNT_BICYCLIST_INJURED,COUNT_MC_INJURED,PCF_VIOLATION,PARTY_COUNT,POINT_Y,POINT_X,COLLISION_SEVERITY
2014,2014-12-04,800,12,4,8,4,Y,A,N,A,H,A,A,01,,09,D,,,,,C,Y,N,A,1,0,0,0,21802.0,2,37.47101997,-122.20285989,4
2014,2014-12-12,1307,12,4,13,5,Y,B,N,B,H,A,A,01,,09,A,,,,,C,Y,N,D,1,0,0,0,21801.0,2,37.48609998,-122.1963099,4
2014,2014-12-02,1150,12,4,11,2,Y,C,N,B,H,A,A,01,,10,G,Y,,,,B,N,N,A,1,1,0,0,21950.0,2,37.48933989,-122.22184995,3
2014,2014-12-13,1955,12,4,19,6,Y,A,Y,A,H,C,A,01,,12,D,,,,,C,Y,N,A,1,0,0,0,21453.0,2,37.62667527,-122.43040633,4
2014,2014-11-30,832,11,3,8,7,N,C,N,B,H,A,A,01,E,08,D,,,,,C,N,N,D,1,0,0,0,22107.0,2,37.66120697,-122.43847161,4
2014,2014-12-15,1441,12,4,14,1,N,C,Y,B,H,A,A,01,W,03,E,,,,Y,I,Y,N,D,1,0,0,0,22350.0,2,37.63180029,-122.42131807,4
2014,2014-12-18,1145,12,4,11,4,N,B,Y,A,H,A,D,22,S,08,E,,,,,I,Y,N,D,1,0,0,0,22107.0,2,37.62822916,-122.43190423,3
2014,2014-12-14,1800,12,4,18,7,Y,B,N,A,H,C,D,22,,12,D,,,,,C,N,N,A,1,0,0,0,22450.0,2,37.48224994,-122.20768985,4
2014,2014-12-18,1440,12,4,14,4,N,C,Y,B,H,A,D,22,S,03,C,,,,,C,N,N,D,1,0,0,0,22350.0,2,37.5262,-122.27016,4
2014,2014-12-20,630,12,4,6,6,N,B,Y,B,-,D,-,- ,S,18,E,,,,,I,Y,N,D,1,0,0,0,,1,37.49515307,-122.2286733,4
2014,2014-12-06,836,12,4,8,6,Y,B,Y,B,H,A,A,01,,08,D,,,,,C,N,N,A,1,0,0,0,22107.0,2,37.57867138,-122.35633663,4
2014,2014-12-13,1742,12,4,17,6,Y,A,Y,A,H,C,A,01,,08,E,,,,,I,Y,N,D,1,0,0,0,22107.0,1,37.57967552,-122.35815415,3
2014,2014-12-15,700,12,4,7,1,Y,C,N,B,H,C,A,07,,03,C,,,,,C,N,N,A,1,0,0,0,22350.0,2,37.58896991,-122.36232986,4
2014,2014-12-13,1510,12,4,15,6,N,A,Y,A,H,A,A,07,E,09,A,,,,,C,Y,N,A,1,0,0,0,21802.0,2,37.49616123,-122.36797952,4
2014,2014-12-18,1000,12,4,10,4,N,A,Y,A,H,A,A,01,S,03,E,,,,,I,Y,N,D,2,0,0,0,22350.0,1,37.5888236,-122.35942083,3
2014,2014-12-19,728,12,4,7,5,N,B,Y,A,H,A,A,07,W,07,E,,,,,I,Y,N,D,1,0,0,0,21658.0,2,37.60393301,-122.19916203,3
2014,2014-11-20,1729,11,3,17,4,N,B,N,A,H,C,A,07,W,05,G,Y,,,,B,N,N,D,1,1,0,0,21650.0,2,37.58045214,-122.34520272,4
2015,2015-01-12,1810,1,4,18,1,N,A,Y,A,H,D,D,22,E,03,C,,,,,C,N,N,D,2,0,0,0,22350.0,3,37.54711719,-122.32259872,4
2014,2014-12-29,1645,12,4,16,1,Y,B,N,-,H,B,-,- ,,18,D,Y,,,,B,N,M,A,1,1,0,0,,2,37.62657989,-122.40978998,3
2014,2014-12-10,2000,12,4,20,3,N,B,N,A,H,D,A,07,S,13,E,,,,,I,N,N,D,1,0,0,0,22515.0,1,37.34895244,-122.19959399,3
2014,2014-12-05,1330,12,4,13,5,Y,A,Y,A,H,-,A,07,,09,D,,,,,C,Y,N,A,1,0,0,0,21802.0,2,37.49598873,-122.45763226,4
2014,2014-12-03,1000,12,4,10,3,N,C,Y,B,H,A,-,- ,S,00,C,,,,,C,Y,N,D,2,0,0,0,,2,37.5129061,-122.25509028,4
2014,2014-12-19,1830,12,4,18,5,N,C,Y,B,F,D,A,01,N,03,E,,,,,I,Y,N,D,1,0,0,0,22350.0,1,37.11009666,-122.29528507,4
2014,2014-12-20,1515,12,4,15,6,N,B,N,B,H,A,L,04,W,08,F,,Y,,,I,N,N,A,1,0,1,0,22107.0,1,37.53747542,-122.34984811,2
2014,2014-12-18,530,12,4,5,4,N,B,N,B,H,D,A,01,W,03,A,,,,,E,Y,N,A,1,0,0,0,22350.0,2,37.57884282,-122.3820417,3
2014,2014-12-18,1830,12,4,18,4,N,B,Y,B,H,C,A,07,N,03,C,,,,,C,N,N,D,1,0,0,0,22350.0,2,37.49677166,-122.23433753,4
2014,2014-12-12,852,12,4,8,5,N,C,Y,B,H,A,A,08,S,03,C,,,,,C,Y,N,D,2,0,0,0,22350.0,3,37.54428268,-122.28787637,4
2015,2015-01-06,825,1,4,8,2,Y,A,N,A,H,A,J,48,,22,D,,,,,C,Y,N,A,2,0,0,0,,2,37.4800999,-122.21704995,4
2014,2014-12-23,1800,12,4,18,2,N,A,Y,A,H,C,A,07,S,03,C,,,,,C,Y,N,D,1,0,0,0,22350.0,2,37.61796674,-122.39910423,4
2014,2014-12-22,1735,12,4,17,1,Y,A,Y,A,H,C,A,01,,09,D,,,,,C,Y,N,A,1,0,0,0,21802.0,2,37.62730705,-122.41563696,3
2014,2014-12-20,2149,12,4,21,6,Y,C,Y,B,H,C,-,- ,,12,D,,,,,C,Y,N,A,2,0,0,0,21453.0,2,37.63686537,-122.42137796,4
2014,2014-12-23,1730,12,4,17,2,Y,A,N,A,H,C,A,01,,10,G,Y,,,,B,N,N,D,1,1,0,0,21950.0,2,37.62997995,-122.41357999,4
2014,2014-12-10,1046,12,4,10,3,N,A,N,A,H,A,A,01,N,01,E,,,,,J,Y,N,A,2,0,0,0,23152.0,1,37.62781794,-122.42552876,3
2014,2014-12-22,1415,12,4,14,1,N,A,Y,A,H,A,F,27,E,03,C,,,,Y,C,Y,N,D,3,0,0,0,22350.0,3,37.54124882,-122.28471482,4
2014,2014-12-22,1445,12,4,14,1,N,A,Y,A,H,A,A,01,S,03,C,,,,Y,C,Y,N,D,1,0,0,0,22350.0,2,37.56754136,-122.31055238,3
2014,2014-12-17,1610,12,4,16,3,N,C,Y,B,H,A,D,22,S,03,C,,,,,C,Y,N,D,1,0,0,0,22350.0,4,37.4681435,-122.1538043,4
2014,2014-12-16,1715,12,4,17,2,N,C,Y,B,H,D,A,01,N,03,C,,,,,C,N,N,D,1,0,0,0,22350.0,2,37.46140567,-122.19871383,4
2014,2014-12-30,1843,12,4,18,2,Y,A,Y,A,H,D,-,- ,,09,D,,,,,C,Y,N,D,1,0,0,0,21802.0,2,37.46081065,-122.19751252,3
2014,2014-12-04,1739,12,4,17,4,Y,A,N,B,H,C,L,04,,09,H,,Y,,,G,N,N,D,1,0,1,0,21804.0,2,37.46666996,-122.18797992,4
2014,2014-12-16,1530,12,4,15,2,N,B,Y,B,H,A,A,01,S,03,E,,,,,I,Y,N,D,1,0,0,0,22350.0,1,37.5956335,-122.41873192,4
2014,2014-12-15,1730,12,4,17,1,N,B,Y,B,H,D,A,01,W,03,C,,,,,C,Y,N,D,2,0,0,0,22350.0,3,37.55534548,-122.28791042,4
2014,2014-12-15,1235,12,4,12,1,N,B,Y,B,H,A,A,01,N,03,B,,,,,C,Y,N,D,1,0,0,0,22350.0,2,,,4
2014,2014-12-15,1205,12,4,12,1,N,B,Y,B,H,A,A,01,N,03,E,,,,,I,Y,N,D,1,0,0,0,22350.0,1,37.51060928,-122.34478345,3
2014,2014-12-13,20,12,4,0,6,N,C,Y,B,H,C,A,07,N,08,E,,,,,I,Y,N,D,1,0,0,0,22107.0,1,37.60427606,-122.3827443,3
2014,2014-12-23,1220,12,4,12,2,N,A,Y,A,H,A,A,01,N,03,C,,,,,C,N,N,-,1,0,0,0,22350.0,2,37.51506413,-122.25729388,4
2014,2014-12-23,2135,12,4,21,2,N,A,Y,A,H,C,A,01,S,07,B,,,,,C,Y,N,D,2,0,0,0,21658.0,2,37.54793087,-122.2908337,4
2014,2014-12-23,1800,12,4,18,2,N,A,Y,A,H,C,A,01,S,03,C,,,,,C,Y,N,D,1,0,0,0,22350.0,2,37.48767933,-122.20626157,4
2014,2014-12-22,1815,12,4,18,1,N,B,Y,A,H,C,A,01,N,03,C,,,,,C,Y,N,D,1,0,0,0,22350.0,2,37.49145168,-122.21902177,4
2014,2014-12-22,850,12,4,8,1,N,A,Y,A,H,A,A,01,S,03,C,,,,,C,N,N,D,1,0,0,0,22350.0,2,37.47969773,-122.17346369,4
2014,2014-12-20,2325,12,4,23,6,N,B,Y,B,H,C,A,01,S,01,E,,,,,I,Y,N,D,1,0,0,0,23152.0,1,37.52697242,-122.35917412,3
2014,2014-12-29,205,12,4,2,1,N,A,Y,B,H,D,A,01,E,03,E,,,,,I,Y,N,D,1,0,0,0,22350.0,1,37.51217885,-122.34809789,4
2014,2014-12-17,910,12,4,9,3,N,B,Y,A,H,A,A,07,N,03,C,,,,,C,N,N,D,2,0,0,0,22350.0,2,37.59115168,-122.36309756,4
2014,2014-12-16,1715,12,4,17,2,N,C,Y,B,H,C,A,01,N,01,C,,,,,C,Y,N,D,1,0,0,0,23152.0,2,37.53176322,-122.2762385,3
2014,2014-12-10,500,12,4,5,3,N,B,Y,A,H,C,-,- ,N,12,B,,,,Y,C,Y,N,A,1,0,0,0,21453.0,2,37.48710626,-122.14204277,3
2015,2015-01-07,1830,1,4,18,3,N,A,Y,A,H,D,A,01,N,03,C,,,,,C,Y,N,D,1,0,0,0,22350.0,2,37.50907009,-122.34232055,4
2014,2014-12-05,1834,12,4,18,5,N,C,N,B,-,C,A,07,W,03,-,,,,,C,N,N,-,1,0,0,0,22350.0,2,37.66600365,-122.45373266,4
2014,2014-11-24,2029,11,3,20,1,Y,A,N,A,H,C,A,01,,03,C,,,,,D,Y,F,D,1,0,0,0,22350.0,2,37.6532199,-122.4108099,4
2014,2014-12-13,1304,12,4,13,6,N,B,Y,A,H,A,D,22,,03,C,,,,,C,Y,N,D,2,0,0,0,22350.0,2,37.50090862,-122.12593333,4
2014,2014-12-15,1408,12,4,14,1,N,A,N,B,H,A,A,07,W,03,E,,,,,I,Y,N,D,1,0,0,0,22350.0,1,37.51108522,-122.28572268,4
2014,2014-09-13,303,9,3,3,6,N,A,N,A,H,C,A,01,N,01,D,,,,,C,Y,N,A,1,0,0,0,23152.0,2,37.45801152,-122.1416629,3
2014,2014-09-18,655,9,3,6,4,N,C,Y,B,H,A,A,01,N,03,C,,,,,C,Y,N,D,1,0,0,0,22350.0,2,37.63193943,-122.42174647,4
2014,2014-09-09,2350,9,3,23,2,N,A,Y,A,H,C,A,07,N,01,C,,,,,C,Y,F,A,1,0,0,0,23152.0,2,37.59068195,-122.36238576,3
2014,2014-11-10,1530,11,3,15,1,Y,A,N,A,H,A,-,99,,10,G,Y,,,,B,N,F,D,1,1,0,0,21950.0,2,37.663479,-122.408559,4
2014,2014-12-10,1531,12,4,15,3,N,A,Y,A,H,A,A,01,S,08,D,,,,,C,Y,N,D,1,0,0,0,22107.0,2,37.62923003,-122.4023328,4
2014,2014-12-12,20,12,4,0,5,N,C,Y,B,H,D,D,22,E,08,F,,,,,I,N,N,D,2,0,0,0,22107.0,1,37.63474679,-122.40532862,4
2014,2014-12-08,2122,12,4,21,1,Y,A,Y,A,H,C,D,82,,09,A,,,,,C,Y,N,A,1,0,0,0,21801.0,2,37.63469217,-122.4201123,4
2014,2014-12-13,125,12,4,1,6,N,A,Y,A,H,C,A,01,N,01,E,,,,,I,Y,N,D,1,0,0,0,23152.0,1,37.627986,-122.40216311,2
2014,2014-12-12,205,12,4,2,5,N,C,Y,B,A,C,A,07,N,03,E,,,,,J,Y,N,D,1,0,0,0,22350.0,1,37.67071128,-122.39211726,4
2014,2014-12-18,1003,12,4,10,4,N,A,Y,A,H,A,A,01,S,03,C,,,,,C,N,N,D,1,0,0,0,22350.0,2,37.70323812,-122.39398702,4
2014,2014-12-16,345,12,4,3,2,N,B,Y,B,H,D,A,01,N,07,C,,,,,C,N,N,D,1,0,0,0,21658.0,2,37.68874765,-122.47077883,4
2014,2014-12-14,1938,12,4,19,7,Y,B,N,B,H,C,A,01,,03,G,Y,,,,B,N,N,A,1,1,0,0,22350.0,2,37.47176997,-122.13706997,3
2014,2014-12-03,1714,12,4,17,3,Y,B,N,B,H,C,A,01,,10,B,Y,,,,B,N,N,D,1,1,0,0,21950.0,2,37.65096996,-122.42891997,4
2014,2014-12-05,1045,12,4,10,5,N,A,N,A,H,A,A,01,N,09,D,,,,,C,Y,N,D,1,0,0,0,21804.0,2,37.66054106,-122.40341973,3
2014,2014-12-01,740,12,4,7,1,N,B,N,B,H,A,A,01,S,08,E,,,,,I,N,N,D,1,0,0,0,22107.0,1,37.64837216,-122.45032557,4
2014,2014-12-11,1704,12,4,17,4,Y,C,N,B,H,C,A,01,,12,D,,,,,C,Y,N,A,1,0,0,0,21453.0,3,37.51146991,-122.31910997,4
2014,2014-12-19,2122,12,4,21,5,N,B,N,B,H,C,A,01,E,08,B,,,,,C,N,N,D,1,0,0,0,22107.0,2,37.51229939,-122.30392642,4
2014,2014-12-20,1020,12,4,10,6,N,B,Y,B,H,A,L,04,N,08,F,,Y,,,A,Y,N,D,1,0,1,0,22107.0,1,37.60520713,-122.42814297,3
2014,2014-12-19,400,12,4,4,5,N,B,Y,B,H,D,A,01,N,03,E,,,,,I,Y,M,D,1,0,0,0,22350.0,2,37.65167816,-122.40698577,4
2014,2014-12-26,1730,12,4,17,5,N,A,Y,A,H,C,A,01,S,03,C,,,,,C,Y,N,A,5,0,0,0,22350.0,3,37.54311825,-122.28680302,4
2015,2015-01-07,1950,1,4,19,3,N,A,Y,A,H,D,J,48,N,22,E,,,,,I,Y,N,D,2,0,0,0,,1,37.5127652,-122.25466298,4
2014,2014-12-06,219,12,4,2,6,N,B,Y,B,H,C,A,07,N,01,B,,,,,C,Y,N,D,1,0,0,0,23152.0,2,37.69686406,-122.47127559,4
2014,2014-12-20,1303,12,4,13,6,N,B,Y,A,H,A,A,07,N,03,C,,,,,C,Y,N,D,1,0,0,0,22350.0,2,37.63961337,-122.44216442,4
2014,2014-12-21,559,12,4,5,7,N,A,N,B,H,C,A,01,N,01,E,,,,,I,Y,N,D,1,0,0,0,23152.0,1,37.52494456,-122.27352068,4
2014,2014-12-02,1318,12,4,13,2,Y,B,Y,B,H,A,A,08,,03,D,,,,,C,Y,N,A,1,0,0,0,22350.0,2,37.52628998,-122.27026986,4
2015,2015-04-14,1842,4,1,18,2,Y,A,N,A,H,A,A,01,,01,E,,,,,I,Y,N,D,1,0,0,0,23152.0,1,37.42463475,-122.24707961,3
2015,2015-04-03,219,4,1,2,5,Y,A,N,A,H,C,L,04,,12,H,,Y,,,G,N,N,A,1,0,1,0,21453.0,2,37.60046995,-122.38404991,4
2015,2015-04-04,1507,4,1,15,6,N,A,Y,A,H,A,A,01,S,03,C,,,,,C,Y,N,D,1,0,0,0,22350.0,2,37.45526232,-122.43244288,4
2014,2014-12-03,1723,12,4,17,3,N,A,N,A,H,C,A,01,N,- ,B,,,,,C,N,M,D,1,0,0,0,,2,37.66976537,-122.46894479,3
2014,2014-11-20,1200,11,3,12,4,N,C,Y,B,H,A,A,01,S,03,E,,,,,I,Y,N,D,1,0,0,0,22350.0,1,37.67061512,-122.47822994,3
2014,2014-11-20,1125,11,3,11,4,N,C,Y,B,H,A,A,01,S,08,E,,,,,I,Y,N,D,1,0,0,0,22107.0,1,37.66933453,-122.46587424,3
2014,2014-11-23,2105,11,3,21,7,N,A,Y,A,H,C,-,- ,N,00,C,,,,,C,Y,M,D,1,0,0,0,,2,37.52517201,-122.35787092,4
2014,2014-11-14,1908,11,3,19,5,N,A,N,A,H,C,A,01,E,07,E,,,,,I,Y,N,D,1,0,0,0,21658.0,1,37.6252096,-122.44494797,4
2014,2014-12-23,237,12,4,2,2,N,A,N,A,H,D,A,01,S,01,E,,,,,I,Y,N,D,2,0,0,0,23153.0,1,37.46140293,-122.17755428,2
2014,2014-12-17,1145,12,4,11,3,N,B,N,B,H,A,D,22,E,03,C,,,,,C,N,F,A,1,0,0,0,22350.0,2,37.65461928,-122.40218995,4
2014,2014-12-13,1751,12,4,17,6,Y,A,Y,A,H,C,D,22,,09,D,,,Y,,C,Y,F,A,1,0,0,1,21453.0,2,37.65000991,-122.40685988,2
2014,2014-12-31,45,12,4,0,3,Y,A,Y,A,H,C,A,01,,03,C,,,,,C,N,N,A,1,0,0,0,22350.0,2,37.66196549,-122.44346756,4
2014,2014-12-23,1710,12,4,17,2,N,A,N,A,H,C,A,08,S,21,C,,,,,C,N,N,A,1,0,0,0,22106.0,2,37.64031854,-122.40191372,4
2014,2014-12-19,451,12,4,4,5,Y,A,N,A,H,C,A,01,,08,A,,,,,J,Y,F,A,1,0,0,0,22107.0,1,37.65548991,-122.41634995,4
2014,2014-12-30,1459,12,4,14,2,Y,A,N,A,H,A,A,01,,- ,C,,,,,C,N,N,D,1,0,0,0,,2,37.64260991,-122.41121992,4
2014,2014-12-18,1241,12,4,12,4,Y,B,N,A,H,A,A,01,,17,D,,,,,C,N,N,A,1,0,0,0,21451.0,2,37.57640991,-122.35004,3
2014,2014-12-13,939,12,4,9,6,N,A,N,A,H,A,A,01,W,03,C,,,,,C,N,N,A,1,0,0,0,22350.0,2,37.49443851,-122.23467237,4
2014,2014-12-13,1230,12,4,12,6,Y,A,N,A,H,A,L,04,,05,H,,Y,,,G,N,N,A,1,0,1,0,21650.0,2,37.46273998,-122.22511,3
2014,2014-12-12,659,12,4,6,5,N,B,N,B,H,B,A,01,N,10,G,Y,,,,B,N,N,A,1,1,0,0,21950.0,2,37.48936937,-122.22210593,4
2014,2014-12-07,1214,12,4,12,7,N,B,N,A,H,A,A,01,W,03,C,,,,,C,N,N,A,1,0,0,0,22350.0,2,37.53081366,-122.25765979,4
2014,2014-12-04,1730,12,4,17,4,N,A,Y,A,H,A,A,01,N,03,C,,,,,C,N,M,D,1,0,0,0,22350.0,2,37.48000825,-122.22674317,4
2014,2014-12-04,1602,12,4,16,4,N,B,N,A,H,A,A,01,S,08,B,,,,,E,N,N,D,1,0,0,0,22107.0,2,37.48765,-122.22119,4
2014,2014-12-20,2006,12,4,20,6,Y,A,N,A,H,C,A,01,,03,C,,,,,C,Y,N,D,2,0,0,0,22350.0,4,37.4861999,-122.23500995,4
2014,2014-12-19,1308,12,4,13,5,Y,C,N,B,H,A,A,01,,03,C,,,,,C,N,N,A,3,0,0,0,22350.0,2,37.49454993,-122.23451993,4
2014,2014-12-19,1309,12,4,13,5,Y,B,N,B,H,A,-,,,03,C,,,,,C,Y,N,A,1,0,0,0,22350.0,2,37.48346996,-122.2297199,4
2014,2014-12-17,1751,12,4,17,3,Y,C,N,B,H,C,A,01,,10,G,Y,,,,B,N,N,D,1,1,0,0,21950.0,2,37.47146996,-122.22898985,4
2014,2014-12-16,2015,12,4,20,2,N,C,N,B,H,D,A,07,S,10,D,Y,,,,B,N,N,A,1,1,0,0,21950.0,2,37.47966416,-122.23909271,4
2014,2014-12-16,1916,12,4,19,2,Y,C,N,B,H,C,A,01,,03,G,Y,,,,B,N,N,A,1,1,0,0,22350.0,2,37.48073993,-122.23273,4
2014,2014-12-22,752,12,4,7,1,Y,A,Y,A,H,A,A,01,,12,D,,,,,C,Y,N,A,5,0,0,0,21453.0,3,37.48833282,-122.21371189,4
2014,2014-12-10,2129,12,4,21,3,Y,A,N,A,H,C,A,01,,12,H,,,,,C,Y,N,A,2,0,0,0,21453.0,2,37.65646993,-122.41601998,4
2014,2014-12-21,1748,12,4,17,7,N,C,Y,B,H,C,A,01,N,21,A,,,,,C,N,N,A,1,0,0,0,22106.0,2,37.6461441,-122.44861911,4
2014,2014-12-15,2340,12,4,23,1,N,C,N,B,H,C,A,01,N,21,D,,,,,C,Y,N,A,2,0,0,0,22106.0,2,37.6422448,-122.40314807,4
2014,2014-12-19,1516,12,4,15,5,N,C,N,B,H,A,A,07,N,09,C,,,,,C,Y,N,D,2,0,0,0,21804.0,2,37.6495366,-122.46832775,4
2014,2014-12-12,1134,12,4,11,5,Y,C,N,B,H,A,A,01,,08,B,,Y,,,G,N,N,A,1,0,1,0,22100.0,2,37.65235991,-122.41110998,4
2015,2015-01-03,1720,1,4,17,6,N,A,Y,A,H,B,A,01,N,03,C,,,,,C,Y,N,D,2,0,0,0,22350.0,4,37.52910884,-122.27315463,3
2015,2015-01-05,754,1,4,7,1,Y,A,N,A,H,A,A,01,,10,G,Y,,,,B,N,N,A,1,1,0,0,21950.0,2,37.51274994,-122.29217999,4
2014,2014-09-14,213,9,3,2,7,Y,A,N,A,H,C,A,01,,01,D,,,,,C,Y,N,A,1,0,0,0,23153.0,5,37.68794991,-122.45820995,4
2014,2014-11-28,1710,11,3,17,5,Y,A,N,A,H,A,A,01,,09,D,,Y,,,G,N,N,A,1,0,1,0,21802.0,2,37.64281992,-122.45428994,4
2014,2014-12-10,1820,12,4,18,3,N,B,N,A,H,C,L,04,N,01,B,,Y,,,G,N,F,D,1,0,1,0,21200.0,2,37.67916875,-122.44998808,3
2014,2014-12-19,1740,12,4,17,5,N,C,Y,B,H,B,A,07,N,03,C,,,,,C,N,N,A,1,0,0,0,22350.0,2,37.57679134,-122.35154544,4
2014,2014-12-29,1957,12,4,19,1,N,A,Y,A,H,C,A,01,E,03,C,,,Y,,C,N,M,A,1,0,0,1,22350.0,2,37.6253092,-122.41430612,4
2014,2014-12-06,2355,12,4,23,6,N,A,Y,A,H,C,A,01,S,03,C,,,,,C,Y,N,D,2,0,0,0,22350.0,2,37.57903414,-122.3230132,4
2014,2014-12-21,2255,12,4,22,7,N,B,Y,A,H,D,D,22,S,07,B,,,,,C,Y,F,D,1,0,0,0,21658.0,2,37.58373956,-122.32781686,4
2014,2014-12-28,300,12,4,3,7,N,A,Y,A,H,C,D,22,N,01,E,,,,,I,Y,N,D,1,0,0,0,23152.0,1,37.45297929,-122.28251576,3
2014,2014-12-25,2150,12,4,21,4,N,A,Y,A,H,D,A,07,E,01,E,,,,,I,Y,N,D,1,0,0,0,23152.0,1,37.51437293,-122.32911517,3
2014,2014-12-14,1840,12,4,18,7,N,A,Y,A,H,C,A,01,S,01,C,,,,,C,N,F,A,1,0,0,0,23152.0,3,37.54318334,-122.28650496,4
2014,2014-11-24,1724,11,3,17,1,N,A,N,A,H,D,A,01,S,04,C,,,,,C,Y,N,D,1,0,0,0,21703.0,2,,,4
2014,2014-11-29,1258,11,3,12,6,Y,A,N,A,H,A,A,08,,10,G,Y,,,,B,N,F,A,1,1,0,0,21950.0,2,37.67258992,-122.46589991,4
2014,2014-11-01,1522,11,3,15,6,N,A,Y,A,H,A,A,01,S,09,D,,,,,C,Y,N,A,2,0,0,0,21804.0,2,37.6814074,-122.4630308,4
2015,2015-01-04,2139,1,4,21,7,N,A,N,A,H,D,A,01,S,08,F,,,,,I,Y,N,D,1,0,0,0,22107.0,1,37.4870717,-122.31839406,3
2014,2014-12-23,1655,12,4,16,2,N,A,Y,A,H,B,A,07,W,07,B,,,Y,,C,Y,N,D,1,0,0,1,21658.0,2,37.52202089,-122.33206951,4
2014,2014-10-30,1330,10,3,13,4,N,A,Y,A,H,A,A,01,S,03,C,,,,,C,N,N,D,2,0,0,0,22350.0,3,37.60040774,-122.38955789,4
2014,2014-10-23,1538,10,3,15,4,N,A,N,A,H,A,-,- ,W,00,F,,Y,,,J,N,N,D,1,0,1,0,,1,37.60014198,-122.41017993,4
2014,2014-10-03,1758,10,3,17,5,N,A,N,A,H,A,A,07,S,03,E,,,,,I,Y,N,D,1,0,0,0,22350.0,1,37.37437899,-122.2005649,3
2014,2014-10-29,730,10,3,7,3,N,A,N,A,H,A,L,04,N,12,H,,Y,,,G,N,F,A,1,0,1,0,21453.0,2,37.50111808,-122.25196934,4
2014,2014-12-24,1135,12,4,11,3,Y,B,Y,A,H,A,-,,,09,D,,,,,C,Y,N,D,3,0,0,0,21802.0,2,37.49598873,-122.45763226,2
2014,2014-12-24,1600,12,4,16,3,N,A,Y,A,H,A,A,01,W,05,A,,,,,C,Y,N,D,2,0,0,0,21460.0,2,37.50017721,-122.3581094,3
2014,2014-12-05,1805,12,4,18,5,N,C,Y,B,H,D,C,02,N,03,F,,,Y,,A,Y,N,D,1,0,0,1,22350.0,1,37.48875123,-122.21188469,3
2015,2015-01-05,1235,1,4,12,1,N,A,Y,A,H,A,A,01,N,03,C,,,,,C,Y,N,A,2,0,0,0,22350.0,2,37.49850677,-122.23866782,2
2015,2015-01-05,1810,1,4,18,1,N,A,Y,A,H,C,A,01,E,03,C,,,,,C,N,N,D,1,0,0,0,22350.0,2,37.57569041,-122.26012083,3
2015,2015-01-07,1905,1,4,19,3,N,A,Y,A,H,D,C,02,S,03,B,,,Y,,D,Y,N,D,1,0,0,1,22350.0,3,37.54170398,-122.28516356,3
2015,2015-01-02,1225,1,4,12,5,N,A,Y,A,H,A,A,01,E,03,C,,,,,C,Y,N,D,1,0,0,0,22350.0,3,37.56138024,-122.27671686,4
2014,2014-12-17,741,12,4,7,3,Y,B,Y,B,H,A,A,01,,17,D,,Y,,,G,N,N,A,1,0,1,0,21451.0,2,37.65652626,-122.43631156,4
2014,2014-12-22,1820,12,4,18,1,N,A,Y,A,H,C,A,01,S,03,C,,,,,C,Y,N,D,2,0,0,0,22350.0,2,37.61706343,-122.39844777,4
2014,2014-12-18,2310,12,4,23,4,N,B,Y,A,H,C,A,01,N,08,D,,,,,C,Y,N,D,2,0,0,0,22107.0,2,37.60811537,-122.38918069,3
2014,2014-12-17,757,12,4,7,3,N,B,Y,B,H,A,A,01,N,08,E,,,,,I,Y,N,D,1,0,0,0,22107.0,1,37.61816597,-122.42469754,3
2014,2014-12-06,910,12,4,9,6,N,B,N,B,H,A,A,01,W,03,E,,,,,I,Y,N,D,1,0,0,0,22350.0,1,37.62892666,-122.47820548,4
2014,2014-12-05,1908,12,4,19,5,N,A,N,A,H,C,N,60,N,11,G,Y,,,,B,N,F,D,1,1,0,0,21954.0,2,37.64353076,-122.49265088,3
2014,2014-11-16,1613,11,3,16,7,N,A,N,A,H,A,C,02,W,03,E,,,Y,,I,Y,N,D,1,0,0,1,22350.0,1,37.62756499,-122.47804809,3
2014,2014-12-29,1214,12,4,12,1,N,A,Y,A,H,A,A,01,N,12,B,,,,,C,Y,N,A,1,0,0,0,21453.0,2,37.60877053,-122.49510709,3
2014,2014-07-24,1224,7,2,12,4,N,A,N,A,H,A,A,01,S,08,D,,,,,C,N,N,D,1,0,0,0,22107.0,2,37.69833064,-122.48038532,4
2014,2014-11-06,2009,11,3,20,4,N,A,Y,A,H,C,A,01,N,08,B,,,,,C,Y,N,D,1,0,0,0,22107.0,2,37.66998203,-122.39274355,4
2014,2014-11-25,1513,11,3,15,2,Y,A,Y,A,H,A,-,,,09,H,,Y,,,G,N,F,A,1,0,1,0,21802.0,2,37.47280338,-122.43584183,3
2014,2014-11-25,805,11,3,8,2,Y,A,N,A,H,A,A,01,,04,C,,,,,C,N,N,A,1,0,0,0,21703.0,2,37.69533995,-122.40827,4
2014,2014-10-23,1715,10,3,17,4,Y,A,N,A,H,A,A,07,,09,H,,Y,,,G,N,N,A,1,0,1,0,21804.0,2,37.50071991,-122.24474989,4