ACCIDENT_YEAR,COLLISION_DATE,COLLISION_TIME,MONTH,SEASON,24HOURS,DAY_OF_WEEK,INTERSECTION,WEATHER_1,STATE_HWY_IND,ROAD_SURFACE,ROAD_COND_1,LIGHTING,STWD_VEHTYPE_AT_FAULT,CHP_VEHTYPE_AT_FAULT,DIRECTION,PCF_VIOL_CATEGORY,TYPE_OF_COLLISION,PEDESTRIAN_ACCIDENT,BICYCLE_ACCIDENT,MOTORCYCLE_ACCIDENT,TRUCK_ACCIDENT,MVIW,TOW_AWAY,HIT_AND_RUN,CONTROL_DEVICE,NUMBER_INJURED,COUNT_PED_INJURED,COUNT_BICYCLIST_INJURED,COUNT_MC_INJURED,PCF_VIOLATION,PARTY_COUNT,POINT_Y,POINT_X,COLLISION_SEVERITY
2014,2014-10-27,1653,10,3,16,1,Y,A,N,A,H,A,A,01,,10,G,Y,,,,B,N,N,A,1,1,0,0,21950.0,2,37.49454,-122.26084995,4
2014,2014-10-27,1516,10,3,15,1,N,A,N,A,H,A,A,01,E,08,C,,,,,E,Y,N,D,1,0,0,0,22107.0,2,37.50469487,-122.26038426,3
2014,2014-07-21,2013,7,2,20,1,N,A,N,A,H,C,C,02,S,03,C,,,Y,,E,N,N,D,1,0,0,1,22350.0,2,37.70174905,-122.46100161,3
2014,2014-07-24,2159,7,2,21,4,N,A,Y,A,H,C,N,60,N,11,G,Y,,,,B,N,N,D,1,1,0,0,21954.0,2,37.68985526,-122.46591071,3
2014,2014-12-01,1514,12,4,15,1,Y,B,N,A,H,A,A,01,,12,H,,,,,C,Y,F,A,4,0,0,0,22450.0,3,37.46857,-122.1348599,4
2015,2015-01-20,735,1,4,7,2,N,E,Y,A,H,A,A,01,N,03,C,,,,,C,Y,N,D,1,0,0,0,22350.0,3,37.64008812,-122.4426004,4
2015,2015-01-14,1628,1,4,16,3,N,A,Y,A,H,A,A,07,N,07,-,,,Y,,C,Y,N,D,1,0,0,1,21658.0,2,37.61479433,-122.39775231,4
2015,2015-01-14,1317,1,4,13,3,N,A,Y,A,H,A,A,07,N,03,-,,,,,C,N,N,D,1,0,0,0,22350.0,3,37.62528033,-122.40127444,4
2015,2015-01-13,1245,1,4,12,2,N,A,Y,A,H,A,A,01,S,08,B,,,,,I,Y,N,D,1,0,0,0,22107.0,1,37.70560807,-122.49836453,3
2015,2015-01-08,1900,1,4,19,4,N,B,Y,A,H,C,A,01,S,04,C,,,,,C,Y,N,D,1,0,0,0,21703.0,3,37.64268104,-122.44482982,4
2015,2015-01-15,805,1,4,8,4,N,B,Y,A,H,A,A,07,E,08,E,,,,,I,Y,N,D,1,0,0,0,22107.0,1,37.63386862,-122.41731867,4
2015,2015-01-13,750,1,4,7,2,Y,A,N,A,H,A,A,01,,03,C,,,,,C,Y,N,D,4,0,0,0,22350.0,3,37.66795,-122.42993988,3
2015,2015-01-16,910,1,4,9,5,Y,B,Y,A,H,A,D,82,,09,H,,,,,C,Y,N,A,1,0,0,0,21801.0,2,37.48718793,-122.23604215,4
2015,2015-01-07,807,1,4,8,3,N,A,N,A,H,A,A,01,W,17,H,,Y,,,G,N,N,D,1,0,1,0,22517.0,2,37.47323955,-122.23295111,4
2015,2015-01-12,844,1,4,8,1,Y,A,Y,A,H,A,A,01,,08,H,,Y,,,G,N,N,D,1,0,1,0,22107.0,2,37.48991088,-122.2154457,4
2015,2015-01-17,1831,1,4,18,6,N,A,N,A,H,C,A,07,E,04,C,,,,,C,Y,N,D,1,0,0,0,21703.0,2,37.63089438,-122.40651899,4
2014,2014-10-24,656,10,3,6,5,N,A,N,A,H,B,A,01,E,03,C,,,,,C,Y,N,A,2,0,0,0,22350.0,3,37.53104969,-122.25756739,4
2015,2015-01-04,1040,1,4,10,7,N,A,Y,A,H,A,-,- ,S,03,C,,,,,C,Y,N,D,1,0,0,0,22350.0,2,37.61094111,-122.39304712,4
2014,2014-11-29,1929,11,3,19,6,N,B,N,A,H,C,A,01,W,03,B,,,,,C,Y,N,A,1,0,0,0,22350.0,3,37.62785475,-122.43938525,4
2015,2015-02-26,720,2,4,7,4,N,A,Y,A,H,A,D,22,W,03,C,,,,,C,N,N,D,1,0,0,0,22350.0,2,37.59973858,-122.21325491,4
2016,2016-07-01,750,7,2,7,5,N,A,N,A,H,A,-,- ,N,09,D,,Y,,,G,Y,N,D,1,0,1,0,21804.0,2,37.64531005,-122.4223162,2
2015,2015-01-04,1420,1,4,14,7,N,A,N,A,H,A,C,02,S,06,B,,,Y,,C,N,N,D,1,0,0,1,21755.0,2,37.51141952,-122.29401333,4
2015,2015-01-03,1150,1,4,11,6,N,A,Y,A,H,A,A,07,S,04,C,,,,,C,N,N,D,2,0,0,0,21703.0,2,37.69351343,-122.39150938,4
2015,2015-01-02,1842,1,4,18,5,N,A,Y,A,H,D,A,01,N,03,C,,,,,C,Y,N,D,2,0,0,0,22350.0,3,37.65327645,-122.45580514,4
2014,2014-09-28,2015,9,3,20,7,Y,A,N,A,H,C,A,01,,07,B,,,,,C,N,N,A,1,0,0,0,21658.0,2,37.68530698,-122.47134079,4
2015,2015-01-09,1429,1,4,14,5,N,A,Y,A,H,A,C,02,S,03,F,,,Y,,I,Y,N,D,1,0,0,1,22350.0,1,37.65807898,-122.48521389,3
2015,2015-01-10,1338,1,4,13,6,N,A,Y,A,H,A,A,01,S,08,B,,,,,C,Y,N,D,1,0,0,0,22107.0,2,37.6341579,-122.43868559,4
2014,2014-12-29,1838,12,4,18,1,N,A,N,A,H,C,A,01,S,09,A,,,,,C,Y,N,D,1,0,0,0,21804.0,3,37.45608296,-122.13402481,4
2014,2014-12-23,1303,12,4,13,2,Y,A,Y,A,H,A,A,01,,03,C,,,,,C,N,N,D,1,0,0,0,22350.0,2,37.46061994,-122.14100986,4
2014,2014-12-16,1014,12,4,10,2,Y,A,N,B,H,A,A,01,,09,D,,,,,C,N,N,D,1,0,0,0,21802.0,2,37.465038,-122.134752,4
2014,2014-12-25,1146,12,4,11,4,N,A,N,A,H,A,L,04,N,09,H,,Y,,,G,N,N,D,1,0,1,0,21801.0,2,37.46567,-122.14344,3
2015,2015-01-13,1740,1,4,17,2,N,A,Y,A,H,D,D,22,S,03,C,,,,,C,N,N,D,1,0,0,0,22350.0,2,37.56863127,-122.31171635,4
2015,2015-01-01,630,1,4,6,4,N,A,Y,A,H,D,A,07,E,05,B,,,,,C,Y,N,D,2,0,0,0,21460.0,2,37.51097428,-122.34573115,4
2015,2015-01-10,330,1,4,3,6,N,A,Y,A,H,C,A,01,N,01,E,,,,,I,Y,N,D,2,0,0,0,23152.0,1,37.5970143,-122.42059826,2
2015,2015-01-13,1620,1,4,16,2,N,A,Y,A,H,A,A,01,W,03,C,,,,,C,Y,N,D,1,0,0,0,22350.0,2,37.56119285,-122.27701333,4
2015,2015-01-13,1000,1,4,10,2,N,A,Y,A,H,A,A,07,S,03,C,,,,,C,N,N,D,1,0,0,0,22350.0,3,37.58922328,-122.35963978,4
2015,2015-01-13,1752,1,4,17,2,N,A,Y,A,H,C,A,01,S,03,C,,,,,C,Y,N,D,2,0,0,0,22350.0,2,37.48695043,-122.20028749,4
2014,2014-11-16,36,11,3,0,7,Y,A,N,A,H,C,A,01,,01,E,,,,,I,Y,N,D,1,0,0,0,23152.0,3,37.66064994,-122.42580988,2
2015,2015-01-02,810,1,4,8,5,N,A,N,A,H,A,-,- ,S,00,D,,,,,C,Y,N,A,1,0,0,0,,2,37.47761502,-122.21280683,3
2015,2015-01-04,325,1,4,3,7,N,A,Y,A,H,D,A,01,W,01,E,,,,,I,Y,N,D,1,0,0,0,23152.0,1,37.5086712,-122.34416024,3
2014,2014-11-22,1909,11,3,19,6,N,A,N,A,H,C,A,01,W,03,C,,,,,C,N,N,A,3,0,0,0,22350.0,2,37.63936249,-122.41847751,4
2015,2015-01-22,1010,1,4,10,4,N,A,N,A,H,A,D,22,W,03,C,,,,,C,N,N,D,1,0,0,0,22350.0,2,37.47457556,-122.27040443,4
2015,2015-01-10,640,1,4,6,6,N,B,Y,A,H,B,N,60,S,11,G,Y,,,,B,N,N,D,2,2,0,0,21954.0,3,37.64228833,-122.4248226,2
2015,2015-01-02,2100,1,4,21,5,N,A,N,A,H,C,N,60,N,17,B,Y,,,,E,N,N,D,1,1,0,0,22517.0,2,37.65660827,-122.44154018,4
2015,2015-01-10,420,1,4,4,6,N,A,N,A,H,C,A,01,N,05,B,,,,,C,N,N,B,1,0,0,0,21650.0,2,37.64388461,-122.41049931,4
2015,2015-01-09,1720,1,4,17,5,N,A,N,A,H,C,A,01,N,09,H,,Y,,,G,N,N,D,1,0,1,0,21801.0,2,37.6507296,-122.40427059,3
2014,2014-12-22,1848,12,4,18,1,N,A,Y,A,H,C,A,01,S,03,C,,,,,C,N,N,D,1,0,0,0,22350.0,3,37.66576833,-122.45056026,4
2014,2014-12-25,1859,12,4,18,4,Y,A,N,A,H,D,A,01,,09,B,,,,,C,Y,N,D,1,0,0,0,21800.0,2,37.65706994,-122.42341992,3
2014,2014-12-09,721,12,4,7,2,N,A,N,A,H,A,A,01,S,09,D,,Y,,,G,N,N,D,1,0,0,0,21802.0,2,37.67765998,-122.39306994,3
2014,2014-12-30,1144,12,4,11,2,N,A,Y,A,H,A,A,01,W,03,C,,,,,C,Y,N,A,3,0,0,0,22350.0,3,37.64890329,-122.45195692,4
2015,2015-01-06,1720,1,4,17,2,N,A,Y,A,H,D,A,01,E,03,C,,,,,C,Y,N,D,1,0,0,0,22350.0,3,37.5564015,-122.28551608,3
2015,2015-01-10,1315,1,4,13,6,N,A,Y,A,H,A,L,04,W,03,E,,Y,,,J,N,N,D,1,0,1,0,22350.0,1,37.35112018,-122.26443756,3
2015,2015-01-08,1810,1,4,18,4,N,A,Y,A,H,C,A,01,S,03,C,,,,,C,Y,N,D,1,0,0,0,22350.0,2,37.52537821,-122.26896498,4
2015,2015-01-03,1810,1,4,18,6,N,A,Y,A,H,C,A,01,S,09,D,,,,,C,N,N,D,1,0,0,0,21804.0,2,37.65292786,-122.43228473,4
2015,2015-01-12,2315,1,4,23,1,N,A,Y,A,H,C,A,01,N,08,A,,,,,I,Y,N,D,2,0,0,0,22107.0,1,37.54672136,-122.29012418,4
2015,2015-01-08,1935,1,4,19,4,Y,A,Y,A,H,C,F,76,,10,G,Y,,,Y,B,N,N,A,1,1,0,0,21950.0,2,37.58293804,-122.36403051,3
2014,2014-11-24,917,11,3,9,1,Y,A,N,A,H,A,A,01,,04,C,,,,,C,Y,N,A,1,0,0,0,21703.0,3,37.534509,-122.2946505,4
2014,2014-10-24,1517,10,3,15,5,Y,A,N,A,H,A,A,01,,03,C,,,,,C,N,N,D,1,0,0,0,22350.0,3,37.483524,-122.446422,4
2015,2015-01-22,500,1,4,5,4,N,B,Y,A,H,D,A,01,S,08,E,,,,,I,Y,N,D,1,0,0,0,22107.0,1,37.34924297,-122.39760783,4
2015,2015-01-20,1347,1,4,13,2,N,A,Y,A,H,A,A,07,W,05,A,,,,,C,Y,N,D,2,0,0,0,21460.0,2,37.47940289,-122.40924813,2
2015,2015-01-18,1025,1,4,10,7,N,A,Y,A,H,A,A,01,N,08,E,,,,,I,Y,N,D,1,0,0,0,22107.0,1,37.4921385,-122.22099568,4
2015,2015-01-18,1520,1,4,15,7,Y,A,N,A,H,A,A,01,,08,E,,,,,I,N,N,A,1,0,0,0,22101.0,1,37.52717996,-122.26900994,3
2014,2014-12-15,525,12,4,5,1,Y,C,N,B,H,C,A,01,,08,E,,,,,I,Y,N,A,1,0,0,0,22107.0,1,37.63637705,-122.42109356,4
2014,2014-12-29,1226,12,4,12,1,N,A,N,A,H,A,A,01,S,08,D,,,,,C,Y,N,A,1,0,0,0,22100.0,2,37.48705061,-122.21408426,4
2014,2014-12-21,1811,12,4,18,7,N,A,N,A,H,D,A,01,W,03,C,,,,,C,Y,N,A,3,0,0,0,22350.0,2,37.4680203,-122.22377762,4
2014,2014-12-31,1300,12,4,13,3,Y,A,N,A,H,A,A,01,,12,D,,,,,C,Y,N,A,1,0,0,0,22450.0,2,37.63390993,-122.41394987,3
2014,2014-12-23,1836,12,4,18,2,Y,A,N,A,H,C,A,01,,08,B,,,,,C,Y,N,A,1,0,0,0,22107.0,2,37.48137992,-122.18365,3
2015,2015-01-08,1747,1,4,17,4,N,A,Y,A,H,C,A,01,S,03,C,,,,,C,Y,N,A,2,0,0,0,22350.0,2,37.48632111,-122.17819968,4
2015,2015-01-04,554,1,4,5,7,N,A,N,A,H,C,A,01,W,08,E,,,,,I,Y,N,D,1,0,0,0,22107.0,1,37.46089303,-122.16032697,3
2015,2015-01-03,1658,1,4,16,6,N,A,N,A,H,A,A,01,W,- ,A,,,,,C,Y,N,D,2,0,0,0,,2,37.47119754,-122.25976221,4
2014,2014-10-02,1528,10,3,15,4,Y,A,Y,A,H,A,D,22,,- ,D,,,,,C,Y,N,A,1,0,0,0,,2,,,4
2014,2014-11-17,1442,11,3,14,1,N,A,N,A,H,A,A,01,E,03,C,,,,,C,N,N,D,1,0,0,0,22350.0,2,37.50175079,-122.2511071,4
2014,2014-11-29,1350,11,3,13,6,Y,A,Y,A,H,A,A,01,,10,G,Y,,,,B,N,N,A,1,1,0,0,21950.0,2,37.61391693,-122.40503519,4
2014,2014-11-10,1346,11,3,13,1,Y,A,N,A,H,A,A,01,,09,H,,Y,,,G,N,N,D,1,0,1,0,21801.0,2,37.37682994,-122.20045986,4
2014,2014-11-14,938,11,3,9,5,Y,A,N,A,H,A,A,01,,10,G,Y,,,,B,N,N,A,1,1,0,0,21950.0,2,37.59742994,-122.38935998,4
2014,2014-11-18,1742,11,3,17,2,N,A,N,A,H,C,N,60,E,11,G,Y,,,,B,Y,N,A,1,1,0,0,21950.0,2,37.60080371,-122.38344169,2
2014,2014-11-11,1118,11,3,11,2,Y,A,N,A,H,A,A,01,,12,D,,,,,C,Y,N,A,1,0,0,0,21453.0,2,37.60404999,-122.39441986,4
2014,2014-11-09,1128,11,3,11,7,N,A,Y,A,H,A,C,02,W,05,A,,,Y,,C,Y,N,D,1,0,0,1,21460.0,2,,,4
2014,2014-11-23,1745,11,3,17,7,Y,B,N,A,H,C,A,01,,12,D,,,,,C,Y,N,A,1,0,0,0,21453.0,2,37.50372997,-122.24839987,4
2014,2014-11-19,2040,11,3,20,3,Y,A,N,A,H,C,-,99,,03,C,,,,,C,N,M,A,1,0,0,0,22350.0,2,37.60046995,-122.38404991,4
2014,2014-11-17,1811,11,3,18,1,-,A,N,A,H,C,C,02,,07,B,,,Y,,C,N,N,D,1,0,0,1,21658.0,2,37.56317413,-122.32615471,4
2014,2014-11-06,1950,11,3,19,4,Y,B,Y,A,H,C,A,01,,09,D,,,,,C,Y,N,A,2,0,0,0,21802.0,2,37.48207233,-122.44541627,4
2014,2014-12-16,2,12,4,0,2,N,B,Y,B,H,D,A,01,S,01,C,,,,,C,Y,N,D,1,0,0,0,23152.0,2,37.48739631,-122.2039084,4
2014,2014-12-04,806,12,4,8,4,Y,A,Y,B,H,A,A,01,,12,D,,,,,C,N,N,A,1,0,0,0,21453.0,3,37.49876034,-122.25024509,4
2014,2014-12-02,2125,12,4,21,2,Y,A,Y,B,H,C,N,60,,11,G,Y,,,,B,N,N,A,1,1,0,0,21456.0,2,37.60061469,-122.38981336,3
2014,2014-12-05,1542,12,4,15,5,Y,B,Y,B,H,A,A,07,,03,E,,,,,J,Y,N,D,2,0,0,0,22350.0,1,37.44136229,-122.42795074,3
2014,2014-12-29,1410,12,4,14,1,N,A,Y,A,H,A,N,60,S,11,G,Y,,,,B,N,N,D,1,1,0,0,21954.0,2,37.60125484,-122.39055382,4
2014,2014-12-23,2300,12,4,23,2,N,A,N,A,H,D,A,01,E,08,E,,,,,J,N,N,D,1,0,0,0,22107.0,1,37.43825896,-122.38718748,4
2014,2014-12-08,1720,12,4,17,1,Y,C,Y,B,H,C,A,01,,03,C,,,Y,,C,Y,N,A,2,0,0,1,22350.0,3,37.51544833,-122.2577343,2
2014,2014-12-06,1822,12,4,18,6,N,A,Y,A,H,C,N,60,W,11,G,Y,,,,B,N,N,A,1,1,0,0,21954.0,2,37.46411355,-122.43413199,4
2014,2014-12-11,2237,12,4,22,4,N,C,N,B,H,C,N,60,E,11,G,Y,,,,B,Y,M,D,1,1,0,0,21954.0,2,37.47684343,-122.20622847,4
2015,2015-01-03,1908,1,4,19,6,N,A,N,A,H,C,A,01,N,01,E,,,,,I,Y,N,D,1,0,0,0,23153.0,2,37.59773611,-122.38510388,4
2015,2015-01-14,1000,1,4,10,3,N,A,Y,A,H,A,A,01,E,03,C,,,,,C,Y,N,A,1,0,0,0,22350.0,2,37.55270912,-122.30354124,4
2015,2015-01-06,910,1,4,9,2,N,A,Y,A,H,A,A,08,S,03,C,,,,,C,Y,N,D,1,0,0,0,22350.0,4,37.58724371,-122.35010826,4
2015,2015-01-15,1715,1,4,17,4,N,A,Y,A,H,B,A,08,N,03,C,,,,,C,Y,N,D,1,0,0,0,22350.0,2,37.51162937,-122.25364046,4
2015,2015-01-16,408,1,4,4,5,N,A,N,A,H,D,A,01,W,03,F,,,,,I,Y,N,D,1,0,0,0,22350.0,1,37.24972427,-122.3995167,3
2015,2015-01-16,2255,1,4,22,5,N,A,Y,A,H,C,A,07,S,08,C,,,,,C,Y,N,D,1,0,0,0,22107.0,2,37.48875123,-122.21188469,3
2015,2015-01-19,755,1,4,7,1,N,B,Y,A,C,A,A,01,N,03,C,,,,,C,N,N,D,1,0,0,0,22350.0,2,37.59379407,-122.36676976,4
2015,2015-01-15,1640,1,4,16,4,N,A,Y,A,H,A,A,07,N,03,C,,,,,C,Y,N,D,1,0,0,0,22350.0,2,37.54528058,-122.28833911,3
2015,2015-01-19,1217,1,4,12,1,N,A,Y,A,H,A,A,01,S,03,C,,,,,C,Y,N,D,1,0,0,0,22350.0,2,37.48814157,-122.20932879,4
2015,2015-01-20,1355,1,4,13,2,N,A,Y,A,H,A,C,02,S,08,E,,,Y,,I,Y,N,D,1,0,0,1,22107.0,1,37.603296,-122.38170668,3
2015,2015-01-17,550,1,4,5,6,N,A,Y,-,A,A,A,01,S,03,C,,,,,D,N,N,D,1,0,0,0,22350.0,2,37.5897752,-122.36055912,4
2014,2014-08-10,1042,8,2,10,7,N,B,N,A,H,A,A,01,S,09,D,,,,,C,Y,N,D,3,0,0,0,21804.0,2,37.68925284,-122.46420617,3
2014,2014-08-28,915,8,2,9,4,N,B,N,A,H,A,A,01,W,08,A,,,,,I,Y,N,A,1,0,0,0,22107.0,1,37.66331413,-122.46411679,4
2014,2014-08-22,2255,8,2,22,5,Y,A,N,A,H,C,A,07,,10,G,Y,,,,B,N,F,A,1,1,0,0,21950.0,2,37.66905989,-122.46896989,4
2014,2014-08-11,2130,8,2,21,1,N,A,N,A,H,C,L,04,E,03,H,,Y,,,A,N,N,A,1,0,1,0,22350.0,1,37.65052244,-122.45566006,3
2015,2015-01-20,1526,1,4,15,2,N,A,N,A,H,A,A,01,S,03,C,,,,,C,Y,N,A,2,0,0,0,22350.0,3,37.50815588,-122.29044747,4
2014,2014-10-21,1710,10,3,17,2,Y,A,N,A,H,A,A,01,,08,H,,Y,,,G,N,M,A,1,0,1,0,22107.0,2,37.45459997,-122.16406986,3
2014,2014-10-10,1830,10,3,18,5,Y,A,N,A,H,A,A,01,,08,H,,Y,,,G,N,N,D,1,0,1,0,22107.0,2,37.45564997,-122.17909,3
2014,2014-12-17,845,12,4,8,3,Y,A,N,A,H,A,-,99,,03,H,,Y,,,G,N,M,A,1,0,1,0,22350.0,2,37.46018994,-122.1610399,4
2014,2014-12-18,1802,12,4,18,4,N,A,N,A,H,C,C,03,S,09,B,,,Y,,C,N,N,D,1,0,0,1,21804.0,2,37.4797802,-122.22394087,3
2014,2014-12-04,424,12,4,4,4,N,C,N,B,H,A,A,01,E,03,E,,,,,I,Y,N,A,3,0,0,0,22350.0,1,37.42909266,-122.18958734,3
2014,2014-12-01,1533,12,4,15,1,N,A,N,B,H,A,A,01,W,08,B,,,Y,,I,N,N,A,1,0,0,1,22107.0,2,37.42802721,-122.19054968,3
2014,2014-12-09,1135,12,4,11,2,Y,A,N,A,H,A,A,01,,09,D,,,,,C,Y,N,D,2,0,0,0,21801.0,2,37.55822989,-122.26365996,4
2014,2014-12-04,1730,12,4,17,4,Y,B,N,B,H,C,A,01,,10,G,Y,,,,B,N,N,A,1,1,0,0,21950.0,2,37.55863995,-122.2714999,4
2014,2014-12-18,1759,12,4,17,4,Y,A,N,A,H,C,A,01,,12,D,,,,,C,Y,N,A,2,0,0,0,21453.0,2,37.47673997,-122.18676988,4
2014,2014-12-17,1901,12,4,19,3,Y,B,N,B,H,C,A,01,,03,C,,,,,C,N,N,A,1,0,0,0,22350.0,2,37.46667989,-122.15632991,4
2015,2015-01-20,1814,1,4,18,2,N,A,Y,A,H,D,F,27,W,08,-,,,,Y,C,Y,N,D,2,0,0,0,22107.0,3,37.54550641,-122.32583526,4
2015,2015-01-23,1715,1,4,17,5,N,A,Y,A,H,A,A,01,N,03,C,,,,,C,N,N,D,1,0,0,0,22350.0,3,37.48481339,-122.18597038,4
2015,2015-01-23,924,1,4,9,5,N,A,Y,A,H,A,A,01,N,03,C,,,,,C,Y,N,D,2,0,0,0,22350.0,3,37.55756609,-122.30021661,4
2015,2015-01-23,730,1,4,7,5,N,A,Y,A,H,A,A,07,N,03,C,,,,,C,Y,N,A,1,0,0,0,22350.0,2,37.5243607,-122.35713821,4
2015,2015-01-21,1825,1,4,18,3,N,A,Y,A,H,C,A,01,N,03,C,,,,,C,Y,N,D,2,0,0,0,22350.0,4,37.50590371,-122.24719658,4
2015,2015-01-20,810,1,4,8,2,Y,A,Y,A,H,A,A,07,,09,A,,,,,C,Y,N,D,1,0,0,0,21801.0,2,37.45937016,-122.290065,2
2015,2015-01-25,15,1,4,0,7,N,A,Y,A,H,C,A,01,W,01,F,,,,,J,Y,N,D,1,0,0,0,23152.0,1,37.5082991,-122.34389865,4
2014,2014-11-19,837,11,3,8,3,Y,B,N,B,H,A,A,01,,03,C,,,,,C,N,N,A,2,0,0,0,22350.0,2,37.54974997,-122.28276994,4
2015,2015-01-26,834,1,4,8,1,N,A,Y,A,H,A,A,01,E,03,C,,,,,C,Y,N,A,1,0,0,0,22350.0,2,37.5292114,-122.2735775,4
2015,2015-01-25,1055,1,4,10,7,N,A,Y,A,H,A,A,07,N,03,C,,,,,C,N,N,D,1,0,0,0,22350.0,2,37.59068382,-122.3620165,4
2014,2014-12-06,645,12,4,6,6,N,A,N,A,H,A,D,22,W,06,B,,,,,C,N,F,D,1,0,0,0,21750.0,2,37.46592345,-122.157041,4
2014,2014-12-29,1216,12,4,12,1,N,A,N,A,H,A,A,01,S,03,C,,,,,C,N,N,A,1,0,0,0,22350.0,2,37.46795385,-122.15659,4
2014,2014-12-23,1545,12,4,15,2,N,A,Y,A,H,A,-,,E,03,C,,,,,C,Y,N,A,1,0,0,0,22350.0,2,37.48338742,-122.18065258,4
2014,2014-12-09,1749,12,4,17,2,N,A,Y,A,H,C,A,01,S,03,C,,,,,C,N,N,A,1,0,0,0,22350.0,2,37.4496671,-122.17597244,4
2014,2014-12-08,1719,12,4,17,1,N,B,Y,A,H,C,A,01,W,03,C,,,,,C,N,N,A,1,0,0,0,22350.0,2,37.475874,-122.15300717,4
2015,2015-01-22,1830,1,4,18,4,N,A,Y,A,H,D,A,01,S,03,C,,,,,C,Y,N,D,3,0,0,0,22350.0,2,37.57387817,-122.31741194,4
2015,2015-02-03,1027,2,4,10,2,N,A,N,A,H,A,A,01,N,03,C,,,,,C,Y,N,D,1,0,0,0,22350.0,2,37.59262606,-122.36971605,4
2015,2015-01-29,2011,1,4,20,4,Y,A,N,A,H,C,A,01,,09,A,,,,,C,Y,N,A,1,0,0,0,21801.0,2,37.57705996,-122.33936993,4
2015,2015-01-31,2137,1,4,21,6,Y,A,N,A,H,C,A,01,,10,G,Y,,,,B,N,N,A,1,1,0,0,21950.0,2,37.58896991,-122.36232986,4
2015,2015-01-24,853,1,4,8,6,Y,A,N,A,H,A,A,01,,09,D,,,,,C,Y,N,A,3,0,0,0,21802.0,2,37.58182993,-122.35006992,4
2015,2015-01-28,1815,1,4,18,3,N,A,Y,A,H,D,A,01,N,03,C,,,,,C,Y,N,D,2,0,0,0,22350.0,3,37.60700112,-122.38744857,4
2015,2015-02-04,1040,2,4,10,3,N,A,Y,A,H,A,A,01,S,08,E,,,,,I,Y,N,D,1,0,0,0,22107.0,1,37.61183199,-122.39489158,4
2014,2014-12-24,2332,12,4,23,3,N,A,N,A,H,C,A,01,S,03,G,Y,,,,B,N,F,D,1,1,0,0,22350.0,2,37.66003433,-122.41234878,4
2015,2015-02-02,1505,2,4,15,1,N,A,Y,A,H,A,A,01,W,03,C,,,,,C,Y,N,D,1,0,0,0,22350.0,2,37.58860078,-122.24590944,4
2015,2015-02-03,911,2,4,9,2,N,A,Y,A,H,A,D,72,N,03,C,,,,,C,N,N,D,3,0,0,0,22350.0,3,37.52295854,-122.27898939,4
2015,2015-01-27,1612,1,4,16,2,N,A,N,A,H,A,D,72,N,08,B,,,,Y,E,Y,N,D,2,0,0,0,22107.0,6,37.58905043,-122.47253392,3
2015,2015-01-20,2139,1,4,21,2,N,A,Y,A,H,C,A,01,S,08,C,,,,,C,N,N,D,1,0,0,0,22107.0,3,37.52872439,-122.28661391,4
2015,2015-01-23,2500,1,4,25,5,N,A,N,A,H,C,A,01,N,03,C,,,,,C,N,N,A,1,0,0,0,22350.0,2,37.51733753,-122.27239875,4
2015,2015-01-29,1630,1,4,16,4,N,A,Y,A,H,A,A,01,N,03,C,,,,,C,Y,N,D,1,0,0,0,22350.0,3,37.69538184,-122.47046031,4
2015,2015-01-21,1801,1,4,18,3,N,A,N,A,H,C,A,01,E,03,C,,,,,C,N,N,D,1,0,0,0,22350.0,3,37.44769209,-122.19445479,4
2015,2015-01-24,1010,1,4,10,6,N,A,Y,A,H,A,L,04,S,03,E,,Y,,,I,N,N,A,1,0,1,0,22350.0,1,37.45232393,-122.18050177,3
2015,2015-01-07,854,1,4,8,3,N,A,Y,A,H,A,-,,N,08,B,,,,,C,N,N,A,1,0,0,0,22107.0,2,37.44856979,-122.17428186,4
2015,2015-01-13,1634,1,4,16,2,Y,A,N,A,H,A,A,07,,03,C,,Y,,,C,N,N,A,1,0,1,0,22350.0,2,37.43247994,-122.19522998,3
2015,2015-01-05,356,1,4,3,1,N,A,N,A,H,C,A,01,N,08,D,,,,,E,Y,N,D,1,0,0,0,22107.0,2,37.65367025,-122.4815518,4
2015,2015-01-29,1430,1,4,14,4,N,A,N,A,H,A,D,22,W,08,E,,,,,I,Y,N,D,1,0,0,0,22107.0,1,37.69682718,-122.42321296,4
2015,2015-01-17,1054,1,4,10,6,N,A,Y,A,H,A,C,02,S,03,E,,,Y,,I,Y,N,D,1,0,0,1,22350.0,1,37.46348926,-122.20289206,4
2015,2015-01-21,1120,1,4,11,3,Y,A,Y,A,H,A,A,01,,09,A,,,,,C,Y,N,D,1,0,0,0,21802.0,2,37.45985593,-122.19562815,4
2015,2015-01-22,1449,1,4,14,4,N,A,Y,A,H,A,A,01,N,03,C,,,,,C,N,N,D,1,0,0,0,22350.0,2,37.46248867,-122.20088216,4
2014,2014-11-24,855,11,3,8,1,N,A,Y,A,H,A,A,01,S,01,B,,,,,C,Y,N,D,1,0,0,0,23152.0,2,37.64363945,-122.44725068,4
2014,2014-12-09,948,12,4,9,2,Y,B,N,A,H,A,L,04,,09,H,,Y,,,G,N,N,D,1,0,1,0,21804.0,2,37.47470997,-122.16572991,3
2015,2015-01-31,1540,1,4,15,6,Y,A,N,A,H,A,A,01,,09,H,,Y,,,G,N,N,A,1,0,1,0,21802.0,2,37.44440991,-122.18222,3
2015,2015-01-20,1051,1,4,10,2,N,A,Y,A,H,A,A,07,N,03,C,,,,,C,N,N,A,1,0,0,0,22350.0,2,37.45387725,-122.18362384,4