ACCIDENT_YEAR,COLLISION_DATE,COLLISION_TIME,MONTH,SEASON,24HOURS,DAY_OF_WEEK,INTERSECTION,WEATHER_1,STATE_HWY_IND,ROAD_SURFACE,ROAD_COND_1,LIGHTING,STWD_VEHTYPE_AT_FAULT,CHP_VEHTYPE_AT_FAULT,DIRECTION,PCF_VIOL_CATEGORY,TYPE_OF_COLLISION,PEDESTRIAN_ACCIDENT,BICYCLE_ACCIDENT,MOTORCYCLE_ACCIDENT,TRUCK_ACCIDENT,MVIW,TOW_AWAY,HIT_AND_RUN,CONTROL_DEVICE,NUMBER_INJURED,COUNT_PED_INJURED,COUNT_BICYCLIST_INJURED,COUNT_MC_INJURED,PCF_VIOLATION,PARTY_COUNT,POINT_Y,POINT_X,COLLISION_SEVERITY
2015,2015-07-04,915,7,2,9,6,Y,A,Y,A,H,A,-,,,10,G,Y,,,,B,N,N,A,1,1,0,0,21950.0,2,37.48535894,-122.21468215,2
2015,2015-07-16,850,7,2,8,4,Y,A,N,A,H,A,L,04,,- ,H,,Y,,,G,N,N,A,1,0,1,0,,1,37.47802546,-122.18600214,3
2015,2015-07-28,911,7,2,9,2,N,A,N,A,H,A,D,82,W,03,C,,,,,C,Y,N,A,2,0,0,0,22350.0,3,37.45332591,-122.18975286,3
2015,2015-07-23,1630,7,2,16,4,Y,A,N,A,H,A,M,94,,05,B,,,,,C,N,N,A,1,0,0,0,21650.0,2,37.46018994,-122.1610399,3
2015,2015-07-21,1651,7,2,16,2,Y,A,N,A,H,A,C,02,,17,D,,,Y,,C,Y,N,D,1,0,0,1,21209.0,2,37.45889997,-122.16179994,3
2015,2015-07-20,1106,7,2,11,1,Y,A,N,A,H,A,L,04,,08,H,,Y,,,G,N,N,A,1,0,1,0,22100.0,2,37.45623993,-122.16736997,3
2015,2015-08-24,2040,8,2,20,1,Y,A,N,-,G,C,A,01,,03,C,,,,,C,N,N,D,1,0,0,0,22350.0,2,37.62997995,-122.41357999,4
2015,2015-08-14,1941,8,2,19,5,Y,A,N,A,H,A,N,60,,11,G,Y,,,,B,N,N,A,1,1,0,0,21950.0,2,37.62657989,-122.40978998,4
2015,2015-08-31,852,8,2,8,1,Y,A,N,A,H,A,-,,,08,H,,Y,,,G,N,N,A,2,0,2,0,22107.0,2,37.52717996,-122.26900994,2
2015,2015-07-09,1425,7,2,14,4,N,A,N,A,H,A,A,01,S,08,A,,,,,I,Y,N,D,1,0,0,0,22107.0,1,37.55171633,-122.2635541,4
2015,2015-07-28,1600,7,2,16,2,N,A,N,A,H,A,A,01,N,08,B,,,,,C,N,N,D,1,0,0,0,22107.0,2,37.58517944,-122.47046056,3
2015,2015-07-22,1249,7,2,12,3,Y,A,N,A,H,A,A,01,,12,D,,,,,D,N,N,A,1,0,0,0,21453.0,2,37.54574998,-122.27240992,4
2015,2015-08-29,1101,8,2,11,6,Y,A,N,A,H,A,A,07,,09,D,,,,,C,N,N,D,1,0,0,0,21800.0,2,37.65664988,-122.41210995,4
2015,2015-05-09,1749,5,1,17,6,Y,A,N,A,H,A,A,01,,03,C,,,,,C,Y,N,A,3,0,0,0,22350.0,2,37.47878993,-122.1855699,4
2015,2015-08-30,1054,8,2,10,7,Y,A,Y,A,H,A,A,01,,09,H,,Y,,,G,N,N,A,1,0,1,0,21802.0,2,37.40723653,-122.25695287,4
2015,2015-08-09,1423,8,2,14,7,N,A,Y,A,H,A,C,02,,05,D,,,Y,,C,N,N,D,1,0,0,1,21460.0,3,37.34093981,-122.27092427,3
2014,2014-08-04,1619,8,2,16,1,Y,A,N,A,H,A,A,08,,08,D,,,,,C,N,N,A,2,0,0,0,22107.0,2,37.68708992,-122.46905999,4
2015,2015-08-02,1848,8,2,18,7,Y,A,N,A,H,A,N,60,,03,G,Y,,,,B,N,N,D,1,1,0,0,22350.0,2,37.70540991,-122.45810997,4
2015,2015-08-18,1834,8,2,18,2,N,A,N,A,H,A,A,01,E,03,C,,,,,C,N,N,D,1,0,0,0,22350.0,2,37.70412,-122.46189403,4
2015,2015-09-20,1840,9,3,18,7,N,A,N,A,H,A,C,03,W,08,H,,,Y,,A,N,N,D,1,0,0,1,22107.0,1,37.39540396,-122.21262244,3
2015,2015-09-19,1022,9,3,10,6,N,A,N,A,H,A,A,01,S,09,B,,,,,C,N,N,D,1,0,0,0,21804.0,2,37.57723761,-122.34740333,4
2015,2015-09-08,1702,9,3,17,2,N,A,N,A,H,A,A,01,W,03,C,,,,,E,Y,N,D,2,0,0,0,22350.0,2,37.58178491,-122.39777332,3
2015,2015-09-08,1504,9,3,15,2,Y,A,N,A,H,A,A,01,,03,C,,,,,C,N,N,A,1,0,0,0,22350.0,2,37.58896991,-122.36232986,4
2015,2015-08-28,1538,8,2,15,5,Y,A,N,A,H,A,L,04,,08,E,,Y,,,I,N,N,A,1,0,1,0,22107.0,1,37.47673997,-122.18676988,3
2015,2015-09-30,1505,9,3,15,3,N,C,Y,B,H,A,A,01,E,03,C,,,,,C,N,N,A,1,0,0,0,22350.0,2,37.56478518,-122.30727248,4
2015,2015-09-23,1300,9,3,13,3,N,A,Y,A,H,A,A,07,N,03,C,,,,,C,N,N,D,1,0,0,0,22350.0,2,37.45593124,-122.43282297,4
2015,2015-10-19,1848,10,3,18,1,Y,A,Y,A,H,C,A,01,,12,D,,,,,C,Y,N,A,1,0,0,0,21453.0,2,,,4
2015,2015-09-26,2230,9,3,22,6,N,A,Y,A,H,D,A,01,E,03,E,,,,,I,Y,N,D,1,0,0,0,22350.0,1,37.39882473,-122.26119121,2
2015,2015-09-22,2014,9,3,20,2,N,A,Y,A,H,C,A,01,S,04,C,,,,,C,Y,N,D,2,0,0,0,21703.0,2,37.44784913,-122.17318588,3
2015,2015-08-16,2100,8,2,21,7,Y,A,N,A,H,C,A,07,,03,C,,,,,C,N,M,A,1,0,0,0,22350.0,2,37.48196992,-122.15037,4
2015,2015-08-22,1642,8,2,16,6,N,A,N,A,H,A,A,01,E,08,G,Y,,,,B,N,N,D,1,1,0,0,22108.0,2,37.65099014,-122.47708168,3
2015,2015-08-27,813,8,2,8,4,Y,A,N,A,H,A,A,01,,09,D,,Y,,,G,N,N,D,1,0,1,0,21801.0,2,37.61345999,-122.48115994,3
2015,2015-09-15,1941,9,3,19,2,Y,A,Y,A,H,C,A,08,,08,D,,,Y,,C,N,M,A,1,0,0,1,22107.0,2,37.48634454,-122.14288574,4
2015,2015-09-13,1919,9,3,19,7,Y,A,N,A,H,A,A,01,,03,H,,Y,,,G,N,N,A,1,0,1,0,22350.0,2,37.47320991,-122.15569,4
2015,2015-09-24,1708,9,3,17,4,Y,A,N,A,H,A,A,01,,- ,G,Y,,,,B,N,N,A,1,1,0,0,,2,37.44835992,-122.1741299,4
2015,2015-06-24,930,6,2,9,3,N,A,N,A,H,A,A,01,S,03,C,,,,,C,N,N,A,3,0,0,0,22350.0,3,37.4883722,-122.23749473,4
2015,2015-08-29,1242,8,2,12,6,Y,A,Y,A,H,A,-,,,09,D,,,,,C,Y,N,A,1,0,0,0,21802.0,3,37.57117206,-122.33762555,4
2015,2015-07-31,1813,7,2,18,5,Y,A,N,A,H,A,A,01,,09,D,,,,,C,N,N,D,1,0,0,0,21801.0,2,37.48513995,-122.22059995,4
2015,2015-08-31,1036,8,2,10,1,Y,A,N,A,H,A,A,01,,08,B,,,,,C,Y,N,D,2,0,0,0,22107.0,2,37.61972998,-122.43844997,4
2015,2015-09-16,1232,9,3,12,3,N,A,N,A,H,A,A,01,E,03,F,,,,,A,Y,N,A,1,0,0,0,22350.0,1,37.4819405,-122.15152144,3
2015,2015-09-09,1851,9,3,18,3,Y,A,Y,A,H,A,A,01,,03,D,,,,,C,Y,N,A,1,0,0,0,22350.0,2,37.48529832,-122.17402254,4
2015,2015-09-13,1352,9,3,13,7,N,A,N,A,H,A,-,,W,05,A,,,,,C,Y,N,A,1,0,0,0,21650.0,2,37.56576366,-122.37522186,4
2015,2015-09-18,1240,9,3,12,5,N,A,N,A,H,A,-,,E,03,E,,,,,I,Y,N,A,1,0,0,0,22350.0,1,37.54805755,-122.34704184,3
2015,2015-09-20,1749,9,3,17,7,N,A,N,A,H,A,L,04,E,03,H,,Y,,,I,N,N,A,1,0,1,0,22350.0,1,37.57142306,-122.38081081,2
2015,2015-09-17,1740,9,3,17,4,Y,A,Y,A,H,A,-,,,09,D,,,,,C,Y,N,A,2,0,0,0,21801.0,4,37.57452505,-122.3429523,4
2015,2015-09-02,1503,9,3,15,3,N,A,N,A,H,A,-,- ,E,18,H,,Y,,,J,N,N,A,1,0,1,0,,1,,,4
2015,2015-08-22,2207,8,2,22,6,N,A,N,A,H,C,A,08,S,05,B,,,,,C,Y,F,D,2,0,0,0,21460.0,3,37.44346513,-122.22399389,3
2015,2015-09-26,1526,9,3,15,6,Y,A,N,A,H,A,A,01,,08,H,,Y,,,G,N,N,A,1,0,1,0,22107.0,2,37.51274994,-122.29217999,4
2015,2015-06-30,805,6,2,8,2,N,A,N,A,H,A,A,01,,09,G,Y,,,,B,N,N,D,1,1,0,0,21804.0,2,37.48236831,-122.19929963,3
2015,2015-09-21,1042,9,3,10,1,N,A,N,A,H,A,A,07,S,09,D,,Y,,,G,N,N,D,1,0,1,0,21801.0,2,37.58794006,-122.36273583,3
2015,2015-09-14,2235,9,3,22,1,Y,A,N,A,H,C,A,01,,01,A,,,,,I,Y,M,D,1,0,0,0,23140.0,1,37.45634995,-122.13447995,3
2015,2015-09-23,753,9,3,7,3,Y,A,N,A,H,A,A,01,,09,B,,,,,C,Y,N,D,1,0,0,0,21800.0,2,37.6176199,-122.41382991,4
2015,2015-08-27,1810,8,2,18,4,Y,A,N,-,H,A,C,02,,06,D,,,Y,,C,N,N,D,1,0,0,1,21755.0,2,37.70556775,-122.4709197,3
2015,2015-10-24,1054,10,3,10,6,N,A,N,A,H,A,L,04,W,03,H,,Y,,,A,N,N,A,1,0,1,0,22350.0,1,37.56511949,-122.36338594,3
2015,2015-11-02,1959,11,3,19,1,Y,A,N,A,H,C,L,04,,05,D,,Y,,,G,N,N,A,1,0,1,0,21650.0,2,37.63652163,-122.41529703,4
2015,2015-11-02,548,11,3,5,1,-,C,N,B,H,C,N,60,,11,G,Y,,,,B,N,N,B,1,1,0,0,21954.0,2,37.47744365,-122.22254992,4
2015,2015-09-01,1440,9,3,14,2,N,A,N,A,H,A,A,01,E,03,C,,,,,C,Y,N,D,1,0,0,0,22350.0,2,37.61404,-122.41929098,4
2015,2015-08-31,2012,8,2,20,1,Y,A,N,A,H,C,A,01,,08,D,,,,,C,Y,N,D,1,0,0,0,22103.0,2,37.48289993,-122.22319999,4
2015,2015-09-07,2014,9,3,20,1,Y,A,Y,A,H,C,A,01,,03,E,,,,,I,Y,N,A,1,0,0,0,22350.0,1,37.57452505,-122.3429523,4
2014,2014-09-08,815,9,3,8,1,N,B,N,A,H,A,A,08,N,11,G,Y,,,,B,N,N,D,1,1,0,0,21954.0,3,37.70675317,-122.44587373,3
2015,2015-09-08,1726,9,3,17,2,Y,A,N,A,H,A,A,01,,09,D,,,,,C,N,N,A,3,0,0,0,21802.0,2,37.51655994,-122.29622992,3
2015,2015-05-16,1243,5,1,12,6,Y,B,N,A,H,A,A,01,,12,D,,Y,,,G,N,F,A,1,0,1,0,22450.0,2,37.55220996,-122.26358987,4
2015,2015-09-08,1522,9,3,15,2,N,A,Y,A,H,A,A,01,E,07,B,,,,,C,Y,N,D,1,0,0,0,21658.0,2,37.62883236,-122.41661398,4
2015,2015-06-10,945,6,2,9,3,Y,B,N,B,H,A,L,04,,05,B,,Y,,,G,N,N,A,1,0,1,0,21202.0,2,37.63058991,-122.41854994,3
2015,2015-09-06,1740,9,3,17,7,Y,A,N,A,H,A,L,04,,03,H,,Y,,,A,N,N,A,1,0,1,0,22350.0,1,37.63488989,-122.45135998,2
2015,2015-08-12,1700,8,2,17,3,N,A,N,A,H,A,A,01,W,08,C,,,,,C,N,N,A,1,0,0,0,22107.0,3,37.42762006,-122.19078302,3
2015,2015-08-10,1530,8,2,15,1,Y,A,N,A,H,A,A,01,,03,C,,,,,C,Y,N,A,1,0,0,0,22350.0,2,37.42033753,-122.21093237,4
2015,2015-09-09,1016,9,3,10,3,Y,A,Y,A,H,A,A,01,,10,G,Y,,,,B,N,N,A,1,1,0,0,21950.0,2,37.58167003,-122.36176484,4
2015,2015-09-08,42,9,3,0,2,N,A,N,A,H,C,-,,N,01,E,,,,,I,N,M,D,1,0,0,0,23152.0,1,37.61004265,-122.41033981,3
2015,2015-08-23,207,8,2,2,7,N,A,N,A,H,C,A,01,N,01,E,,,,,I,N,M,D,1,0,0,0,23152.0,1,37.62518282,-122.42912773,3
2015,2015-09-11,0,9,3,0,5,N,A,N,A,H,A,A,01,W,03,C,,,,,C,Y,N,A,3,0,0,0,22350.0,3,37.48037966,-122.21964884,3
2015,2015-09-09,1825,9,3,18,3,N,A,N,A,H,A,A,01,E,09,H,,Y,,,G,N,N,D,1,0,1,0,21804.0,2,37.49043389,-122.22156653,4
2015,2015-09-14,2037,9,3,20,1,Y,A,Y,A,H,C,A,01,,00,H,,Y,,,G,N,F,D,1,0,1,0,21760.0,2,37.46893458,-122.15531375,4
2015,2015-07-14,443,7,2,4,2,Y,A,N,A,H,C,A,01,,03,E,,,,,I,N,M,A,1,0,0,0,22350.0,1,37.45459997,-122.16406986,4
2015,2015-07-20,746,7,2,7,1,Y,A,N,A,H,A,L,04,,17,H,,Y,,,G,N,N,D,1,0,1,0,21200.0,2,37.49402991,-122.23660987,3
2015,2015-07-31,1553,7,2,15,5,N,A,N,A,H,A,A,01,E,03,C,,,,,C,Y,N,D,1,0,0,0,22350.0,2,37.4707157,-122.23611378,4
2015,2015-07-16,1809,7,2,18,4,N,A,N,A,H,A,A,01,W,21,C,,,,,C,N,N,A,1,0,0,0,22106.0,2,37.48265475,-122.23064028,4
2015,2015-08-27,813,8,2,8,4,N,A,N,A,H,A,L,04,W,- ,H,,Y,,,G,N,N,A,1,0,1,0,,1,37.44643746,-122.18887418,3
2015,2015-08-10,1430,8,2,14,1,N,A,Y,A,H,A,A,01,W,03,C,,,,,C,N,N,A,1,0,0,0,22350.0,2,37.48504875,-122.17971871,4
2015,2015-08-11,1215,8,2,12,2,N,A,N,A,H,A,C,02,N,03,B,,,Y,,C,Y,N,D,1,0,0,1,22350.0,2,,,3
2015,2015-08-17,1110,8,2,11,1,Y,A,N,A,H,A,A,01,,03,C,,,,,C,N,N,A,1,0,0,0,22350.0,3,37.4553,-122.183604,4
2015,2015-09-04,1510,9,3,15,5,Y,A,N,A,H,A,A,07,,10,G,Y,,,,B,N,F,A,1,1,0,0,21950.0,2,37.47279999,-122.15438996,3
2015,2015-08-31,1755,8,2,17,1,N,A,Y,A,H,A,A,01,N,03,C,,,,,C,Y,N,D,2,0,0,0,22350.0,3,37.61980569,-122.44337073,3
2015,2015-08-23,1600,8,2,16,7,N,A,N,A,H,A,A,07,S,03,C,,,,,C,N,N,A,1,0,0,0,22350.0,2,37.46252711,-122.13922711,4
2015,2015-08-12,1747,8,2,17,3,N,A,N,A,H,A,L,04,N,21,G,Y,Y,,,B,N,F,A,1,1,0,0,22106.0,2,37.46559,-122.14168,4
2015,2015-08-26,1425,8,2,14,3,N,A,N,A,H,A,-,,W,03,C,,,,,C,N,N,A,2,0,0,0,22350.0,3,37.45569024,-122.16341197,4
2015,2015-08-31,830,8,2,8,1,N,A,N,A,H,A,A,01,W,04,C,,,,,C,N,N,A,1,0,0,0,21703.0,2,37.51784,-122.30416,4
2015,2015-08-22,1545,8,2,15,6,N,A,Y,A,H,A,D,22,E,03,C,,,,,C,N,N,D,1,0,0,0,22350.0,2,37.43738189,-122.2459179,4
2015,2015-07-22,934,7,2,9,3,N,B,Y,A,H,A,D,72,S,03,C,,,,,C,N,N,A,1,0,0,0,22350.0,2,37.46792416,-122.43354385,4
2015,2015-09-08,1140,9,3,11,2,N,A,N,A,H,A,A,01,S,08,H,,Y,,,G,N,N,D,1,0,1,0,22107.0,2,37.48048323,-122.28135506,3
2015,2015-09-14,1405,9,3,14,1,N,A,N,A,H,A,A,01,N,08,C,,,,,C,Y,N,D,1,0,0,0,22107.0,2,37.51234838,-122.25843406,4
2015,2015-09-08,815,9,3,8,2,Y,A,Y,A,H,A,A,01,,09,D,,,,,C,Y,N,D,2,0,0,0,21801.0,2,37.49753593,-122.24887216,3
2015,2015-09-09,2122,9,3,21,3,N,A,N,A,H,D,A,07,N,03,E,,,,,I,Y,N,D,1,0,0,0,22350.0,1,37.43374694,-122.26535193,4
2015,2015-08-27,2119,8,2,21,4,N,A,N,A,H,A,A,01,S,01,A,,,,,E,Y,M,D,1,0,0,0,23152.0,3,37.46744514,-122.23927897,3
2015,2015-09-01,741,9,3,7,2,Y,A,N,A,H,A,A,01,,08,D,,,,,C,N,N,D,1,0,0,0,22107.0,2,37.47844999,-122.23212989,4
2015,2015-09-01,1528,9,3,15,2,-,A,Y,-,A,A,A,01,,03,C,,,,,C,Y,N,A,2,0,0,0,22350.0,3,37.48522994,-122.21475015,4
2015,2015-08-06,1127,8,2,11,4,Y,A,N,A,H,A,A,01,,03,C,,,,,E,Y,M,D,1,0,0,0,22350.0,2,37.48254992,-122.22240988,3
2015,2015-09-23,1310,9,3,13,3,N,A,Y,A,H,A,A,01,E,03,C,,,,,C,N,N,D,1,0,0,0,22350.0,3,37.48197642,-122.21849902,4
2015,2015-09-09,722,9,3,7,3,N,A,N,A,H,A,A,01,N,10,G,Y,,,,B,N,N,D,1,1,0,0,21950.0,2,37.48075039,-122.23271872,3
2015,2015-09-06,1002,9,3,10,7,Y,A,Y,A,H,A,A,01,,12,D,,,,,C,Y,N,A,2,0,0,0,21453.0,4,37.48272593,-122.23051615,4
2015,2015-09-09,729,9,3,7,3,N,A,N,A,H,A,A,01,E,03,C,,,,,C,Y,N,D,1,0,0,0,22350.0,2,37.48855355,-122.21322223,3
2015,2015-08-26,1551,8,2,15,3,N,A,N,A,H,A,D,72,E,08,D,,Y,,,G,N,N,D,1,0,1,0,22100.0,2,37.68587537,-122.48137074,3
2015,2015-08-17,2130,8,2,21,1,N,A,N,A,H,C,A,01,S,01,B,Y,,,,C,N,N,D,1,1,0,0,23152.0,3,37.70079628,-122.48305882,4
2015,2015-08-17,2129,8,2,21,1,N,A,N,A,H,C,A,01,N,01,A,Y,,,,B,Y,N,D,2,2,0,0,23152.0,4,37.69808994,-122.48183825,3
2015,2015-07-07,2130,7,2,21,2,Y,A,N,A,H,C,A,01,,10,G,Y,,,,B,N,M,A,1,1,0,0,21950.0,2,37.473147,-122.242302,3
2015,2015-09-16,1245,9,3,12,3,N,A,N,A,H,A,A,01,W,09,D,,,,,C,Y,N,D,2,0,0,0,21804.0,2,37.63893509,-122.41891169,4
2015,2015-09-05,2052,9,3,20,6,Y,A,N,A,H,C,A,01,,10,G,Y,,,,B,N,F,D,1,1,0,0,21950.0,2,37.62643996,-122.41128997,4
2016,2016-07-13,846,7,2,8,3,N,A,N,A,H,A,A,08,S,10,G,Y,,,,B,N,N,D,1,1,0,0,21950.0,2,37.47177,-122.13616,4
2016,2016-07-12,1747,7,2,17,2,Y,A,N,A,H,B,A,01,,03,C,,,,,C,N,N,A,1,0,0,0,22350.0,2,37.46259999,-122.14045996,4
2015,2015-09-05,732,9,3,7,6,Y,A,N,A,H,A,A,01,,12,D,,,,,C,Y,N,A,1,0,0,0,21453.0,2,37.65462996,-122.40223987,4
2015,2015-09-08,842,9,3,8,2,Y,A,N,A,H,A,A,01,,09,D,,,,,C,Y,N,A,2,0,0,0,21802.0,2,37.64752993,-122.41965999,4
2015,2015-09-08,1411,9,3,14,2,N,A,N,A,H,A,-,- ,N,18,E,,,,,I,Y,N,D,1,0,0,0,,1,37.43712045,-122.21260152,3
2015,2015-09-16,1440,9,3,14,3,N,A,N,A,H,A,A,01,N,03,C,,,,,C,N,N,D,1,0,0,0,22350.0,3,37.46059485,-122.17598487,4
2015,2015-08-30,1700,8,2,17,7,Y,A,N,A,H,A,I,12,,09,D,,,,,D,N,N,D,1,0,0,0,21802.0,2,37.56082995,-122.26487986,4
2015,2015-08-26,1254,8,2,12,3,Y,A,N,A,H,A,A,01,,03,E,,,,,I,Y,N,A,1,0,0,0,22350.0,1,37.56079989,-122.27471987,4
2015,2015-08-19,1621,8,2,16,3,N,A,N,A,H,A,A,01,S,08,B,,,,,C,N,N,D,1,0,0,0,22107.0,2,37.57864269,-122.34309206,4
2015,2015-09-04,852,9,3,8,5,Y,A,N,A,H,A,D,72,,09,H,,Y,,,G,N,N,D,1,0,1,0,21801.0,2,37.43523997,-122.19930993,3
2015,2015-09-25,826,9,3,8,5,Y,A,N,A,H,A,D,82,,09,A,,,,,C,Y,N,A,1,0,0,0,21801.0,3,37.47009989,-122.13944998,4
2015,2015-09-20,945,9,3,9,7,Y,A,Y,A,H,A,N,60,,11,G,Y,,,,B,N,N,A,1,1,0,0,21456.0,2,37.58293804,-122.36403051,2
2015,2015-09-17,1922,9,3,19,4,N,A,N,A,H,A,A,07,S,03,A,,,,,C,Y,N,D,2,0,0,0,22350.0,3,37.61996497,-122.43096774,4
2015,2015-08-08,0,8,2,0,6,-,A,N,A,H,A,C,02,,04,C,,,Y,,C,N,N,D,1,0,0,1,21703.0,2,37.46847894,-122.22619235,4
2015,2015-08-20,1301,8,2,13,4,Y,-,N,-,-,-,-,- ,,00,-,,,,,-,N,N,-,1,0,0,0,,2,37.48669991,-122.22410991,4
2015,2015-10-01,2237,10,3,22,4,Y,A,N,A,H,C,A,01,,01,C,,,,,C,Y,N,A,2,0,0,0,23153.0,2,37.49345991,-122.23601992,3
2015,2015-10-02,1751,10,3,17,5,Y,A,N,A,H,A,A,01,,09,D,,,Y,,C,N,N,A,1,0,0,1,21802.0,2,37.46688082,-122.22408588,3
2015,2015-10-02,1310,10,3,13,5,Y,A,Y,A,H,A,L,04,,05,H,,Y,Y,,G,N,N,D,1,0,1,0,21650.0,2,37.45456793,-122.22881715,4
2015,2015-09-25,1159,9,3,11,5,N,A,N,A,H,A,A,08,N,03,C,,,,,C,N,N,D,1,0,0,0,22350.0,3,37.46975572,-122.19462162,4
2015,2015-09-14,712,9,3,7,1,N,B,Y,A,H,A,A,01,W,08,A,,,,,C,N,N,A,1,0,0,0,22107.0,2,37.66055283,-122.47582712,4
2015,2015-09-11,645,9,3,6,5,N,A,N,A,H,B,A,01,S,09,D,,,Y,,C,N,N,D,1,0,0,1,21804.0,2,37.65063795,-122.49026299,4
2015,2015-09-03,1443,9,3,14,4,N,A,N,A,H,A,A,01,E,09,B,,,,,C,Y,N,D,1,0,0,0,21806.0,3,37.45811107,-122.18136821,4
2015,2015-09-28,1527,9,3,15,1,N,A,N,A,H,A,A,01,W,03,C,,,,,C,N,N,A,1,0,0,0,22350.0,2,37.64339414,-122.45306096,4
2015,2015-09-29,1542,9,3,15,2,N,A,N,A,H,A,A,08,N,03,C,,,,,C,N,N,A,1,0,0,0,22350.0,2,37.6543328,-122.41041943,4
2015,2015-09-04,2200,9,3,22,5,Y,A,N,A,H,C,D,82,,03,C,,,,,C,N,N,D,3,0,0,0,22350.0,3,37.47996998,-122.22677996,4
2015,2015-08-13,2110,8,2,21,4,N,A,N,A,H,E,N,60,,11,G,Y,,,,B,Y,N,D,1,1,0,0,21954.0,2,37.48600148,-122.20759928,2
2015,2015-09-22,1725,9,3,17,2,Y,A,N,A,H,A,A,01,,21,D,,,Y,,C,N,N,D,1,0,0,1,22106.0,2,37.48870997,-122.22646992,4
2015,2015-09-28,2059,9,3,20,1,N,A,N,A,H,C,A,01,S,03,C,,,,,C,Y,N,D,2,0,0,0,22350.0,2,37.49421319,-122.23413926,4
2015,2015-09-25,1325,9,3,13,5,N,A,N,A,H,A,A,01,N,08,D,,,Y,,C,Y,N,D,1,0,0,1,22102.0,2,37.48765,-122.22405,2
2015,2015-09-23,1250,9,3,12,3,Y,A,N,A,H,A,A,01,,08,E,,,,,I,N,N,D,1,0,0,0,22107.0,1,37.37463992,-122.21521992,3
2015,2015-09-21,1800,9,3,18,1,Y,A,N,A,H,A,A,01,,10,G,Y,,,,B,N,N,A,1,1,0,0,21950.0,2,37.49329991,-122.25461992,3
2015,2015-09-16,1657,9,3,16,3,N,A,Y,A,H,A,A,01,,03,E,,,,,I,Y,N,D,2,0,0,0,22350.0,1,37.38617682,-122.26142037,3
2015,2015-09-19,1815,9,3,18,6,-,A,N,A,H,A,L,04,,- ,H,,Y,,,G,N,N,D,1,0,1,0,,2,37.46894019,-122.42664635,4
2015,2015-10-05,752,10,3,7,1,N,A,Y,A,H,A,A,01,N,09,D,,,,,C,Y,N,D,1,0,0,0,21801.0,2,37.5130831,-122.2676791,4
2015,2015-10-11,233,10,3,2,7,N,A,N,A,H,C,A,01,W,01,A,,,,,E,Y,N,D,1,0,0,0,23152.0,3,37.47224563,-122.23026009,3
2015,2015-10-01,42,10,3,0,4,N,B,Y,A,H,C,A,01,S,03,D,,,,Y,C,Y,N,D,1,0,0,0,22350.0,2,,,3
2015,2015-09-26,749,9,3,7,6,Y,B,N,A,H,A,A,07,,08,E,,,,,I,Y,N,D,1,0,0,0,22107.0,1,37.42786998,-122.42861,3
2016,2016-01-02,1215,1,4,12,6,Y,A,N,A,H,A,J,43,,12,D,,,,,D,Y,N,A,1,0,0,0,21453.0,2,37.55436999,-122.27756998,4
2015,2015-08-22,1430,8,2,14,6,N,A,N,A,H,A,A,01,N,03,C,,,,,C,N,N,A,1,0,0,0,22350.0,2,37.65421644,-122.41046063,4
2015,2015-10-02,1550,10,3,15,5,Y,A,N,A,H,A,A,01,,01,B,,,,,E,Y,M,A,1,0,0,0,23152.0,3,37.49234991,-122.24146986,4
2015,2015-10-01,1601,10,3,16,4,Y,A,N,A,H,A,A,81,,17,A,,,,,C,Y,N,A,2,0,0,0,21451.0,2,37.52098999,-122.27527993,4
2015,2015-09-24,1514,9,3,15,4,Y,A,N,A,H,A,L,04,,12,B,,Y,,,G,N,N,A,1,0,1,0,22450.0,2,37.51576991,-122.30366996,3
2015,2015-10-02,701,10,3,7,5,Y,A,N,A,H,A,L,04,,06,B,,Y,,Y,G,N,N,D,1,0,1,0,21755.0,2,37.57952989,-122.3456899,3
2015,2015-10-07,1850,10,3,18,3,N,A,N,A,D,C,D,22,N,05,B,,,,Y,C,N,N,D,2,0,0,0,21650.0,2,37.58900765,-122.36057498,4
2015,2015-10-05,1313,10,3,13,1,Y,A,N,A,H,A,A,01,,09,D,,,,,C,N,N,A,1,0,0,0,21802.0,2,37.65631,-122.44081991,4
2015,2015-10-01,1718,10,3,17,4,Y,A,N,A,H,A,N,60,,02,G,Y,,,,B,N,N,A,1,1,0,0,21654.0,2,37.58839996,-122.38523994,3
2015,2015-10-06,1618,10,3,16,2,N,A,N,A,H,A,A,07,S,09,D,,,,,C,N,N,D,1,0,0,0,21804.0,2,37.5887932,-122.36045279,4
2015,2015-09-23,1446,9,3,14,3,N,A,Y,A,H,A,A,01,S,08,B,,,,,C,Y,N,A,1,0,0,0,22107.0,2,37.58741561,-122.37178224,4
2015,2015-09-30,1419,9,3,14,3,N,B,Y,B,H,A,A,01,S,03,E,,,,,I,Y,N,D,1,0,0,0,22350.0,1,37.65471328,-122.43384129,4
2015,2015-09-29,1554,9,3,15,2,Y,B,N,A,H,A,A,01,,09,D,,,,,C,N,N,A,1,0,0,0,21802.0,2,37.58346993,-122.36680997,4
2015,2015-09-25,730,9,3,7,5,N,A,N,A,H,A,A,01,W,10,G,Y,,,,B,N,F,A,1,1,0,0,21950.0,2,37.65460139,-122.45309915,3
2015,2015-09-04,1450,9,3,14,5,Y,A,N,A,H,A,A,01,,10,G,Y,,,,B,N,M,A,1,1,0,0,21950.0,2,37.63420997,-122.4227399,3
2015,2015-10-02,755,10,3,7,5,N,A,N,A,H,A,-,- ,S,10,G,Y,,,,B,N,F,D,1,1,0,0,21950.0,2,37.61732985,-122.4156172,3