ACCIDENT_YEAR,COLLISION_DATE,COLLISION_TIME,MONTH,SEASON,24HOURS,DAY_OF_WEEK,INTERSECTION,WEATHER_1,STATE_HWY_IND,ROAD_SURFACE,ROAD_COND_1,LIGHTING,STWD_VEHTYPE_AT_FAULT,CHP_VEHTYPE_AT_FAULT,DIRECTION,PCF_VIOL_CATEGORY,TYPE_OF_COLLISION,PEDESTRIAN_ACCIDENT,BICYCLE_ACCIDENT,MOTORCYCLE_ACCIDENT,TRUCK_ACCIDENT,MVIW,TOW_AWAY,HIT_AND_RUN,CONTROL_DEVICE,NUMBER_INJURED,COUNT_PED_INJURED,COUNT_BICYCLIST_INJURED,COUNT_MC_INJURED,PCF_VIOLATION,PARTY_COUNT,POINT_Y,POINT_X,COLLISION_SEVERITY
2015,2015-09-27,1325,9,3,13,7,Y,A,N,A,H,A,A,01,,12,D,,,,,C,Y,N,A,3,0,0,0,21453.0,2,37.63582991,-122.42367987,4
2015,2015-09-28,913,9,3,9,1,Y,A,N,A,H,A,A,01,,12,D,,,,,C,Y,N,A,2,0,0,0,22450.0,2,37.63391995,-122.41379988,4
2015,2015-10-02,1655,10,3,16,5,N,A,Y,A,H,A,A,01,S,04,C,,,,,C,N,N,D,1,0,0,0,21703.0,3,37.61525762,-122.43892561,4
2015,2015-10-05,2100,10,3,21,1,Y,A,Y,A,H,C,D,22,,10,G,Y,,,,B,Y,N,A,1,1,0,0,21950.0,2,37.61776593,-122.40882919,4
2015,2015-09-21,756,9,3,7,1,N,A,N,A,H,A,A,01,E,21,E,,,,,I,Y,N,D,1,0,0,0,22106.0,1,37.64942838,-122.492701,4
2015,2015-09-24,1934,9,3,19,4,Y,A,N,A,H,C,-,- ,,12,D,,,,,C,N,N,D,1,0,0,0,22450.0,2,37.62454999,-122.41123986,4
2015,2015-08-19,1554,8,2,15,3,Y,A,N,A,H,A,-,- ,,- ,B,,,,,C,Y,N,D,2,0,0,0,,2,37.47259998,-122.2218299,4
2015,2015-06-22,1813,6,2,18,1,Y,A,N,A,H,A,-,- ,,00,H,,Y,,,G,N,N,A,1,0,1,0,,2,37.48570994,-122.24198997,3
2015,2015-10-06,1752,10,3,17,2,Y,A,N,A,H,A,A,01,,12,D,,,,,C,Y,N,A,2,0,0,0,21453.0,2,37.48672997,-122.22360993,3
2015,2015-10-06,730,10,3,7,2,Y,A,N,A,H,A,-,,,10,H,,Y,,,G,N,F,A,1,0,1,0,21950.0,2,37.46795996,-122.2434399,4
2015,2015-10-05,2105,10,3,21,1,Y,A,N,A,H,C,A,01,,09,D,,,,,C,N,N,D,1,0,0,0,21802.0,2,37.48253997,-122.19492987,4
2015,2015-10-11,1136,10,3,11,7,Y,A,N,A,H,A,A,01,,09,D,,,,,C,N,N,A,1,0,0,0,21802.0,2,37.47710997,-122.22805999,4
2015,2015-10-13,952,10,3,9,2,N,A,N,A,H,A,A,01,N,03,H,,Y,,,G,N,N,A,1,0,1,0,22350.0,2,37.52940155,-122.26727539,3
2015,2015-10-11,449,10,3,4,7,Y,A,N,A,H,C,-,,,03,D,,,,,C,N,F,D,1,0,0,0,22350.0,2,37.48157997,-122.24305989,4
2015,2015-10-03,1034,10,3,10,6,Y,A,N,A,H,A,A,01,,12,B,,,,,C,Y,N,A,1,0,0,0,21453.0,2,37.48933989,-122.22184995,4
2015,2015-10-06,1151,10,3,11,2,N,A,Y,A,H,A,A,07,S,04,C,,,,,C,Y,N,D,1,0,0,0,21703.0,4,37.49309045,-122.24365045,4
2015,2015-10-10,1317,10,3,13,6,Y,A,N,A,H,A,L,04,,12,H,,Y,,,G,N,N,A,1,0,1,0,21453.0,2,37.5188599,-122.25255995,4
2015,2015-10-18,1730,10,3,17,7,N,A,Y,A,H,A,A,01,S,09,D,,,Y,,D,Y,N,A,2,0,0,2,21801.0,2,37.468194,-122.22380985,3
2015,2015-10-01,1924,10,3,19,4,N,A,Y,A,H,C,A,01,W,03,C,,,,,C,Y,N,A,5,0,0,0,22350.0,4,37.48003109,-122.21975216,4
2015,2015-10-06,1635,10,3,16,2,N,A,Y,A,H,A,A,01,N,08,E,,,,,I,N,N,D,1,0,0,0,22107.0,1,37.47408333,-122.21853651,4
2015,2015-10-15,543,10,3,5,4,N,A,Y,A,H,C,A,01,S,09,D,,,,,C,Y,N,D,1,0,0,0,21804.0,2,37.64744474,-122.42866347,4
2015,2015-10-22,652,10,3,6,4,Y,A,N,A,H,C,A,01,,09,D,,,,,C,Y,N,A,2,0,0,0,21802.0,2,37.64999989,-122.41193988,4
2015,2015-10-18,344,10,3,3,7,N,A,N,A,H,C,A,01,N,05,A,,,,,C,Y,N,D,2,0,0,0,21460.0,2,37.652802,-122.41094004,4
2015,2015-10-20,816,10,3,8,2,Y,A,N,A,H,A,-,,,09,D,,,,,C,N,N,A,1,0,0,0,21802.0,2,37.6622999,-122.40229994,4
2015,2015-09-08,1706,9,3,17,2,N,A,N,A,H,A,A,01,E,08,C,,,,,C,N,N,D,1,0,0,0,22107.0,2,37.48026802,-122.23169408,4
2015,2015-10-19,728,10,3,7,1,Y,A,N,A,H,A,L,04,,05,H,,Y,,,G,N,N,D,1,0,1,0,21650.0,2,37.47080998,-122.14652994,4
2015,2015-10-15,1451,10,3,14,4,Y,B,N,A,H,A,L,04,,05,H,,Y,,,G,N,N,A,1,0,1,0,21650.0,2,37.57872998,-122.34918994,4
2015,2015-09-25,405,9,3,4,5,N,A,N,A,H,C,A,01,N,08,A,,,,,E,Y,M,D,1,0,0,0,22107.0,2,37.45139171,-122.23530581,3
2015,2015-09-30,1413,9,3,14,3,N,C,Y,B,H,A,A,01,E,03,E,,,,,I,Y,N,D,1,0,0,0,22350.0,1,37.5640806,-122.27278552,4
2015,2015-09-18,1448,9,3,14,5,Y,A,N,A,H,A,A,01,,03,C,,,,,C,N,N,A,1,0,0,0,22350.0,2,37.48662993,-122.22631987,4
2015,2015-09-14,0,9,3,0,1,N,A,N,A,H,A,A,01,N,07,B,,,,,C,N,N,A,1,0,0,0,21658.0,2,37.48369838,-122.23186966,4
2015,2015-10-14,1704,10,3,17,3,Y,B,N,A,H,A,A,01,,10,G,Y,,,,B,N,N,A,2,2,0,0,21950.0,3,37.57853994,-122.34710989,2
2015,2015-10-26,1939,10,3,19,1,Y,A,N,A,H,C,A,01,,10,G,Y,,,,B,N,N,A,3,3,0,0,21950.0,4,37.58806989,-122.36303991,4
2015,2015-10-30,700,10,3,7,5,Y,B,N,A,H,C,A,07,,10,G,Y,,,,B,N,N,A,1,0,0,0,21950.0,2,37.5778999,-122.34473991,4
2015,2015-10-17,450,10,3,4,6,Y,A,Y,A,H,C,D,73,,01,E,,,,,I,Y,N,A,1,0,0,0,23152.0,1,37.61843646,-122.44198264,4
2015,2015-09-02,810,9,3,8,3,N,A,N,A,H,A,D,22,S,08,B,,Y,,,G,Y,N,D,1,0,1,0,21717.0,2,37.43583407,-122.2043684,3
2015,2015-09-03,720,9,3,7,4,N,A,Y,A,H,A,F,26,S,07,B,,,,Y,C,Y,N,D,3,0,0,0,21658.0,2,37.47502173,-122.16546819,2
2015,2015-09-03,930,9,3,9,4,N,A,Y,A,H,A,A,07,S,03,C,,,,,C,N,N,D,1,0,0,0,22350.0,3,37.48765813,-122.20608042,4
2015,2015-10-07,1354,10,3,13,3,N,A,N,A,H,A,A,01,S,09,D,,,,,C,Y,N,A,1,0,0,0,21804.0,2,37.67425571,-122.46745204,4
2015,2015-10-22,1055,10,3,10,4,Y,A,N,A,H,A,I,12,,09,A,,,,,C,N,N,D,3,0,0,0,21801.0,2,37.65124993,-122.44469998,3
2015,2015-10-02,107,10,3,1,5,N,A,N,A,H,C,A,01,N,08,C,,,,,E,Y,N,D,1,0,0,0,22107.0,3,37.58668,-122.34223,4
2015,2015-09-23,1529,9,3,15,3,N,A,N,A,H,A,F,26,W,03,C,,,,Y,C,N,N,A,1,0,0,0,22350.0,2,37.59003857,-122.38852429,4
2015,2015-10-06,815,10,3,8,2,Y,A,Y,A,H,A,A,07,,09,D,,,,,C,Y,N,A,1,0,0,0,21801.0,2,37.57643201,-122.35018351,4
2015,2015-10-14,1045,10,3,10,3,Y,A,N,A,H,A,A,01,,08,E,Y,,,,J,N,N,A,1,1,0,0,22107.0,2,37.57782993,-122.34811989,4
2015,2015-10-02,2011,10,3,20,5,N,A,N,A,H,C,A,01,E,21,D,,,,,C,N,N,D,1,0,0,0,22106.0,2,37.47355871,-122.14716584,4
2015,2015-10-11,833,10,3,8,7,Y,A,N,A,H,A,A,01,,00,G,Y,,,,B,N,N,A,1,1,0,0,22950.0,2,37.63364994,-122.45013989,3
2015,2015-10-14,817,10,3,8,3,N,A,Y,A,H,A,C,02,N,22,E,,,Y,,J,Y,N,A,1,0,0,1,,1,37.63453584,-122.42002125,3
2015,2015-09-13,2130,9,3,21,7,N,A,N,A,H,C,-,,W,03,C,,,,,C,N,F,D,1,0,0,0,22350.0,3,37.48261565,-122.20148461,4
2015,2015-10-15,2251,10,3,22,4,Y,A,N,A,H,E,A,01,,09,D,,,Y,,C,N,N,D,1,0,0,1,21803.0,2,37.48254992,-122.22240988,4
2015,2015-10-16,910,10,3,9,5,Y,A,N,A,H,A,A,01,,12,D,,,,,D,N,N,A,1,0,0,0,22450.0,2,37.69949996,-122.46899992,4
2015,2015-10-07,1935,10,3,19,3,Y,A,N,A,H,C,A,01,,09,A,,,,,C,Y,N,A,3,0,0,0,21801.0,2,37.68599995,-122.47221987,4
2015,2015-09-27,1830,9,3,18,7,N,A,N,A,H,A,N,60,S,11,G,Y,,,,B,N,N,D,1,1,0,0,21950.0,2,37.70827016,-122.4472581,2
2015,2015-09-24,801,9,3,8,4,Y,A,N,A,H,A,N,60,,11,G,Y,,,,B,N,N,D,1,1,0,0,21950.0,2,37.68446988,-122.48429991,3
2015,2015-09-19,1303,9,3,13,6,N,A,N,A,H,A,-,,N,03,C,,,,,C,N,M,D,1,0,0,0,22350.0,2,37.6989343,-122.48067332,4
2015,2015-09-12,940,9,3,9,6,N,B,N,A,H,A,A,01,S,09,A,,,,,C,Y,N,D,6,0,0,0,21801.0,2,37.67423258,-122.47267001,2
2015,2015-09-14,1504,9,3,15,1,N,B,N,B,H,A,N,60,W,11,G,Y,,,,B,N,N,D,1,1,0,0,21950.0,2,37.69338,-122.46638746,4
2015,2015-09-16,1602,9,3,16,3,N,A,N,A,H,A,A,01,W,08,C,,,,,E,N,N,D,1,0,0,0,22107.0,3,37.65413826,-122.45390414,3
2015,2015-09-11,628,9,3,6,5,N,B,Y,A,H,C,A,01,S,08,E,,,,,I,Y,N,A,2,0,0,0,22107.0,1,37.68941493,-122.46603821,3
2015,2015-09-10,730,9,3,7,4,Y,A,N,A,H,A,A,01,,09,D,,,,,C,N,N,A,1,0,0,0,21802.0,2,37.70732994,-122.44418992,4
2015,2015-09-14,1500,9,3,15,1,Y,C,N,B,H,A,A,01,,03,D,,,,,D,Y,N,D,2,0,0,0,22350.0,2,37.70416999,-122.47558985,4
2015,2015-09-06,1712,9,3,17,7,Y,A,N,A,H,A,N,60,,11,G,Y,,,,B,N,N,D,1,1,0,0,21950.0,2,37.70185993,-122.46226992,3
2015,2015-08-08,2121,8,2,21,6,Y,A,Y,A,H,C,A,01,,08,D,,,,,C,Y,N,A,2,0,0,0,22107.0,2,37.66177951,-122.46545266,3
2015,2015-10-22,1602,10,3,16,4,N,A,N,A,H,A,A,01,W,03,C,,,,,C,N,N,A,1,0,0,0,22350.0,2,37.639427,-122.418413,4
2015,2015-10-20,541,10,3,5,2,Y,B,Y,A,H,C,-,,,10,G,Y,,,,B,N,N,D,1,1,0,0,21950.0,2,37.61506328,-122.4061616,4
2015,2015-10-06,1650,10,3,16,2,Y,A,N,A,H,A,A,01,,21,C,,,,,C,N,N,A,1,0,0,0,22106.0,2,37.6333899,-122.42891992,4
2015,2015-10-05,1230,10,3,12,1,N,A,N,A,H,A,-,,N,08,E,,,,,I,Y,N,D,1,0,0,0,22107.0,1,37.56315748,-122.33985743,4
2015,2015-10-12,907,10,3,9,1,N,A,N,A,H,A,A,01,N,09,H,,Y,,,G,Y,N,D,1,0,1,0,21801.0,2,37.49576735,-122.24569724,3
2015,2015-08-22,1723,8,2,17,6,N,A,Y,A,H,A,A,01,W,03,C,,,,,C,N,N,D,2,0,0,0,22350.0,2,37.48067492,-122.21936017,4
2015,2015-10-29,1246,10,3,12,4,Y,A,Y,A,H,A,A,01,,12,D,,,,,C,Y,N,A,1,0,0,0,21453.0,2,37.62246665,-122.42734173,4
2015,2015-10-20,840,10,3,8,2,Y,A,N,A,H,A,A,01,,08,G,Y,,,,B,N,N,D,1,1,0,0,22107.0,2,37.58528997,-122.36244991,4
2015,2015-10-31,1118,10,3,11,6,N,A,Y,A,H,A,A,01,N,03,C,,,,,C,Y,N,A,2,0,0,0,22350.0,3,37.58767566,-122.37221903,4
2015,2015-10-29,914,10,3,9,4,Y,A,N,A,D,A,L,04,,05,E,,Y,,,J,N,N,D,1,0,1,0,21650.0,1,37.58353,-122.35409989,3
2015,2015-10-24,1808,10,3,18,6,N,A,N,A,H,A,A,01,W,10,G,Y,,,,B,N,N,D,1,1,0,0,21952.0,2,,,4
2015,2015-10-18,1221,10,3,12,7,N,A,N,A,H,A,L,04,N,17,H,,Y,,,G,N,N,A,1,0,1,0,21200.0,2,37.47782778,-122.2131228,3
2015,2015-10-23,1634,10,3,16,5,Y,A,N,A,H,A,A,08,,09,D,,,,,C,Y,N,D,1,0,0,0,21802.0,2,37.48888989,-122.2336999,4
2015,2015-10-27,2118,10,3,21,2,N,B,N,D,H,C,A,01,S,03,C,,,,,C,Y,N,A,1,0,0,0,22350.0,2,37.5612864,-122.26911539,4
2015,2015-10-21,1653,10,3,16,3,N,A,N,A,H,A,A,01,W,03,C,,,,,C,N,N,D,1,0,0,0,22350.0,2,37.55117481,-122.28115519,4
2015,2015-10-07,930,10,3,9,3,N,A,Y,A,H,A,A,01,N,03,C,,,,,C,N,N,A,1,0,0,0,22350.0,2,37.45302851,-122.18191792,4
2015,2015-10-07,808,10,3,8,3,Y,A,N,A,H,A,A,01,,17,H,,Y,,,G,N,N,A,1,0,1,0,22517.0,2,37.45181995,-122.18641998,4
2015,2015-10-08,1357,10,3,13,4,Y,A,Y,A,H,A,A,01,,10,G,Y,,,,B,N,N,A,1,1,0,0,21950.0,2,37.45195794,-122.17976614,3
2015,2015-10-09,1455,10,3,14,5,N,A,N,A,H,A,A,01,W,03,C,,,,,C,N,N,D,1,0,0,0,22350.0,2,37.46342569,-122.15819659,4
2015,2015-10-14,751,10,3,7,3,N,A,N,A,H,A,L,04,E,08,H,,Y,,,G,N,N,D,1,0,1,0,22107.0,2,37.44863543,-122.18704125,3
2015,2015-10-17,1829,10,3,18,6,N,A,N,A,H,A,A,01,,03,D,,,,,E,N,N,D,3,0,0,0,22350.0,2,37.47620994,-122.16565994,4
2015,2015-10-21,1549,10,3,15,3,N,A,Y,A,H,A,A,07,S,08,A,,,,,C,N,N,A,1,0,0,0,22107.0,3,37.64901839,-122.47191948,4
2015,2015-10-20,1129,10,3,11,2,Y,A,Y,A,H,A,A,01,,09,D,,,,,C,Y,N,A,1,0,0,0,21804.0,2,37.64131631,-122.46635285,4
2015,2015-09-23,900,9,3,9,3,N,A,N,A,H,A,-,- ,E,- ,H,,Y,,,H,N,N,D,1,0,1,0,,1,37.42139197,-122.20409304,3
2015,2015-09-10,1821,9,3,18,4,N,A,N,A,H,A,C,02,W,17,D,,,Y,,C,Y,N,D,1,0,0,1,21209.0,2,37.47959,-122.15186,3
2015,2015-10-20,851,10,3,8,2,N,A,Y,A,H,A,A,01,W,03,C,,,,,C,Y,N,A,1,0,0,0,22350.0,2,37.52787236,-122.27175698,4
2015,2015-10-07,800,10,3,8,3,Y,A,N,A,H,A,A,01,,12,D,,,,,C,Y,N,A,1,0,0,0,22450.0,2,37.46543997,-122.23045995,4
2015,2015-10-26,926,10,3,9,1,N,A,N,A,H,A,A,01,S,05,G,Y,,,,B,N,N,D,1,1,0,0,21460.0,3,37.49268177,-122.24198695,3
2015,2015-10-20,2133,10,3,21,2,Y,A,Y,A,H,C,A,01,,03,C,,,,,C,N,N,A,1,0,0,0,22350.0,2,37.48977837,-122.21559788,4
2015,2015-10-01,1218,10,3,12,4,Y,A,Y,A,H,A,A,01,,12,D,,,,Y,C,Y,N,A,5,0,0,0,21453.0,3,37.62667527,-122.43040633,2
2015,2015-10-22,1205,10,3,12,4,Y,A,N,A,H,A,A,01,,12,D,,,,Y,D,N,N,A,1,0,0,0,21453.0,2,37.59948997,-122.50005992,4
2015,2015-10-13,2500,10,3,25,2,N,A,N,A,H,C,A,01,N,08,C,,,,,E,N,M,D,1,0,0,0,22107.0,2,37.64884913,-122.47462899,3
2015,2015-10-13,156,10,3,1,2,Y,A,N,A,H,C,A,01,,01,C,,,,,E,Y,M,A,1,0,0,0,23152.0,2,37.64535999,-122.47405995,3
2015,2015-10-23,2207,10,3,22,5,N,A,N,A,H,C,C,03,W,01,E,,,Y,,J,Y,N,D,1,0,0,1,23152.0,1,37.49968285,-122.24342454,4
2015,2015-10-11,1216,10,3,12,7,N,A,N,A,H,A,A,01,W,05,A,,,,,C,Y,N,D,2,0,0,0,21460.0,3,,,3
2015,2015-10-14,1720,10,3,17,3,Y,A,N,A,H,A,A,07,,09,D,,,,,C,Y,N,A,1,0,0,0,21802.0,3,37.50616999,-122.25779994,4
2015,2015-10-16,628,10,3,6,5,N,A,Y,A,H,B,A,01,S,10,G,Y,,,,B,N,N,A,1,1,0,0,21950.0,2,37.60223293,-122.39176719,3
2015,2015-10-07,1148,10,3,11,3,N,A,Y,A,H,A,A,01,S,05,E,,,,,I,Y,N,A,1,0,0,0,21651.0,1,37.61024546,-122.40136576,3
2015,2015-10-10,1549,10,3,15,6,N,A,Y,A,H,A,C,03,E,05,D,,,Y,,C,Y,N,D,2,0,0,2,21460.0,2,37.39144641,-122.26116338,3
2015,2015-10-21,1600,10,3,16,3,N,A,N,A,H,A,A,07,N,03,C,,,,,C,N,N,A,1,0,0,0,22350.0,3,37.42789241,-122.19505916,4
2015,2015-09-17,2040,9,3,20,4,N,A,N,A,H,C,D,22,N,22,C,,,,,C,Y,N,D,1,0,0,0,,4,,,4
2015,2015-10-25,233,10,3,2,7,Y,A,N,A,H,C,A,01,,01,E,,,,,I,Y,N,A,1,0,0,0,23152.0,1,37.46852,-122.14147993,4
2015,2015-10-02,1100,10,3,11,5,Y,A,N,A,H,A,A,01,,08,D,,,,,C,N,N,D,1,0,0,0,22107.0,2,37.42462993,-122.20827999,3
2015,2015-10-14,1713,10,3,17,3,N,A,Y,A,H,A,A,01,S,01,D,,,,,C,Y,N,A,1,0,0,0,23152.0,2,37.45554861,-122.18697653,3
2015,2015-10-16,1415,10,3,14,5,N,A,N,A,H,A,-,- ,N,- ,H,,Y,,,G,N,N,D,1,0,1,0,,2,37.48379067,-122.14610358,3
2015,2015-10-29,1506,10,3,15,4,Y,A,N,A,H,A,A,01,,10,G,Y,,,,B,N,F,D,1,1,0,0,21950.0,2,37.45119997,-122.18861991,3
2015,2015-10-29,730,10,3,7,4,Y,A,N,A,H,A,-,99,,10,G,Y,,,,B,N,F,A,1,1,0,0,21950.0,2,37.42375992,-122.19547986,3
2015,2015-10-21,1821,10,3,18,3,N,A,Y,A,H,A,A,01,S,03,C,,,,,C,N,N,A,2,0,0,0,22350.0,2,37.45524316,-122.18636461,4
2015,2015-11-01,1212,11,3,12,7,N,A,N,A,H,A,L,04,W,04,H,,Y,,,G,N,N,D,1,0,1,0,21703.0,2,37.42082586,-122.20797422,3
2015,2015-10-13,1810,10,3,18,2,Y,A,N,A,H,A,A,01,,10,A,Y,,,,B,N,F,A,1,1,0,0,21950.0,2,37.65933994,-122.41432989,4
2015,2015-10-20,1650,10,3,16,2,N,A,N,A,H,A,-,- ,S,18,C,,,,,E,N,N,D,1,0,0,0,,3,37.66135627,-122.40796935,3
2015,2015-11-09,1700,11,3,17,1,N,C,N,B,H,C,F,26,E,03,C,,,,Y,C,N,N,D,1,0,0,0,22350.0,2,37.48165032,-122.19863176,4
2015,2015-10-22,710,10,3,7,4,Y,A,N,A,H,A,A,01,,12,D,,Y,,,H,N,N,A,1,0,1,0,22450.0,2,37.46901999,-122.23828,3
2015,2015-10-06,1802,10,3,18,2,N,A,N,A,H,A,A,01,S,03,A,,,,,C,N,N,D,1,0,0,0,22350.0,2,37.69561528,-122.46194549,3
2015,2015-10-29,1643,10,3,16,4,N,A,N,A,H,A,A,01,N,22,G,Y,,,,B,N,N,A,1,1,0,0,,2,,,4
2015,2015-10-09,1130,10,3,11,5,N,A,N,A,H,A,A,01,N,03,C,,,,Y,C,Y,N,A,2,0,0,0,22350.0,4,37.69379662,-122.46493771,4
2015,2015-10-19,1202,10,3,12,1,N,B,N,A,H,A,A,01,W,09,C,,,,,C,Y,N,D,1,0,0,0,21804.0,3,37.6530789,-122.46340044,4
2015,2015-10-27,1230,10,3,12,2,Y,A,N,A,H,A,A,01,,12,D,,,,,C,Y,N,A,1,0,0,0,21453.0,3,37.66047685,-122.47577734,4
2015,2015-10-24,1235,10,3,12,6,N,A,N,A,H,A,A,01,S,05,A,,,,,C,N,N,D,2,0,0,0,21650.0,4,37.70634073,-122.41515193,3
2015,2015-10-09,1635,10,3,16,5,-,A,N,A,H,A,A,07,,08,C,,,,,E,N,N,D,1,0,0,0,22107.0,4,37.70008259,-122.46130764,4
2015,2015-10-24,33,10,3,0,6,Y,E,N,A,H,C,A,01,,09,D,,,,,C,N,N,A,1,0,0,0,21801.0,2,37.70314999,-122.46757992,4
2015,2015-10-12,700,10,3,7,1,Y,A,Y,A,H,A,A,07,,12,D,,,,,C,Y,N,A,1,0,0,0,21453.0,2,37.6722968,-122.46751643,4
2015,2015-10-13,1026,10,3,10,2,Y,A,Y,A,H,A,A,01,,09,G,Y,,,,B,N,N,A,1,1,0,0,21453.0,2,37.70820994,-122.47104495,4
2015,2015-10-14,619,10,3,6,3,Y,E,N,A,H,C,A,08,,09,D,,,,,C,N,M,A,1,0,0,0,21802.0,2,37.69736993,-122.46202994,4
2015,2015-10-03,1515,10,3,15,6,Y,A,N,A,H,A,A,01,,12,D,,,,,C,N,F,A,1,0,0,0,22450.0,2,37.68794991,-122.45820995,4
2015,2015-10-10,1935,10,3,19,6,N,A,N,A,H,C,A,01,S,10,G,Y,,,,B,N,N,A,1,1,0,0,21950.0,2,37.70040932,-122.48434078,4
2015,2015-09-25,1618,9,3,16,5,Y,A,N,A,H,A,-,,,07,B,,,,,C,N,F,A,1,0,0,0,21658.0,2,37.66905989,-122.46896989,3
2015,2015-11-13,1805,11,3,18,5,N,A,Y,A,H,C,D,22,W,03,C,,,,,C,Y,F,D,1,0,0,0,22350.0,2,37.46046808,-122.22573649,4
2015,2015-11-02,1505,11,3,15,1,Y,B,Y,A,H,A,I,11,,09,D,,,,,C,Y,N,A,1,0,0,0,21801.0,2,37.58568737,-122.3688744,4
2015,2015-11-12,1611,11,3,16,4,Y,A,N,D,H,A,A,01,,- ,E,Y,,,,I,N,N,D,2,2,0,0,,3,37.47323179,-122.21735343,4
2015,2015-11-17,808,11,3,8,2,N,A,N,A,H,A,A,01,E,09,H,,Y,,,G,N,N,D,1,0,1,0,21801.0,2,37.47303147,-122.23321216,3
2015,2015-11-11,1536,11,3,15,3,Y,A,N,A,H,A,L,04,,12,H,,Y,,,G,Y,N,A,1,0,1,0,21453.0,2,37.52864991,-122.26388987,3
2015,2015-11-13,1736,11,3,17,5,Y,A,N,A,H,C,N,60,,11,G,Y,,,,B,N,N,A,1,1,0,0,21453.0,2,37.47150996,-122.22310986,2
2015,2015-11-09,851,11,3,8,1,Y,C,N,D,H,A,A,01,,05,A,,,,,C,N,N,A,1,0,0,0,21651.0,2,37.4800999,-122.21704995,4
2015,2015-11-13,816,11,3,8,5,N,A,Y,A,H,A,A,01,W,10,G,Y,,,,B,N,N,D,1,1,0,0,21950.0,2,37.5192052,-122.2744965,4
2015,2015-10-26,1650,10,3,16,1,Y,B,N,A,H,A,A,01,,09,D,,,,,C,N,N,A,2,0,0,0,21802.0,2,37.65969997,-122.43147986,4
2015,2015-09-20,1000,9,3,10,7,N,A,N,A,H,A,A,01,S,- ,E,,,,,I,N,N,D,1,0,0,0,,1,37.70355837,-122.4076268,3
2015,2015-11-03,1531,11,3,15,2,Y,A,N,A,H,A,A,01,,09,D,,,,,C,N,N,A,1,0,0,0,21802.0,2,37.46574997,-122.14934991,4
2015,2015-11-09,1242,11,3,12,1,Y,B,N,B,H,A,L,04,,12,H,,Y,,,G,N,N,A,1,0,1,0,21453.0,2,37.46266991,-122.1418699,4
2015,2015-11-07,1100,11,3,11,6,Y,A,N,A,H,A,A,07,,09,D,,,,,C,Y,N,A,1,0,0,0,21802.0,2,37.58553997,-122.39045999,4
2015,2015-11-01,2305,11,3,23,7,Y,A,Y,A,H,C,A,01,,09,D,,,,,C,N,N,A,1,0,0,0,21453.0,2,37.46084823,-122.14176289,4
2015,2015-11-04,1755,11,3,17,3,N,A,Y,A,H,C,A,07,S,09,D,,,,,C,Y,N,D,1,0,0,0,21804.0,2,37.61158704,-122.43547527,4
2015,2015-10-23,1431,10,3,14,5,Y,A,N,A,H,A,A,01,,12,D,,,,,C,N,N,D,2,0,0,0,22450.0,3,37.46728989,-122.1480699,4
2015,2015-11-02,1001,11,3,10,1,N,B,Y,B,H,A,A,01,S,03,C,,,,,C,N,N,D,1,0,0,0,22350.0,2,37.61131174,-122.40242,4
2015,2015-11-02,1740,11,3,17,1,Y,A,N,A,H,B,A,01,,10,G,Y,,,,B,N,N,D,1,1,0,0,21950.0,2,37.6036299,-122.39719996,4
2015,2015-07-30,610,7,2,6,4,N,A,N,A,H,A,D,22,S,03,C,,,,,C,Y,N,A,1,0,0,0,22350.0,3,37.47670412,-122.13969653,4
2015,2015-02-19,1518,2,4,15,4,N,A,N,A,H,A,A,01,,03,H,,Y,,,G,N,N,D,1,0,1,0,22350.0,2,37.66314528,-122.46311188,4
2015,2015-11-09,810,11,3,8,1,N,C,Y,B,H,A,A,01,N,03,C,,,,,C,Y,N,A,1,0,0,0,22350.0,2,37.63219056,-122.45441011,4
2015,2015-11-04,1520,11,3,15,3,Y,A,N,A,H,A,A,01,,09,D,,,,,C,Y,N,A,1,0,0,0,21802.0,2,37.62261,-122.41340989,4
2015,2015-09-06,1558,9,3,15,7,Y,A,Y,A,H,A,D,22,,07,B,,,,Y,C,Y,N,D,2,0,0,0,21658.0,3,37.57647304,-122.35033903,4
2015,2015-10-29,1351,10,3,13,4,N,A,Y,A,D,A,A,01,E,03,C,,,,,C,Y,N,A,1,0,0,0,22350.0,2,37.43601738,-122.24197891,4
2015,2015-11-03,730,11,3,7,2,Y,A,N,A,H,A,-,,,- ,C,,,,,C,N,M,D,1,0,0,0,,2,37.46959,-122.43213992,4
2015,2015-11-02,1633,11,3,16,1,N,A,N,A,H,B,A,01,S,05,E,,,,,I,Y,N,D,1,0,0,0,21650.0,1,37.44649712,-122.26736742,4
2015,2015-11-11,1720,11,3,17,3,Y,C,N,A,H,C,A,07,,12,D,,,,,C,Y,N,A,3,0,0,0,21453.0,2,37.50582991,-122.2621599,4
2015,2015-11-06,2019,11,3,20,5,Y,A,N,A,H,C,A,01,,10,G,Y,,,,B,N,N,A,1,1,0,0,21950.0,2,37.59742994,-122.38935998,4
2015,2015-10-28,1057,10,3,10,3,Y,A,N,A,H,A,A,01,,08,C,,,,,C,N,N,D,1,0,0,0,22107.0,2,37.60103988,-122.39328986,4
2015,2015-10-24,1841,10,3,18,6,N,A,N,A,H,D,A,01,N,08,E,,,,,J,Y,N,D,1,0,0,0,22107.0,1,37.49441641,-122.2670442,4
2015,2015-10-18,1054,10,3,10,7,N,A,N,A,H,A,L,04,S,03,H,,Y,,,G,N,N,D,1,0,1,0,22350.0,2,37.42079136,-122.244031,3