ACCIDENT_YEAR,COLLISION_DATE,COLLISION_TIME,MONTH,SEASON,24HOURS,DAY_OF_WEEK,INTERSECTION,WEATHER_1,STATE_HWY_IND,ROAD_SURFACE,ROAD_COND_1,LIGHTING,STWD_VEHTYPE_AT_FAULT,CHP_VEHTYPE_AT_FAULT,DIRECTION,PCF_VIOL_CATEGORY,TYPE_OF_COLLISION,PEDESTRIAN_ACCIDENT,BICYCLE_ACCIDENT,MOTORCYCLE_ACCIDENT,TRUCK_ACCIDENT,MVIW,TOW_AWAY,HIT_AND_RUN,CONTROL_DEVICE,NUMBER_INJURED,COUNT_PED_INJURED,COUNT_BICYCLIST_INJURED,COUNT_MC_INJURED,PCF_VIOLATION,PARTY_COUNT,POINT_Y,POINT_X,COLLISION_SEVERITY
2016,2016-06-20,1708,6,2,17,1,Y,A,Y,A,H,A,F,26,,01,D,,,,Y,C,N,N,A,2,0,0,0,23152.0,2,37.65832872,-122.43935224,3
2016,2016-06-17,2207,6,2,22,5,Y,A,N,A,H,C,A,01,,17,D,,Y,,,G,N,F,A,1,0,1,0,21451.0,2,37.65496203,-122.43413817,3
2016,2016-06-18,650,6,2,6,6,Y,A,N,A,H,A,A,01,,12,D,,,,,C,N,N,A,3,0,0,0,21453.0,2,37.65431999,-122.43611988,4
2016,2016-05-12,1809,5,1,18,4,N,A,N,A,H,A,N,60,N,00,G,Y,,,,B,N,N,D,1,1,0,0,22950.0,2,37.47106716,-122.22969999,3
2016,2016-05-04,1545,5,1,15,3,N,A,N,A,H,A,A,01,S,21,G,Y,,,,B,N,N,D,1,1,0,0,22106.0,2,37.46599831,-122.23599634,4
2016,2016-05-11,1730,5,1,17,3,N,A,N,A,H,A,A,01,W,17,H,,Y,,,G,N,N,D,1,0,1,0,22517.0,2,37.47988,-122.19401,4
2016,2016-05-21,1349,5,1,13,6,Y,A,N,A,H,A,A,01,,07,B,,,,,C,Y,N,D,2,0,0,0,21658.0,2,37.48177991,-122.23161996,3
2016,2016-05-09,1830,5,1,18,1,Y,A,N,A,H,A,A,01,,12,D,,,,,C,N,N,A,1,0,0,0,22450.0,2,37.48384993,-122.24432994,4
2016,2016-04-29,1645,4,1,16,5,Y,A,N,A,H,A,A,01,,09,A,,,,,C,Y,N,A,2,0,0,0,21801.0,2,37.65804995,-122.42305987,4
2016,2016-04-07,1646,4,1,16,4,N,B,N,A,H,A,-,- ,E,18,D,,,,,C,Y,N,D,1,0,0,0,,2,37.48717301,-122.25561399,3
2016,2016-05-16,823,5,1,8,1,N,A,N,A,H,A,C,02,S,05,H,,,Y,,A,N,N,A,1,0,0,1,21752.0,4,37.52900723,-122.28588545,4
2016,2016-05-17,1951,5,1,19,2,Y,A,N,A,H,A,A,07,,12,G,,,,,B,N,N,A,1,0,0,0,22450.0,2,37.62657989,-122.40978998,3
2016,2016-05-15,250,5,1,2,7,N,A,N,A,H,C,A,01,N,01,B,,,,,E,Y,N,D,1,0,0,0,23152.0,4,37.62313423,-122.40970569,3
2016,2016-05-14,1213,5,1,12,6,Y,A,Y,A,H,A,A,01,,12,D,,,,,C,Y,N,A,1,0,0,0,21453.0,2,37.63469217,-122.4201123,4
2016,2016-05-15,1819,5,1,18,7,Y,A,N,A,H,A,-,,,04,C,,,,,C,N,N,A,5,0,0,0,21703.0,2,37.48661995,-122.2323599,4
2016,2016-05-27,2028,5,1,20,5,N,A,N,A,H,A,D,22,W,00,B,,,,,C,Y,N,D,1,0,0,0,23109.0,2,37.47107951,-122.25968844,3
2016,2016-05-18,759,5,1,7,3,N,A,N,A,H,A,A,07,E,03,D,,,,,C,N,N,D,1,0,0,0,22350.0,2,37.54665577,-122.24091433,4
2016,2016-05-19,1926,5,1,19,4,Y,A,N,A,H,A,-,- ,,00,D,,,,,C,N,N,A,1,0,0,0,,2,37.4836099,-122.22479994,4
2016,2016-05-24,1755,5,1,17,2,N,A,N,A,H,A,L,04,,03,E,,Y,,,I,N,N,D,1,0,1,0,22350.0,1,37.45508996,-122.25259991,3
2016,2016-05-22,216,5,1,2,7,N,A,N,A,H,C,A,01,N,01,C,,,,,E,Y,N,D,2,0,0,0,23153.0,3,37.48686,-122.22114,3
2016,2016-05-25,936,5,1,9,3,Y,A,N,A,H,A,A,01,,12,D,,,,,C,N,N,A,1,0,0,0,22450.0,2,37.46409991,-122.24595995,4
2016,2016-05-27,800,5,1,8,5,N,A,N,A,H,A,-,,E,03,G,Y,,,,B,N,F,D,1,1,0,0,22350.0,2,37.49377192,-122.24331802,2
2016,2016-05-27,2227,5,1,22,5,N,A,N,A,H,C,C,02,E,03,E,,,Y,,J,Y,N,A,1,0,0,1,22350.0,1,37.49346188,-122.23601749,4
2016,2016-05-26,811,5,1,8,4,Y,A,N,A,H,A,A,01,,09,H,,,Y,,C,Y,N,A,1,0,0,1,21802.0,2,37.45337387,-122.22940592,4
2016,2016-05-19,1140,5,1,11,4,N,A,N,A,H,A,A,07,S,08,B,,,,,C,N,N,A,2,0,0,0,22107.0,2,37.48470907,-122.22820964,4
2016,2016-05-29,1006,5,1,10,7,Y,A,N,A,H,A,A,01,,08,D,,,,,C,N,N,A,2,0,0,0,22107.0,2,37.49046747,-122.23982605,4
2016,2016-05-12,1119,5,1,11,4,N,A,Y,A,H,A,N,60,S,11,G,Y,,,,B,N,N,D,1,1,0,0,21956.0,2,37.48396085,-122.23223395,3
2016,2016-06-06,1801,6,2,18,1,N,A,N,A,H,A,A,01,N,21,C,,,,,C,N,N,A,1,0,0,0,22106.0,2,37.47997857,-122.19971616,4
2016,2016-02-21,1712,2,4,17,7,N,A,Y,A,-,C,N,60,N,11,G,Y,,,,B,N,N,B,1,1,0,0,21950.0,2,37.69963843,-122.46387175,2
2016,2016-05-20,1305,5,1,13,5,Y,B,N,A,H,A,D,82,,21,D,,Y,,,G,N,N,A,1,0,1,0,22106.0,2,37.65443082,-122.40539074,4
2016,2016-04-22,1711,4,1,17,5,Y,A,N,A,H,A,A,01,,09,A,,,,,C,Y,N,D,1,0,0,0,21801.0,2,37.54487992,-122.26725996,4
2016,2016-04-26,755,4,1,7,2,Y,A,N,A,H,A,A,01,,09,H,,Y,,,G,N,F,D,1,0,1,0,21801.0,2,37.46752999,-122.18968987,4
2016,2016-05-15,1233,5,1,12,7,N,A,N,A,H,A,A,01,N,08,E,,,,,I,Y,N,D,2,0,0,0,22107.0,1,37.4676681,-122.18996377,2
2016,2016-03-19,800,3,1,8,6,N,A,N,A,H,A,D,22,N,13,G,,,,,B,N,N,D,1,0,0,0,22515.0,1,37.69949568,-122.46214181,2
2016,2016-05-28,226,5,1,2,6,N,A,N,A,H,C,A,01,E,01,E,,,,,I,N,N,D,1,0,0,0,23152.0,1,37.70144903,-122.48487735,4
2016,2016-05-07,411,5,1,4,6,Y,A,N,A,H,C,A,01,,01,E,,,,,I,Y,N,A,1,0,0,0,23152.0,1,37.69841994,-122.48042999,4
2016,2016-05-11,2148,5,1,21,3,N,A,Y,A,H,C,C,02,N,08,E,,,Y,,J,Y,N,D,1,0,0,1,22107.0,1,37.69304469,-122.46505853,4
2016,2016-05-26,1908,5,1,19,4,Y,A,N,A,H,A,A,07,,01,E,,,,,J,N,N,D,1,0,0,0,23152.0,1,37.66332993,-122.47579989,3
2016,2016-05-07,238,5,1,2,6,N,A,N,A,H,C,A,01,W,01,B,,,,,E,Y,N,D,1,0,0,0,23152.0,3,37.69594219,-122.49238013,4
2016,2016-05-10,1320,5,1,13,2,Y,B,Y,A,H,A,C,02,,- ,E,,,Y,,I,Y,N,D,1,0,0,1,,1,37.6969095,-122.46445885,3
2016,2016-05-10,1520,5,1,15,2,Y,A,N,A,H,A,A,01,,04,C,,,,,C,N,N,A,2,0,0,0,21703.0,2,37.6856699,-122.47075997,4
2016,2016-05-01,2007,5,1,20,7,Y,A,N,A,H,A,A,01,,09,D,,,,,C,N,N,A,1,0,0,0,21802.0,2,37.68788991,-122.47431996,4
2016,2016-04-08,2254,4,1,22,5,Y,B,N,B,H,C,A,01,,03,G,Y,,,,B,N,N,D,1,1,0,0,22350.0,2,37.70014989,-122.46217993,4
2016,2016-05-11,2120,5,1,21,3,Y,B,N,A,H,C,A,01,,09,D,,,,,C,N,N,D,3,0,0,0,21802.0,2,37.70662992,-122.41407988,4
2016,2016-05-22,1457,5,1,14,7,N,A,N,A,H,A,A,01,E,09,D,,,,,C,Y,N,D,1,0,0,0,21804.0,2,37.68580222,-122.48122444,3
2016,2016-05-08,1501,5,1,15,7,N,A,N,A,H,A,A,07,E,12,D,,,,,C,N,N,A,1,0,0,0,21453.0,2,37.66372047,-122.46657273,4
2016,2016-05-08,1504,5,1,15,7,Y,B,N,A,H,A,L,04,,03,E,,Y,,,I,N,N,A,1,0,1,0,22350.0,1,37.68448989,-122.47223999,3
2016,2016-05-08,0,5,1,0,7,N,A,N,A,H,A,A,01,E,21,E,,,,,I,N,N,D,1,0,0,0,22106.0,1,37.68977,-122.46746986,4
2016,2016-05-06,1457,5,1,14,5,N,B,N,B,H,A,A,01,W,09,B,,,,,C,N,F,D,1,0,0,0,21804.0,2,37.66906,-122.46941929,4
2016,2016-04-15,1802,4,1,18,5,Y,A,N,A,H,A,A,01,,08,C,,,,,C,N,N,A,1,0,0,0,22107.0,2,37.66329994,-122.46404989,4
2016,2016-04-26,1621,4,1,16,2,-,A,Y,A,H,A,A,01,,08,E,,,,,J,N,N,D,1,0,0,0,22107.0,1,37.70326427,-122.49715901,3
2016,2016-04-28,812,4,1,8,4,Y,A,Y,A,H,A,A,01,,10,G,Y,,,,B,N,N,D,1,1,0,0,21950.0,2,37.67092185,-122.47714546,3
2016,2016-04-18,2156,4,1,21,1,Y,A,N,A,H,C,A,01,,07,B,,,,,C,N,N,A,1,0,0,0,21658.0,2,37.69765998,-122.4644199,4
2016,2016-05-30,1630,5,1,16,1,N,A,Y,A,H,A,A,01,N,03,C,,,,,C,Y,N,D,1,0,0,0,22350.0,2,37.46625105,-122.20776577,4
2016,2016-04-28,635,4,1,6,4,-,A,N,A,H,A,A,08,E,09,B,,,,,C,N,N,D,1,0,0,0,21800.0,2,37.70106728,-122.48916169,4
2016,2016-04-14,740,4,1,7,4,N,F,N,A,H,A,A,01,E,03,D,,,,,C,Y,N,D,2,0,0,0,22350.0,2,37.68463722,-122.47553805,4
2016,2016-04-06,2014,4,1,20,3,Y,A,N,A,H,C,L,04,,03,D,,Y,,,G,Y,N,D,1,0,1,0,22350.0,2,37.68991998,-122.48975988,2
2016,2016-04-24,1405,4,1,14,7,N,A,N,A,H,A,A,01,E,03,C,,,,,C,N,M,D,2,0,0,0,22350.0,2,37.68851664,-122.46741415,4
2016,2016-03-16,1700,3,1,17,3,Y,A,N,A,H,A,A,01,,03,C,,,,,C,N,N,A,1,0,0,0,22350.0,2,37.70490994,-122.46226997,4
2016,2016-06-13,821,6,2,8,1,N,A,Y,A,H,A,A,01,W,03,C,,,,,C,N,N,A,1,0,0,0,22350.0,2,37.6664474,-122.45127357,4
2016,2016-06-09,1350,6,2,13,4,Y,A,Y,A,H,A,A,01,,03,C,,,,,C,Y,N,D,2,0,0,0,22350.0,2,37.57817797,-122.35544412,3
2016,2016-06-16,1019,6,2,10,4,Y,A,N,A,H,A,A,01,,09,D,,,,,C,Y,N,A,3,0,0,0,21453.0,2,37.65462996,-122.40223987,2
2016,2016-06-14,1516,6,2,15,2,Y,A,N,A,H,A,A,01,,12,D,,,,,C,N,F,A,1,0,0,0,21453.0,3,37.65614993,-122.40978999,4
2016,2016-06-09,1412,6,2,14,4,N,A,N,A,H,A,F,26,N,08,B,,,,Y,E,Y,N,A,1,0,0,0,22107.0,2,37.65424818,-122.4104494,4
2016,2016-06-11,48,6,2,0,6,Y,A,N,A,H,C,A,01,,01,B,,,,,E,N,M,D,1,0,0,0,23152.0,5,37.6672699,-122.41635987,3
2016,2016-06-01,956,6,2,9,3,Y,A,N,A,H,A,A,01,,09,D,,,,,C,Y,N,A,2,0,0,0,21802.0,2,37.66058992,-122.42978997,4
2016,2016-05-16,1730,5,1,17,1,N,A,Y,A,H,A,A,01,N,03,C,,,,,C,N,N,A,1,0,0,0,22350.0,2,37.58923993,-122.37486219,4
2016,2016-04-22,0,4,1,0,5,N,A,Y,A,H,A,D,83,N,03,C,,,,,C,Y,F,D,1,0,0,0,22350.0,3,37.61049038,-122.49258174,4
2016,2016-04-29,1220,4,1,12,5,N,A,N,A,H,A,F,27,N,- ,H,,,,Y,I,Y,N,D,1,0,0,0,,1,37.59424641,-122.50811122,4
2016,2016-02-15,2345,2,4,23,1,N,A,N,A,H,C,D,22,N,01,E,,,,,I,Y,N,D,1,0,0,0,23152.0,1,37.47326229,-122.2172454,4
2016,2016-10-07,1326,10,3,13,5,N,A,N,A,H,A,-,- ,W,18,A,,,Y,,H,Y,N,D,1,0,0,1,,1,37.63835607,-122.46543199,3
2016,2016-05-25,2355,5,1,23,3,Y,A,Y,A,H,C,D,73,,12,D,,,,,C,N,N,A,1,0,0,0,21453.0,2,37.508691,-122.26199252,3
2016,2016-06-07,857,6,2,8,2,Y,B,Y,D,H,A,A,01,,03,C,,,,Y,C,Y,N,D,1,0,0,0,22350.0,2,37.4952655,-122.45578665,4
2016,2016-06-02,647,6,2,6,4,Y,B,Y,A,H,A,A,01,,09,D,,,,,C,N,N,D,1,0,0,0,21802.0,2,37.45540984,-122.4325267,4
2016,2016-05-01,920,5,1,9,7,N,A,Y,A,H,A,C,03,E,03,H,,,Y,,A,Y,N,D,1,0,0,1,22350.0,1,37.43388631,-122.2453581,4
2016,2016-06-01,830,6,2,8,3,Y,A,N,A,H,A,A,01,,12,D,,,,,C,Y,N,A,2,0,0,0,21453.0,2,37.49909994,-122.2497,4
2015,2015-05-16,1725,5,1,17,6,Y,A,N,A,H,A,A,01,,09,H,,Y,,,G,N,N,D,1,0,1,0,21801.0,2,37.50018995,-122.24400992,4
2016,2016-05-16,1757,5,1,17,1,Y,A,N,A,H,A,A,01,,08,A,,,,,C,Y,N,A,1,0,0,0,22107.0,2,37.51091996,-122.27685991,4
2016,2016-05-03,940,5,1,9,2,N,A,Y,A,G,A,L,04,,03,E,,Y,,,I,N,N,D,1,0,1,0,22350.0,1,37.38999248,-122.2625176,4
2016,2016-04-23,1145,4,1,11,6,N,B,Y,B,H,A,L,04,W,- ,F,,Y,,,A,N,N,D,1,0,1,0,,1,37.38999248,-122.2625176,3
2016,2016-05-10,1908,5,1,19,2,Y,A,N,A,H,A,C,03,,12,D,,,Y,,D,Y,N,A,1,0,0,1,22450.0,2,37.45878997,-122.12793994,3
2016,2016-06-02,1527,6,2,15,4,N,A,N,A,H,A,A,01,N,09,D,,,,,C,Y,N,D,1,0,0,0,21804.0,2,37.64319748,-122.41082988,3
2016,2016-06-08,1419,6,2,14,3,Y,A,N,A,H,A,A,01,,03,C,,,,,C,N,N,A,1,0,0,0,22350.0,3,37.65496203,-122.43413817,4
2016,2016-06-06,1712,6,2,17,1,N,A,N,A,H,A,A,01,S,09,D,,,,,C,Y,N,D,2,0,0,0,21801.0,2,37.64777101,-122.4055204,4
2016,2016-06-07,1025,6,2,10,2,Y,A,Y,A,H,A,-,- ,,12,D,,,,,C,Y,N,A,2,0,0,0,21453.0,2,37.65832872,-122.43935224,4
2016,2016-06-06,1942,6,2,19,1,Y,A,N,A,H,A,A,01,,09,D,,,,,C,N,N,A,1,0,0,0,21801.0,3,37.46595993,-122.13019987,4
2016,2016-05-30,1659,5,1,16,1,Y,A,Y,A,H,A,A,07,,03,C,,,,,C,Y,N,D,4,0,0,0,22350.0,2,37.65192383,-122.43164054,4
2016,2016-05-31,1035,5,1,10,2,N,A,Y,A,H,A,A,01,S,09,D,,,,,C,N,N,D,1,0,0,0,21804.0,2,37.65482412,-122.43397066,4
2016,2016-05-23,1731,5,1,17,1,Y,A,N,A,H,A,A,01,,10,G,Y,,,,B,N,N,A,1,1,0,0,21950.0,2,37.51740993,-122.27522994,4
2016,2016-05-21,2130,5,1,21,6,Y,A,Y,A,H,C,A,01,,10,G,Y,,,,B,N,N,D,1,1,0,0,21950.0,2,37.61260493,-122.4037102,2
2016,2016-04-22,1450,4,1,14,5,Y,B,Y,A,H,A,D,22,,12,D,,,,,C,N,N,A,3,0,0,0,21453.0,2,37.50074079,-122.25251336,4
2016,2016-04-12,1754,4,1,17,2,Y,A,N,A,H,A,D,73,,08,D,,Y,,,G,Y,N,D,1,0,1,0,22107.0,2,37.49028,-122.26452987,3
2016,2016-04-09,1150,4,1,11,6,N,C,N,B,H,A,D,22,W,03,C,,,,,C,N,F,D,1,0,0,0,22350.0,2,37.51097468,-122.2591442,4
2016,2016-04-24,830,4,1,8,7,N,A,Y,A,H,A,L,04,W,03,G,Y,Y,,,B,N,N,D,2,1,1,0,22350.0,2,37.59775974,-122.42148234,3
2016,2016-04-11,1630,4,1,16,1,N,A,Y,A,H,A,A,01,S,03,E,,,,,I,Y,N,D,1,0,0,0,22350.0,1,37.60762498,-122.39879333,4
2016,2016-04-29,1139,4,1,11,5,N,A,Y,A,C,A,-,- ,W,- ,F,,Y,,,A,N,N,D,1,0,1,0,,1,37.39003973,-122.26235566,2
2016,2016-04-23,2312,4,1,23,6,N,A,Y,A,H,D,A,01,W,03,A,,,,,I,N,N,D,2,0,0,0,22350.0,1,37.39118704,-122.26124962,4
2016,2016-03-15,945,3,1,9,2,N,A,N,A,H,A,A,01,W,03,D,,,,,D,Y,N,A,2,0,0,0,22350.0,2,37.50157568,-122.24609093,4
2016,2016-03-28,800,3,1,8,1,N,A,N,A,H,A,L,04,S,09,H,,Y,,,G,N,N,A,1,0,1,0,21804.0,2,37.50130961,-122.24564512,4
2016,2016-05-14,1245,5,1,12,6,N,A,N,A,H,A,A,01,S,03,D,,,,,E,N,N,D,1,0,0,0,22350.0,5,37.5971971,-122.39903134,4
2016,2016-04-05,1511,4,1,15,2,Y,A,N,A,H,A,A,08,,09,C,,,,,C,N,N,A,1,0,0,0,21802.0,2,37.62861127,-122.41697252,4
2016,2016-05-26,1737,5,1,17,4,N,A,N,A,H,A,A,08,E,09,H,,,Y,,A,N,F,D,1,0,0,1,21800.0,2,37.61940655,-122.44032097,3
2016,2016-06-14,916,6,2,9,2,Y,A,Y,A,H,A,A,01,,12,D,,,,,C,Y,N,A,1,0,0,0,21453.0,2,37.63686537,-122.42137796,4
2016,2016-04-24,1230,4,1,12,7,N,A,Y,A,H,A,A,07,N,04,C,,,,,C,N,N,A,1,0,0,0,21703.0,2,37.61045293,-122.40156319,4
2016,2016-04-26,1748,4,1,17,2,Y,A,N,A,H,A,L,04,,05,H,,Y,,,G,N,N,D,1,0,1,0,21650.0,2,37.47281997,-122.16967998,3
2016,2016-04-25,1638,4,1,16,1,N,A,N,A,H,A,A,01,N,03,C,,,,,C,N,N,A,1,0,0,0,22350.0,2,37.46952,-122.15734,4
2016,2016-04-20,942,4,1,9,3,N,A,N,A,H,A,A,01,W,03,C,,,,,C,N,N,A,1,0,0,0,22350.0,2,37.45209614,-122.19077103,4
2016,2016-04-12,1835,4,1,18,2,Y,A,Y,A,H,A,-,- ,,- ,D,,,Y,,C,Y,N,A,1,0,0,1,,2,37.48618636,-122.14280783,3
2016,2016-04-28,750,4,1,7,4,Y,A,N,A,H,A,L,04,,05,H,,Y,,,G,N,N,D,1,0,1,0,21650.0,2,37.45843615,-122.19278177,3
2016,2016-04-23,1719,4,1,17,6,Y,A,N,A,H,A,-,,,12,D,,,,,C,Y,N,A,1,0,0,0,21453.0,2,37.42137992,-122.20422997,3
2016,2016-04-26,830,4,1,8,2,Y,B,N,A,H,A,L,04,,05,H,,Y,,,G,N,N,A,1,0,1,0,21650.0,2,37.44255988,-122.19872992,4
2016,2016-03-08,1810,3,1,18,2,N,C,N,B,H,B,A,01,E,03,E,,,,,I,Y,N,A,1,0,0,0,22350.0,1,37.58797216,-122.49365454,4
2016,2016-06-02,1412,6,2,14,4,Y,A,N,A,H,A,F,26,,12,D,,,,Y,D,N,N,D,4,0,0,0,22450.0,2,37.64667993,-122.39971997,4
2016,2016-06-03,1101,6,2,11,5,Y,A,Y,A,H,A,A,01,,17,D,,,,,C,Y,N,A,1,0,0,0,21451.0,2,37.64872464,-122.42960637,3
2016,2016-06-01,1026,6,2,10,3,Y,A,Y,A,H,A,A,01,,04,C,,,,,C,N,N,A,1,0,0,0,21703.0,2,37.51714885,-122.27204968,4
2016,2016-06-11,825,6,2,8,6,Y,A,Y,A,H,A,A,01,,03,C,,,,,C,Y,N,A,1,0,0,0,22350.0,3,37.51704693,-122.27192716,4
2016,2016-06-07,2112,6,2,21,2,Y,A,N,A,H,C,A,01,,01,C,,,,,C,Y,N,D,1,0,0,0,23152.0,2,37.50387596,-122.2799027,3
2016,2016-06-12,1905,6,2,19,7,Y,A,N,A,H,A,D,22,,09,A,,,,,C,N,N,A,1,0,0,0,21801.0,2,37.47929991,-122.22365995,2
2016,2016-06-02,1523,6,2,15,4,Y,A,N,A,H,A,A,01,,09,H,,Y,,,G,N,N,A,1,0,1,0,21802.0,2,37.48384993,-122.24432994,3
2016,2016-06-05,158,6,2,1,7,N,A,Y,A,H,C,A,01,S,01,E,,,,,I,Y,N,D,2,0,0,0,23153.0,1,37.48371083,-122.21691269,2
2016,2016-06-12,1556,6,2,15,7,N,A,N,A,E,A,A,01,W,03,H,,Y,,,G,N,N,D,1,0,1,0,22350.0,2,37.48174777,-122.23165223,4
2016,2016-06-13,1922,6,2,19,1,Y,A,N,A,H,A,A,01,,09,D,,,,,C,Y,N,A,1,0,0,0,21802.0,2,37.4836099,-122.22479994,4
2016,2016-06-09,2038,6,2,20,4,N,A,N,A,H,C,A,01,N,09,D,,,,,C,Y,N,D,1,0,0,0,21804.0,2,37.48544202,-122.21518081,4
2016,2016-06-10,335,6,2,3,5,Y,A,N,A,H,C,A,01,,10,A,Y,,,,B,N,N,A,1,1,0,0,21950.0,2,37.48819999,-122.23464993,4
2016,2016-06-09,1800,6,2,18,4,Y,A,N,A,H,A,A,07,,08,H,,Y,,,G,N,N,A,1,0,1,0,22107.0,2,37.47750992,-122.23639991,3
2016,2016-06-17,1836,6,2,18,5,N,A,Y,A,H,A,A,01,W,03,C,,,,,C,N,N,D,1,0,0,0,22350.0,2,37.48136416,-122.22862977,4
2016,2016-06-16,1859,6,2,18,4,Y,A,N,A,H,A,A,01,,00,H,,Y,,,G,N,N,A,1,0,1,0,22802.0,2,,,2
2016,2016-06-16,1735,6,2,17,4,Y,A,N,A,H,A,A,07,,03,C,,,,,C,N,N,D,1,0,0,0,22350.0,3,37.49265992,-122.23712,4
2016,2016-06-21,2239,6,2,22,2,Y,A,N,A,H,C,A,07,,10,G,Y,,,,B,N,N,A,1,1,0,0,21950.0,2,37.48933989,-122.22184995,4
2016,2016-06-11,1147,6,2,11,6,N,A,Y,A,H,A,A,01,N,03,C,,,,,C,N,N,D,2,0,0,0,22350.0,4,37.61030611,-122.49287303,4
2016,2016-06-08,1725,6,2,17,3,N,A,N,A,H,A,A,01,W,07,D,,,,,C,N,N,D,2,0,0,0,21658.0,2,37.45655304,-122.22787768,4
2016,2016-06-01,0,6,2,0,3,Y,-,N,-,-,-,-,- ,,- ,-,,,,,-,N,N,-,1,0,0,0,,3,37.5308399,-122.25764986,4
2016,2016-03-23,1016,3,1,10,3,Y,A,N,A,H,A,D,22,,08,B,,,,,C,N,N,D,1,0,0,0,22107.0,2,37.45344996,-122.17549992,4
2016,2016-05-09,1156,5,1,11,1,N,A,Y,A,H,A,A,01,E,03,C,,,,,C,Y,N,A,1,0,0,0,22350.0,2,37.47778148,-122.15184814,4
2016,2016-04-26,1507,4,1,15,2,N,A,N,A,H,A,A,07,E,03,C,,,,,C,Y,N,A,1,0,0,0,22350.0,3,37.47525104,-122.15328448,4
2016,2016-05-07,1257,5,1,12,6,Y,A,N,A,H,A,A,01,,10,G,Y,,,,B,N,N,A,1,1,0,0,21950.0,2,37.46133998,-122.15996992,4
2016,2016-06-12,1317,6,2,13,7,N,A,N,A,H,A,A,01,N,21,D,,,,,C,N,N,D,1,0,0,0,22106.0,2,37.58908904,-122.36264072,4
2016,2016-06-15,1758,6,2,17,3,Y,A,N,A,H,A,A,01,,09,D,,,,,C,N,N,D,1,0,0,0,21802.0,2,37.59335991,-122.37109996,4
2016,2016-05-02,718,5,1,7,1,N,A,N,A,H,A,A,01,W,08,E,,,,,I,Y,N,D,1,0,0,0,22107.0,1,37.47812862,-122.1671372,4
2016,2016-05-19,1759,5,1,17,4,Y,A,N,A,H,A,A,01,,08,A,,,,,C,N,N,D,2,0,0,0,22107.0,2,37.42250992,-122.21948986,3
2016,2016-06-15,1804,6,2,18,3,Y,A,N,A,H,A,A,01,,09,H,,Y,,,G,N,N,D,1,0,1,0,21801.0,2,37.46242925,-122.16333568,3
2016,2016-06-14,2143,6,2,21,2,Y,A,N,A,H,C,A,01,,03,C,,,,,C,N,N,A,2,0,0,0,22350.0,4,37.60046995,-122.38404991,4
2016,2016-06-22,1750,6,2,17,3,N,A,Y,A,H,A,L,04,E,05,H,,Y,,,G,N,N,A,1,0,1,0,21650.0,2,37.467908,-122.42998854,4
2016,2016-06-18,1742,6,2,17,6,N,A,Y,A,H,A,C,02,W,01,E,,,Y,,I,N,N,D,1,0,0,1,23152.0,1,37.38524763,-122.26127395,2
2016,2016-06-05,2151,6,2,21,7,Y,A,Y,A,H,C,A,01,,12,D,,,,,C,N,N,A,1,0,0,0,21453.0,2,37.49876034,-122.25024509,4
2016,2016-06-10,1913,6,2,19,5,Y,A,N,A,H,A,A,01,,10,G,Y,,,,B,N,N,D,1,1,0,0,21950.0,2,37.49329991,-122.25461992,4
2016,2016-04-08,828,4,1,8,5,Y,B,N,A,H,A,D,22,,12,E,Y,,,,I,N,N,A,1,1,0,0,22451.0,2,37.56522996,-122.32089997,3
2016,2016-05-08,1124,5,1,11,7,N,A,Y,A,H,A,C,03,S,07,C,,,Y,,C,N,N,A,1,0,0,1,21658.0,2,37.60978489,-122.40092747,3
2016,2016-05-25,1300,5,1,13,3,N,A,Y,A,H,A,A,01,N,21,E,,,,,I,Y,N,D,1,0,0,0,22106.0,1,37.50637974,-122.25922978,4
2016,2016-05-26,1815,5,1,18,4,N,A,N,A,H,A,D,22,W,03,C,,,,,C,N,N,D,4,0,0,0,22350.0,3,,,3
2016,2016-05-06,1212,5,1,12,5,Y,C,N,B,H,C,A,01,,09,D,,,,,C,N,N,D,2,0,0,0,21804.0,2,37.63806997,-122.41328998,4
2016,2016-05-17,1551,5,1,15,2,Y,A,N,A,H,A,A,01,,12,H,Y,,,,G,N,F,A,1,1,0,0,22450.0,2,37.55370995,-122.25565993,3
2016,2016-05-13,1610,5,1,16,5,N,A,N,A,H,A,A,07,W,21,C,,,,,C,Y,N,A,1,0,0,0,22106.0,2,37.5542384,-122.27779109,4
2016,2016-06-07,1515,6,2,15,2,N,A,Y,A,H,A,N,60,N,11,G,Y,,,,B,N,N,A,1,1,0,0,21956.0,2,37.64930592,-122.47184979,3
2016,2016-06-15,1608,6,2,16,3,N,A,N,A,H,A,A,01,E,12,D,,,,,C,Y,N,A,1,0,0,0,22450.0,2,37.63339,-122.49005,4
2016,2016-07-14,1858,7,2,18,4,Y,A,N,A,H,A,A,01,,09,H,,Y,,,G,N,N,D,1,0,1,0,21801.0,2,37.43736992,-122.21313994,3
2016,2016-06-29,1315,6,2,13,3,N,A,Y,A,D,A,A,07,N,03,C,,,,,C,N,N,D,1,0,0,0,22350.0,2,37.46341216,-122.20273686,4
2016,2016-06-01,1529,6,2,15,3,N,A,N,A,H,A,D,22,W,03,C,,,,,C,Y,N,A,1,0,0,0,22350.0,2,37.46193119,-122.2159545,4
2016,2016-06-20,1701,6,2,17,1,Y,A,Y,A,H,A,A,08,,09,D,,,,Y,C,Y,N,A,4,0,0,0,21801.0,3,37.46844959,-122.21078125,2
2016,2016-06-09,2,6,2,0,4,Y,A,N,A,H,C,A,01,,01,E,,,,,I,Y,N,D,1,0,0,0,23152.0,1,37.4737099,-122.15108993,4