ACCIDENT_YEAR,COLLISION_DATE,COLLISION_TIME,MONTH,SEASON,24HOURS,DAY_OF_WEEK,INTERSECTION,WEATHER_1,STATE_HWY_IND,ROAD_SURFACE,ROAD_COND_1,LIGHTING,STWD_VEHTYPE_AT_FAULT,CHP_VEHTYPE_AT_FAULT,DIRECTION,PCF_VIOL_CATEGORY,TYPE_OF_COLLISION,PEDESTRIAN_ACCIDENT,BICYCLE_ACCIDENT,MOTORCYCLE_ACCIDENT,TRUCK_ACCIDENT,MVIW,TOW_AWAY,HIT_AND_RUN,CONTROL_DEVICE,NUMBER_INJURED,COUNT_PED_INJURED,COUNT_BICYCLIST_INJURED,COUNT_MC_INJURED,PCF_VIOLATION,PARTY_COUNT,POINT_Y,POINT_X,COLLISION_SEVERITY
2016,2016-12-26,816,12,4,8,1,Y,A,N,A,H,A,-,- ,,12,D,,,,,C,Y,N,A,1,0,0,0,21453.0,2,37.64968991,-122.40811986,4
2016,2016-12-11,150,12,4,1,7,N,A,Y,A,H,C,A,01,W,01,E,,,,,I,Y,N,A,2,0,0,0,23152.0,1,37.65514493,-122.4343732,2
2016,2016-12-14,648,12,4,6,3,N,C,N,B,H,B,A,01,E,03,B,,,,,C,N,N,D,2,0,0,0,22350.0,2,37.62771366,-122.47785409,4
2016,2016-12-31,1720,12,4,17,6,N,A,Y,A,H,C,-,,N,03,C,,,,,C,N,N,D,1,0,0,0,22350.0,3,37.61400158,-122.48707228,3
2016,2016-12-18,1838,12,4,18,7,N,A,N,A,H,C,A,01,E,08,C,,,,,E,N,N,D,1,0,0,0,22107.0,3,37.63667203,-122.48239927,3
2017,2017-01-06,1523,1,4,15,5,N,B,N,A,H,A,L,04,W,08,H,,Y,,,G,N,N,D,1,0,1,0,22107.0,2,37.46381119,-122.43129244,4
2016,2016-11-30,1432,11,3,14,3,N,A,N,A,H,A,A,01,S,04,C,,,,,C,N,N,A,1,0,0,0,21703.0,2,37.62629919,-122.48716935,4
2016,2016-10-28,1045,10,3,10,5,Y,A,Y,A,H,C,A,01,,10,G,Y,,,,B,N,N,A,1,1,0,0,21950.0,2,37.60314406,-122.39293181,4
2016,2016-12-15,1630,12,4,16,4,N,C,Y,B,H,A,A,01,N,03,G,Y,,,,B,N,F,D,1,1,0,0,22350.0,2,37.57670147,-122.35120482,4
2016,2016-12-08,851,12,4,8,4,Y,C,N,B,H,A,A,01,,21,A,,,,,C,N,N,D,2,0,0,0,22106.0,2,37.57844992,-122.34885998,4
2016,2016-12-13,1735,12,4,17,2,N,B,N,B,H,C,A,01,S,09,D,,,,,C,Y,N,A,1,0,0,0,21802.0,2,37.57938357,-122.4013433,4
2016,2016-12-15,1915,12,4,19,4,Y,C,N,B,H,C,A,01,,10,G,Y,,,,B,N,N,D,1,1,0,0,21950.0,2,37.57872998,-122.34918994,4
2016,2016-12-23,1449,12,4,14,5,Y,B,N,B,H,A,A,01,,03,D,,,,,C,N,N,D,2,0,0,0,22350.0,3,37.57727989,-122.34235995,4
2016,2016-12-18,1718,12,4,17,7,N,A,Y,A,H,C,N,60,N,11,G,Y,,,,B,Y,N,A,0,0,0,0,21950.0,2,37.49753593,-122.24887216,1
2017,2017-01-03,2232,1,4,22,2,Y,C,Y,B,H,C,A,01,,12,D,,,,,C,N,N,A,1,0,0,0,21453.0,2,37.63193943,-122.42174647,4
2016,2016-12-19,1232,12,4,12,1,Y,A,Y,A,H,A,A,07,,12,D,,,,,C,N,N,A,1,0,0,0,21453.0,2,37.63516128,-122.4203855,3
2016,2016-10-20,545,10,3,5,4,Y,A,N,A,H,C,N,60,,00,G,Y,,,,B,Y,N,A,1,1,0,0,12955.0,4,37.70487822,-122.46235535,3
2016,2016-10-03,1213,10,3,12,1,Y,B,N,B,G,A,A,01,,03,A,,,,,I,Y,N,A,1,0,0,0,22350.0,1,37.66445993,-122.46922991,3
2016,2016-12-08,823,12,4,8,4,Y,A,N,A,H,A,A,01,,06,B,,,,Y,C,N,N,D,1,0,0,0,21755.0,2,37.70596989,-122.46119994,4
2016,2016-12-13,1350,12,4,13,2,N,A,N,A,G,A,A,07,E,00,C,,,,,C,N,N,D,1,0,0,0,23450.0,2,37.51339485,-122.25590775,4
2016,2016-12-19,1014,12,4,10,1,Y,A,Y,A,H,A,D,22,,12,A,,,,,C,Y,N,A,2,0,0,0,21453.0,2,37.49876034,-122.25024509,4
2017,2017-01-12,1605,1,4,16,4,Y,A,N,A,H,A,A,01,,12,D,,Y,,,G,N,N,A,1,0,1,0,21453.0,2,37.70504991,-122.46771992,4
2017,2017-01-02,1728,1,4,17,1,N,A,N,A,H,C,A,01,N,10,G,Y,,,,B,Y,N,D,1,1,0,0,21950.0,2,37.69932517,-122.48085825,2
2017,2017-01-04,122,1,4,1,3,N,C,N,B,H,C,A,01,N,01,C,,,,,E,Y,N,D,1,0,0,0,23153.0,1,37.59758998,-122.38489812,4
2016,2016-12-09,1955,12,4,19,5,N,B,N,A,H,C,A,01,E,03,C,,,,,C,N,M,A,1,0,0,0,22350.0,2,37.50923559,-122.26094551,4
2016,2016-12-09,1202,12,4,12,5,Y,A,Y,A,H,A,A,08,,12,D,,,,,C,Y,N,A,2,0,0,0,21453.0,3,37.6667165,-122.46590248,4
2016,2016-12-10,219,12,4,2,6,N,C,N,B,H,C,A,01,N,01,D,,,,,C,Y,N,D,2,0,0,0,23153.0,2,37.70678861,-122.45631609,3
2016,2016-12-02,1941,12,4,19,5,Y,A,N,A,H,B,A,01,,01,D,,,,,C,Y,N,D,1,0,0,0,23152.0,2,37.6832,-122.48809992,4
2016,2016-12-04,10,12,4,0,7,Y,A,N,A,H,C,A,01,,17,D,,,,,C,Y,N,A,1,0,0,0,14603.0,2,37.69045999,-122.49280997,4
2016,2016-12-16,1425,12,4,14,5,N,A,Y,A,H,B,A,01,N,03,C,,,,,C,Y,N,D,2,0,0,0,22350.0,4,37.49961881,-122.2512334,4
2016,2016-12-02,1854,12,4,18,5,N,A,Y,A,H,C,A,01,S,03,C,,,,,C,Y,N,D,2,0,0,0,22350.0,2,37.46752937,-122.43360462,4
2016,2016-12-01,1027,12,4,10,4,Y,A,N,A,H,A,A,01,,09,D,,,,,C,N,N,A,1,0,0,0,21800.0,2,37.59833991,-122.39017986,4
2016,2016-12-17,913,12,4,9,6,N,A,Y,A,H,A,-,,W,00,D,,,,,C,N,N,A,2,0,0,0,22453.0,2,37.6667165,-122.46590248,3
2016,2016-12-31,1927,12,4,19,6,N,A,N,A,H,C,A,01,W,00,D,,,,,C,N,N,A,1,0,0,0,22108.0,2,37.66333179,-122.46420028,4
2016,2016-12-24,910,12,4,9,6,Y,A,N,A,H,A,A,01,,10,G,Y,,,,B,N,N,A,2,2,0,0,21950.0,3,37.70709997,-122.41578993,4
2016,2016-12-02,1722,12,4,17,5,Y,A,N,A,H,C,A,01,,10,G,Y,,,,B,N,N,A,1,1,0,0,21950.0,2,37.69802825,-122.48182297,4
2016,2016-11-21,1623,11,3,16,1,Y,A,N,A,H,A,-,,,10,G,Y,,,,B,N,N,A,1,1,0,0,21950.0,2,37.70222989,-122.48544994,3
2016,2016-11-06,1700,11,3,17,7,Y,E,N,A,H,C,A,01,,08,D,,,,,C,Y,N,D,1,0,0,0,22107.0,2,37.70217995,-122.48229999,4
2016,2016-11-28,710,11,3,7,1,N,B,N,B,H,A,A,01,S,08,G,Y,,,,B,N,N,D,1,1,0,0,22107.0,2,37.70805183,-122.42392927,4
2016,2016-11-18,1605,11,3,16,5,Y,B,N,B,H,A,A,01,,04,C,,,,,C,N,N,D,2,0,0,0,21703.0,2,37.51577997,-122.26896986,4
2016,2016-12-19,830,12,4,8,1,Y,A,N,A,H,A,A,01,,03,G,Y,,,,B,N,N,D,1,1,0,0,22350.0,2,37.70552999,-122.43610986,3
2016,2016-11-03,703,11,3,7,4,Y,A,Y,A,H,C,A,01,,10,G,Y,,,,B,N,N,D,1,1,0,0,21950.0,2,37.7090044,-122.4582536,2
2016,2016-01-07,158,1,4,1,4,N,B,N,B,H,C,A,01,S,01,C,,,,,C,Y,N,D,2,0,0,0,23153.0,4,37.52396847,-122.27908015,4
2017,2017-01-03,1539,1,4,15,2,N,C,N,B,H,B,I,11,W,03,C,,,,,C,N,N,D,1,0,0,0,22350.0,3,37.46559,-122.14168,4
2016,2016-12-24,0,12,4,0,6,N,A,N,A,H,A,A,01,S,03,C,,,,,C,Y,N,A,2,0,0,0,22350.0,2,37.45170129,-122.12564171,4
2017,2017-01-01,200,1,4,2,7,N,A,Y,A,H,C,A,01,N,01,C,,,,,C,Y,N,A,1,0,0,0,23152.0,2,37.66749395,-122.3951202,3
2017,2017-01-05,2231,1,4,22,4,N,A,N,A,H,C,A,07,W,08,E,,,,,I,Y,N,D,1,0,0,0,22107.0,1,37.65450316,-122.4037854,3
2017,2017-02-24,2345,2,4,23,5,N,A,N,A,H,C,A,01,W,01,B,,,,,E,Y,N,D,1,0,0,0,23152.0,6,37.65564359,-122.42514437,3
2017,2017-01-16,2220,1,4,22,1,N,A,Y,A,H,C,N,60,N,11,G,Y,,,,B,N,N,D,1,1,0,0,21954.0,2,37.60223293,-122.39176719,4
2017,2017-01-14,920,1,4,9,6,N,A,N,A,B,A,L,04,S,03,H,,Y,,,A,N,N,A,1,0,1,0,22350.0,2,37.44809287,-122.27452056,3
2017,2017-01-15,1505,1,4,15,7,Y,A,Y,A,H,A,A,01,,03,C,,,,,C,N,N,A,2,0,0,0,22350.0,2,37.60207346,-122.39156281,4
2016,2016-12-04,850,12,4,8,7,Y,A,N,A,H,A,A,07,,09,D,,,,,C,Y,N,D,1,0,0,0,21802.0,2,37.64999998,-122.45680997,4
2016,2016-12-08,1700,12,4,17,4,N,C,N,B,H,C,-,,N,10,G,Y,,,,B,N,N,A,1,1,0,0,21950.0,2,37.66586535,-122.46891084,4
2016,2016-11-26,2224,11,3,22,6,Y,C,N,B,H,C,A,01,,09,D,,,,,C,N,N,D,1,0,0,0,21802.0,4,37.70790999,-122.45942986,4
2017,2017-01-05,1317,1,4,13,4,N,A,N,A,G,A,A,08,E,03,C,,,,,C,N,N,D,1,0,0,0,22350.0,3,37.66428972,-122.46864643,4
2016,2016-10-17,1017,10,3,10,1,Y,B,N,A,H,A,D,22,,09,D,,,,,C,N,N,A,1,0,0,0,21800.0,2,37.70540991,-122.45810997,4
2017,2017-01-19,1900,1,4,19,4,N,B,N,A,H,C,A,01,S,04,C,,,,,C,Y,N,A,1,0,0,0,21703.0,2,37.69040108,-122.49273748,4
2017,2017-01-13,2222,1,4,22,5,N,A,N,A,H,C,A,01,W,01,H,,,,,C,Y,F,D,1,0,0,0,23153.0,5,37.69271269,-122.49151175,4
2016,2016-11-02,1720,11,3,17,3,N,A,N,A,H,A,A,01,E,03,C,,,,,C,Y,N,A,1,0,0,0,22350.0,2,37.69423465,-122.45513196,4
2016,2016-11-02,1740,11,3,17,3,Y,A,N,A,H,A,N,60,,11,G,Y,,,,B,N,N,D,1,1,0,0,21954.0,2,37.70349988,-122.45686996,4
2017,2017-01-25,819,1,4,8,3,Y,A,Y,A,H,A,D,22,,01,A,,,,,C,Y,N,A,2,0,0,0,23152.0,2,37.66233251,-122.44376354,4
2017,2017-01-10,1830,1,4,18,2,N,C,N,B,H,C,D,22,W,03,H,,Y,,,G,N,N,D,1,0,1,0,22350.0,2,37.48153598,-122.19869549,4
2017,2017-01-18,1730,1,4,17,3,N,C,N,B,H,C,-,,S,08,C,,,,,E,N,N,D,1,0,0,0,22107.0,3,37.64844269,-122.49132365,4
2017,2017-01-09,1546,1,4,15,1,N,C,N,B,H,A,D,72,W,03,C,,,,,C,N,F,A,1,0,0,0,22350.0,2,37.65838381,-122.4059966,4
2017,2017-01-10,1822,1,4,18,2,N,C,Y,B,H,C,A,01,S,03,C,,,,,C,N,N,D,1,0,0,0,22350.0,4,37.64190607,-122.42455077,4
2017,2017-01-10,1527,1,4,15,2,Y,C,Y,B,G,A,A,01,,17,D,,,,,C,Y,N,A,1,0,0,0,21451.0,2,37.65028762,-122.43059679,4
2017,2017-01-03,1726,1,4,17,2,N,C,N,B,H,C,A,01,W,03,C,,,,,C,N,N,D,1,0,0,0,22350.0,2,37.46267,-122.14187,4
2017,2017-01-07,1748,1,4,17,6,N,C,Y,B,H,C,A,08,S,03,C,,,,,C,N,N,A,1,0,0,0,22350.0,2,37.65493258,-122.4341024,4
2017,2017-01-01,359,1,4,3,7,Y,A,Y,A,H,C,A,01,,10,G,Y,,,,B,N,F,A,1,1,0,0,21950.0,2,37.64872464,-122.42960637,3
2017,2017-01-16,1750,1,4,17,1,N,A,N,A,H,C,D,22,E,08,A,,,,,C,Y,N,A,2,0,0,0,22107.0,2,37.62793912,-122.4393023,3
2017,2017-01-03,2155,1,4,21,2,N,C,N,B,H,C,N,60,S,00,G,Y,,,,B,N,N,D,1,1,0,0,21954.0,2,37.46973604,-122.22542788,4
2017,2017-01-04,554,1,4,5,3,N,C,N,B,H,C,L,04,N,00,H,,Y,,,G,N,N,A,1,0,1,0,21453.0,2,37.47151465,-122.22312984,4
2017,2017-01-18,1618,1,4,16,3,Y,C,N,B,H,A,A,01,,09,D,,,,,C,Y,N,D,1,0,0,0,21802.0,4,37.45778999,-122.25578992,4
2017,2017-01-17,636,1,4,6,2,Y,A,N,A,H,C,A,01,,08,A,,,,,C,Y,N,A,1,0,0,0,22107.0,2,37.45470308,-122.22876052,4
2017,2017-01-15,1258,1,4,12,7,Y,A,N,A,H,A,A,01,,08,A,,,,,C,N,N,D,1,0,0,0,22103.0,3,37.64896999,-122.47373989,4
2017,2017-01-02,1138,1,4,11,1,Y,C,N,B,G,A,A,01,,12,B,,,,,D,Y,N,A,1,0,0,0,21453.0,2,37.48751999,-122.2292199,4
2017,2017-01-17,2144,1,4,21,2,Y,A,N,A,H,C,A,01,,03,E,,,,,I,Y,N,D,1,0,0,0,22350.0,1,37.48054,-122.18694995,3
2017,2017-01-10,1902,1,4,19,2,N,C,N,B,H,C,A,01,E,03,E,,,,,I,Y,N,A,1,0,0,0,22350.0,1,37.66248729,-122.39279324,3
2017,2017-01-14,2221,1,4,22,6,N,A,N,A,H,C,A,01,W,01,D,,,,,C,Y,N,D,1,0,0,0,23152.0,2,37.4784158,-122.23538699,4
2017,2017-01-05,1747,1,4,17,4,N,A,N,A,H,C,A,01,S,03,C,,,,,C,Y,N,A,2,0,0,0,22350.0,2,37.46161809,-122.24331174,4
2017,2017-01-24,733,1,4,7,2,Y,A,N,A,H,A,A,01,,03,C,,,,,C,N,N,A,1,0,0,0,22350.0,2,37.65725989,-122.41951995,4
2017,2017-01-22,1511,1,4,15,7,N,C,N,B,H,A,A,01,W,10,G,Y,,,,B,N,N,A,2,2,0,0,21950.0,3,37.66477849,-122.44559151,3
2016,2016-10-15,1347,10,3,13,6,Y,A,Y,A,H,A,A,01,,03,C,,,,,C,N,N,A,1,0,0,0,22350.0,2,37.68954993,-122.46598821,4
2016,2016-10-21,1610,10,3,16,5,Y,A,N,A,H,A,A,01,,09,D,,,,,C,N,N,A,1,0,0,0,21800.0,2,37.68676995,-122.45922999,4
2016,2016-12-29,1300,12,4,13,4,N,A,N,A,H,A,A,01,N,04,C,,,,,C,N,N,A,1,0,0,0,21703.0,2,,,4
2016,2016-12-29,1348,12,4,13,4,Y,A,N,A,H,A,A,01,,09,B,,,,,C,Y,N,D,1,0,0,0,21804.0,2,37.48843994,-122.24226986,4
2017,2017-01-16,1305,1,4,13,1,Y,A,N,A,H,A,A,07,,01,A,,,,,C,Y,N,A,1,0,0,0,23152.0,2,37.5051699,-122.26307992,4
2017,2017-01-19,1710,1,4,17,4,N,A,N,A,H,A,A,01,N,03,C,,,,,C,Y,N,D,2,0,0,0,22350.0,3,37.49956896,-122.25124313,4
2017,2017-01-10,1830,1,4,18,2,N,C,N,B,H,C,A,01,S,03,B,,,,,C,N,N,D,1,0,0,0,22350.0,2,37.49924957,-122.28081782,4
2016,2016-09-30,1254,9,3,12,5,Y,A,N,A,H,A,A,01,,21,B,,,,,E,N,N,D,1,0,0,0,22106.0,3,37.70783992,-122.44701986,4
2017,2017-01-17,1354,1,4,13,2,N,B,N,A,H,A,D,22,S,03,C,,,,,C,N,N,D,1,0,0,0,22350.0,2,37.46175106,-122.1782404,4
2017,2017-01-10,1758,1,4,17,2,Y,A,Y,A,H,A,A,01,,10,G,Y,,,,B,N,N,A,1,1,0,0,21950.0,2,37.59664472,-122.38574154,3
2017,2017-01-25,1807,1,4,18,3,Y,A,Y,A,H,A,A,08,,09,D,,,,,C,Y,N,A,1,0,0,0,21801.0,2,37.48624812,-122.23498368,4
2017,2017-01-07,1147,1,4,11,6,Y,A,N,A,H,A,A,01,,09,D,,,,,C,Y,N,A,1,0,0,0,21802.0,2,37.46752999,-122.18968987,4
2016,2016-01-05,1430,1,4,14,2,N,A,N,A,H,A,A,01,S,21,A,,Y,,,G,N,N,D,1,0,1,0,22106.0,2,37.57977091,-122.36251893,3
2017,2017-01-02,1424,1,4,14,1,Y,B,N,B,H,A,A,01,,10,G,Y,,,,B,N,N,A,1,1,0,0,21950.0,2,37.57792999,-122.34141997,4
2017,2017-01-14,1057,1,4,10,6,Y,A,N,A,H,A,A,01,,03,C,,,,,C,N,N,A,2,0,0,0,22350.0,2,37.58535998,-122.37377993,4
2017,2017-01-27,717,1,4,7,5,Y,A,N,A,H,A,A,01,,09,A,,,,,C,Y,N,A,1,0,0,0,21453.0,2,37.55540989,-122.27922993,3
2017,2017-01-08,1310,1,4,13,7,N,C,N,B,G,A,A,01,E,09,D,,,,,C,N,N,D,1,0,0,0,21804.0,3,37.55370995,-122.25565993,4
2017,2017-01-04,1720,1,4,17,3,Y,C,N,B,H,C,L,04,,12,D,,Y,,,G,N,N,A,1,0,1,0,21453.0,2,37.5706799,-122.28437999,3
2017,2017-01-05,1615,1,4,16,4,Y,A,N,A,H,A,A,01,,09,A,,,,,C,Y,N,A,1,0,0,0,21453.0,2,37.55863995,-122.2714999,4
2017,2017-01-23,1300,1,4,13,1,N,B,N,B,H,A,A,01,N,05,A,,,,,C,N,N,A,2,0,0,0,21651.0,2,,,3
2017,2017-01-02,1517,1,4,15,1,Y,A,N,B,H,A,A,01,,03,C,,,,,C,N,N,A,1,0,0,0,22350.0,2,37.42585989,-122.19246988,4
2017,2017-01-06,844,1,4,8,5,Y,A,Y,A,H,A,L,04,,11,H,,Y,,,G,N,N,A,1,0,1,0,21950.0,2,37.4797752,-122.1510251,4
2016,2016-10-28,935,10,3,9,5,N,B,N,B,H,A,D,22,S,07,B,,,,,C,N,N,D,1,0,0,0,21658.0,2,37.67597737,-122.39145737,4
2017,2017-01-24,1744,1,4,17,2,N,B,Y,B,H,C,A,01,E,04,C,,,,,C,N,N,A,1,0,0,0,21703.0,2,37.52041593,-122.27594516,4
2017,2017-01-19,1714,1,4,17,4,Y,B,N,A,H,B,-,,,09,D,,,,,C,Y,N,A,1,0,0,0,21800.0,2,37.68543993,-122.39813997,4
2016,2016-12-24,1548,12,4,15,6,Y,A,N,A,H,A,A,01,,12,A,,,,,C,Y,N,A,1,0,0,0,21453.0,2,37.48662993,-122.22631987,4
2016,2016-12-28,1614,12,4,16,3,N,A,N,A,H,A,A,01,S,03,C,,,,,C,Y,N,A,2,0,0,0,22350.0,2,37.46153968,-122.24322529,4
2016,2016-12-16,1847,12,4,18,5,N,A,N,A,H,C,A,01,N,03,C,,,,,C,Y,N,A,2,0,0,0,22350.0,3,37.47584894,-122.22107848,4
2017,2017-01-06,2333,1,4,23,5,N,C,N,B,H,C,A,01,S,01,B,,,,,C,Y,N,D,1,0,0,0,23152.0,3,37.47544238,-122.23002606,3
2017,2017-01-23,1643,1,4,16,1,Y,B,N,B,H,A,D,22,,01,E,,,,,I,Y,M,D,1,0,0,0,23152.0,1,37.48636996,-122.1992799,3
2016,2016-10-14,1402,10,3,14,5,Y,C,N,B,H,A,A,01,,08,F,,,,,I,Y,N,D,2,0,0,0,22107.0,2,37.69533995,-122.40827,3
2016,2016-11-22,1611,11,3,16,2,N,A,N,A,H,A,A,01,W,08,E,,,,,I,Y,N,D,1,0,0,0,22107.0,1,37.70464594,-122.40713783,3
2016,2016-11-22,1353,11,3,13,2,Y,A,Y,A,H,A,A,01,,12,D,,,,,C,Y,N,A,3,0,0,0,21453.0,2,37.67653134,-122.47050704,4
2016,2016-11-20,2050,11,3,20,7,N,A,N,A,H,C,-,,E,08,B,,Y,,,G,N,F,A,1,0,1,0,22107.0,2,37.70607739,-122.41212689,4
2016,2016-11-08,1200,11,3,12,2,Y,A,N,A,H,A,A,01,,17,A,,,,,C,Y,N,A,3,0,0,0,21451.0,2,37.6880565,-122.47078075,4
2016,2016-12-16,1923,12,4,19,5,Y,A,N,A,H,C,A,08,,10,G,Y,,,,B,N,N,D,1,1,0,0,21950.0,2,37.70694999,-122.45812998,3
2016,2016-11-08,1954,11,3,19,2,N,A,N,A,H,C,N,60,S,11,G,Y,,,,B,N,N,D,1,1,0,0,21954.0,2,37.70681263,-122.467733,4
2016,2016-11-03,1515,11,3,15,4,N,A,N,A,H,A,N,60,S,11,G,Y,,,,B,N,N,D,1,1,0,0,21955.0,2,37.68357705,-122.40302041,4
2016,2016-12-09,1752,12,4,17,5,N,B,N,B,H,C,A,01,S,10,B,Y,,,,G,N,M,A,1,1,0,0,21950.0,2,37.6918,-122.47451,4
2016,2016-12-23,407,12,4,4,5,Y,C,N,B,H,C,N,60,,11,G,Y,,,,B,N,F,D,1,1,0,0,21954.0,2,37.70090996,-122.46359987,2
2016,2016-12-02,1346,12,4,13,5,Y,A,N,B,D,A,-,,,08,B,,,Y,,C,N,M,A,1,0,0,1,22107.0,2,37.69913403,-122.46400787,3
2016,2016-12-22,1158,12,4,11,4,N,A,N,A,H,A,A,01,W,17,D,,,,,C,N,N,D,1,0,0,0,21451.0,2,37.70528398,-122.46795952,3
2016,2016-12-20,1145,12,4,11,2,N,A,N,A,H,A,C,02,N,10,G,Y,,Y,,B,N,N,A,1,1,0,0,21950.0,2,37.69975852,-122.48403877,4
2016,2016-12-20,959,12,4,9,2,N,A,N,A,H,A,A,01,S,09,D,,,,,C,Y,N,A,2,0,0,0,21804.0,2,37.67425259,-122.47265859,4
2016,2016-12-27,1650,12,4,16,2,N,A,N,A,H,A,A,01,W,04,C,,,,,C,Y,N,D,1,0,0,0,21703.0,2,37.69839,-122.49506,3
2017,2017-01-16,2111,1,4,21,1,N,A,N,A,H,C,A,01,N,03,A,,,,,E,Y,N,D,1,0,0,0,22350.0,2,37.67921307,-122.48427112,4
2017,2017-01-08,1106,1,4,11,7,N,C,N,B,G,A,A,01,,09,D,,,,,C,N,N,B,1,0,0,0,21800.0,3,37.66685385,-122.46879816,3
2017,2017-01-20,749,1,4,7,5,Y,C,N,B,H,A,A,01,,03,C,,,,,C,N,N,A,1,0,0,0,22350.0,2,37.68306995,-122.48709,4
2017,2017-01-16,2055,1,4,20,1,N,A,N,A,H,C,A,01,N,21,C,,,,,C,N,N,D,1,0,0,0,22106.0,3,37.65175588,-122.45780137,4
2017,2017-01-12,55,1,4,0,4,Y,C,N,B,H,C,N,60,,11,G,Y,,,,B,Y,N,A,2,1,0,0,21456.0,2,37.66445993,-122.46922991,4
2017,2017-01-24,820,1,4,8,2,Y,A,Y,A,H,A,A,01,,08,H,,Y,,,G,N,N,A,1,0,1,0,22107.0,2,37.64916257,-122.47187853,4
2016,2016-10-12,901,10,3,9,3,N,B,N,A,H,A,A,01,E,03,C,,,,,C,N,N,A,1,0,0,0,22350.0,2,37.70412945,-122.4753143,4
2016,2016-10-07,2235,10,3,22,5,Y,A,Y,A,H,C,A,01,,08,E,,,,,I,N,N,A,1,0,0,0,22107.0,1,37.68954993,-122.46598821,4
2016,2016-10-22,924,10,3,9,6,Y,A,N,A,H,A,-,,,- ,A,,,,,I,N,N,D,1,0,0,0,,2,37.66340573,-122.46457815,4
2016,2016-10-29,530,10,3,5,6,-,B,N,B,H,C,A,01,,21,C,,,,,E,Y,N,D,1,0,0,0,22106.0,2,37.67399993,-122.48104987,4
2016,2016-10-14,835,10,3,8,5,Y,C,N,B,G,A,A,01,,09,D,,,,,C,N,N,D,1,0,0,0,21801.0,2,37.68606997,-122.46207992,4
2016,2016-10-19,1120,10,3,11,3,N,A,N,A,H,A,A,01,S,09,D,,,,,C,Y,N,A,3,0,0,0,21801.0,2,37.67427277,-122.47264762,4
2016,2016-10-12,1829,10,3,18,3,N,B,N,A,H,C,L,04,S,03,C,,Y,,,E,N,N,A,1,0,1,0,22350.0,2,37.70406726,-122.45297913,3
2016,2016-11-06,159,11,3,1,7,N,B,N,A,H,C,A,01,E,08,C,,,,,E,Y,F,A,1,0,0,0,22107.0,2,37.59104279,-122.49672116,3
2016,2016-12-09,1949,12,4,19,5,Y,B,N,A,H,C,A,01,,12,D,,,,,C,Y,N,A,1,0,0,0,21453.0,2,37.49345991,-122.23601992,4
2016,2016-12-24,1050,12,4,10,6,Y,A,N,A,H,A,A,01,,12,D,,,,,C,Y,N,A,1,0,0,0,21453.0,2,37.46505727,-122.22453461,4
2016,2016-12-25,1104,12,4,11,7,N,A,N,A,H,A,A,01,E,09,D,,,,,C,Y,N,D,1,0,0,0,21804.0,3,37.47677094,-122.22452698,3
2016,2016-12-28,1621,12,4,16,3,N,A,N,A,H,A,-,- ,E,- ,G,Y,,,,B,N,N,D,1,1,0,0,,2,37.49070645,-122.24330261,3
2016,2016-12-23,1913,12,4,19,5,-,B,N,B,H,C,A,01,W,22,C,,,,,C,N,F,D,1,0,0,0,,2,37.49131362,-122.21185148,4
2016,2016-12-29,1345,12,4,13,4,Y,A,N,A,H,A,A,07,,09,D,,,,,C,Y,N,A,2,0,0,0,21802.0,2,37.47196999,-122.24139987,4
2017,2017-01-10,1657,1,4,16,2,N,C,Y,B,H,B,D,22,N,01,E,,,,,I,Y,N,D,1,0,0,0,23152.0,1,37.47690271,-122.22243317,3
2017,2017-01-15,122,1,4,1,7,N,A,N,A,H,C,A,01,N,01,A,,,,,E,Y,N,A,2,0,0,0,23153.0,3,37.46419,-122.13834,2
2017,2017-01-09,1753,1,4,17,1,N,C,Y,B,H,C,A,01,N,03,C,,,,,C,N,N,D,1,0,0,0,22350.0,2,37.47922819,-122.22566791,4
2017,2017-01-25,759,1,4,7,3,N,A,N,-,H,A,A,01,W,21,B,,,,,C,Y,N,A,2,0,0,0,22106.0,3,37.66003166,-122.42730238,4
2016,2016-11-15,1725,11,3,17,2,Y,A,N,A,H,C,A,01,,00,H,,,,,C,Y,N,D,1,0,0,0,20801.0,2,37.47974,-122.23389994,4
2017,2017-01-27,1532,1,4,15,5,N,A,Y,A,H,A,A,01,S,03,C,,,,,C,N,N,A,1,0,0,0,22350.0,2,37.6664474,-122.45127357,4
2016,2016-12-23,1504,12,4,15,5,N,C,Y,B,H,A,A,01,E,03,C,,,,,C,Y,N,A,1,0,0,0,22350.0,2,37.48212094,-122.15011476,3
2016,2016-11-22,1429,11,3,14,2,N,A,Y,A,H,A,F,26,S,03,C,,,,Y,C,Y,N,A,1,0,0,0,22350.0,2,37.4557777,-122.18743547,4
2016,2016-12-21,1932,12,4,19,3,N,A,N,A,H,C,A,01,W,08,E,,,,,I,Y,N,D,1,0,0,0,22107.0,1,37.43166384,-122.20835548,4
2016,2016-12-28,1732,12,4,17,3,N,A,Y,A,H,C,L,04,N,07,H,,Y,,,G,N,N,A,1,0,1,0,21658.0,2,37.48404758,-122.18238085,3
2016,2016-12-07,1842,12,4,18,3,N,C,N,B,H,C,A,01,N,03,C,,,,,C,N,F,A,1,0,0,0,22350.0,2,37.42596364,-122.19260787,4
2016,2016-12-21,1258,12,4,12,3,Y,A,N,A,H,A,A,07,,03,D,,,,,C,Y,N,D,2,0,0,0,22350.0,2,37.4587099,-122.18527989,3