ACCIDENT_YEAR,COLLISION_DATE,COLLISION_TIME,MONTH,SEASON,24HOURS,DAY_OF_WEEK,INTERSECTION,WEATHER_1,STATE_HWY_IND,ROAD_SURFACE,ROAD_COND_1,LIGHTING,STWD_VEHTYPE_AT_FAULT,CHP_VEHTYPE_AT_FAULT,DIRECTION,PCF_VIOL_CATEGORY,TYPE_OF_COLLISION,PEDESTRIAN_ACCIDENT,BICYCLE_ACCIDENT,MOTORCYCLE_ACCIDENT,TRUCK_ACCIDENT,MVIW,TOW_AWAY,HIT_AND_RUN,CONTROL_DEVICE,NUMBER_INJURED,COUNT_PED_INJURED,COUNT_BICYCLIST_INJURED,COUNT_MC_INJURED,PCF_VIOLATION,PARTY_COUNT,POINT_Y,POINT_X,COLLISION_SEVERITY
2017,2017-04-03,2314,4,1,23,1,Y,A,N,A,H,C,A,01,,12,D,,,,,C,Y,N,A,1,0,0,0,21453.0,2,37.5875699,-122.36348997,4
2017,2017-04-06,1722,4,1,17,4,N,B,N,A,H,A,A,01,N,08,B,,,,,E,N,F,D,1,0,0,0,22107.0,2,37.45357407,-122.18591289,4
2017,2017-04-27,1732,4,1,17,4,Y,A,N,A,H,A,A,01,,09,H,,Y,,,G,N,N,A,1,0,1,0,21802.0,2,37.48172991,-122.22644998,3
2017,2017-04-28,950,4,1,9,5,Y,A,N,A,H,A,A,07,,10,G,Y,,,,B,N,N,D,1,1,0,0,21950.0,2,37.47815991,-122.23567992,3
2017,2017-04-16,1025,4,1,10,7,N,C,N,B,H,A,A,01,N,03,B,,,,,E,Y,N,D,1,0,0,0,22350.0,2,37.48008302,-122.19959333,4
2017,2017-04-10,1654,4,1,16,1,-,A,N,A,H,A,L,04,,05,H,,Y,,,G,N,N,D,1,0,1,0,21650.0,2,37.47463993,-122.21942986,4
2017,2017-05-02,1246,5,1,12,2,Y,A,N,A,H,A,A,08,,09,D,,,,,C,Y,N,D,1,0,0,0,21802.0,2,37.4836099,-122.22479994,3
2017,2017-05-05,2119,5,1,21,5,Y,A,N,A,H,C,A,01,,08,G,Y,,,,B,N,N,D,2,2,0,0,22107.0,3,37.47384992,-122.22187992,3
2017,2017-05-05,1723,5,1,17,5,Y,A,N,A,H,A,A,01,,09,B,,,Y,,C,N,N,D,1,0,0,1,21804.0,2,37.48476999,-122.2281399,3
2017,2017-05-03,928,5,1,9,3,N,A,N,A,H,A,A,01,N,03,C,,,,,C,Y,N,D,2,0,0,0,22350.0,2,37.48070813,-122.25284517,4
2017,2017-05-16,801,5,1,8,2,Y,A,N,A,H,A,A,01,,09,D,,,Y,,C,N,N,A,1,0,0,1,21802.0,2,37.49171993,-122.23695996,4
2017,2017-05-17,1104,5,1,11,3,N,A,Y,A,H,A,A,07,S,01,C,,,,,C,N,N,D,1,0,0,0,23153.0,5,37.48010441,-122.22687863,4
2017,2017-04-19,1138,4,1,11,3,Y,A,Y,A,H,A,A,01,,09,D,,,,,C,Y,N,A,2,0,0,0,21802.0,3,37.6155488,-122.40664639,3
2017,2017-04-25,1648,4,1,16,2,Y,A,N,A,H,A,L,04,,12,H,,Y,,,G,N,N,A,1,0,1,0,21452.0,2,37.45193978,-122.17973234,3
2017,2017-04-12,2126,4,1,21,3,Y,A,N,A,H,C,A,01,,09,H,,Y,,,G,N,N,D,1,0,1,0,21801.0,2,37.46598999,-122.15697988,3
2017,2017-04-15,1025,4,1,10,6,Y,A,N,A,H,A,A,08,,03,C,,,,,C,N,N,D,1,0,0,0,22350.0,2,37.45529989,-122.18359996,4
2017,2017-02-14,2244,2,4,22,2,N,A,N,A,H,D,D,73,E,01,E,,,,,I,Y,M,D,2,0,0,0,23152.0,1,37.55030352,-122.34201648,4
2017,2017-03-01,1436,3,1,14,3,N,A,N,A,H,A,D,22,N,15,E,,,,,I,Y,N,D,1,0,0,0,26451.0,1,37.54091,-122.34542,4
2017,2017-05-01,809,5,1,8,1,N,A,N,A,H,A,A,07,E,09,D,,,,,C,Y,N,D,1,0,0,0,21804.0,2,37.66868554,-122.42032191,4
2017,2017-03-31,1700,3,1,17,5,N,A,N,A,H,A,A,07,W,21,C,,,,,C,N,N,D,1,0,0,0,22106.0,2,37.45082996,-122.1852299,4
2017,2017-04-29,2333,4,1,23,6,N,A,N,A,H,C,A,01,N,12,D,,,,,C,Y,N,A,1,0,0,0,21453.0,2,37.47763247,-122.2234443,4
2016,2016-10-29,1706,10,3,17,6,N,A,N,A,H,B,-,,N,10,G,Y,,,,B,N,F,D,1,1,0,0,21950.0,2,37.48663,-122.22632,4
2017,2017-04-22,1427,4,1,14,6,N,A,Y,A,H,A,F,76,S,03,C,,,,Y,C,N,N,A,1,0,0,0,22350.0,2,37.59567012,-122.50407437,4
2017,2017-04-20,357,4,1,3,4,N,B,N,A,H,C,F,25,N,15,H,Y,,,Y,E,N,N,D,1,1,0,0,26451.0,3,,,4
2016,2016-12-11,900,12,4,9,7,Y,B,N,A,H,A,C,02,,12,D,,,Y,,C,N,N,A,1,0,0,1,21453.0,2,37.62591991,-122.42440999,4
2017,2017-05-01,1235,5,1,12,1,N,A,N,A,H,A,-,- ,E,18,C,,,,,C,N,N,D,2,0,0,0,,2,37.49457937,-122.26079707,4
2017,2017-05-02,1244,5,1,12,2,N,A,N,A,H,A,A,01,E,03,C,,,,,C,N,N,A,1,0,0,0,22350.0,2,37.59849,-122.38759,4
2017,2017-03-31,1415,3,1,14,5,N,A,N,A,G,A,-,- ,E,18,E,,Y,,,I,N,N,D,1,0,1,0,,1,37.55752169,-122.35023752,3
2017,2017-05-04,1441,5,1,14,4,N,A,N,A,H,A,N,60,W,11,G,Y,,,,B,N,N,D,1,1,0,0,21954.0,2,37.60160747,-122.41733686,3
2017,2017-05-03,1232,5,1,12,3,N,A,N,A,D,A,A,01,S,10,G,Y,,,,B,N,N,D,1,1,0,0,21950.0,2,37.59552029,-122.5033588,4
2017,2017-05-03,1227,5,1,12,3,Y,A,N,A,H,A,-,,,09,D,,,,,C,Y,N,A,1,0,0,0,21802.0,2,37.57532997,-122.34188992,4
2017,2017-05-09,1615,5,1,16,2,Y,A,N,A,H,A,A,01,,09,D,Y,,,,C,Y,N,A,2,1,0,0,21802.0,4,37.48146989,-122.19068999,3
2017,2017-05-03,1547,5,1,15,3,N,A,N,A,H,A,D,72,W,10,G,Y,,,,B,N,F,A,2,2,0,0,21950.0,3,37.46847,-122.13941,2
2017,2017-04-25,837,4,1,8,2,N,A,N,A,G,A,A,01,S,09,D,,,,,C,Y,N,D,2,0,0,0,21802.0,2,37.47539,-122.14187,4
2017,2017-04-26,1756,4,1,17,3,N,A,N,A,H,A,A,01,W,08,D,,,,,C,N,N,D,1,0,0,0,22103.0,2,37.46092,-122.13006,4
2017,2017-05-03,1131,5,1,11,3,Y,A,Y,A,H,A,A,01,,09,D,,,,,C,N,N,A,2,0,0,0,21801.0,2,37.48624812,-122.23498368,4
2017,2017-05-05,1847,5,1,18,5,N,A,Y,A,H,A,A,07,S,03,C,,,,,C,Y,N,A,2,0,0,0,22350.0,3,37.59417194,-122.38275547,4
2017,2017-04-30,1933,4,1,19,7,Y,A,Y,A,H,A,A,01,,09,D,,,,,C,Y,N,A,1,0,0,0,21801.0,2,37.58418435,-122.36625032,4
2017,2017-04-19,800,4,1,8,3,N,A,N,A,H,A,A,07,S,03,C,,,,,C,N,N,A,1,0,0,0,22350.0,2,37.47384557,-122.21820711,4
2017,2017-05-09,957,5,1,9,2,Y,A,N,A,H,A,A,01,,03,G,Y,,,,B,N,N,A,1,1,0,0,22350.0,2,37.52937998,-122.26726999,3
2017,2017-05-15,2150,5,1,21,1,Y,A,N,A,H,C,A,01,,09,B,,,,,C,Y,N,D,1,0,0,0,21804.0,2,37.47546999,-122.23395,4
2017,2017-03-01,752,3,1,7,3,Y,A,Y,A,H,A,A,01,,- ,G,Y,,,,B,N,N,D,1,1,0,0,,2,37.48026871,-122.22710872,3
2017,2017-04-04,1715,4,1,17,2,Y,A,Y,A,H,A,A,01,,09,D,,,,,C,N,N,A,1,0,0,0,21453.0,2,37.63430165,-122.41988487,4
2017,2017-03-14,1642,3,1,16,2,N,A,Y,A,H,A,A,01,S,08,B,,,,,C,Y,N,D,1,0,0,0,22107.0,2,37.45977357,-122.19546319,4
2017,2017-05-04,2239,5,1,22,4,Y,A,Y,A,H,C,A,01,,10,G,Y,,,,B,Y,N,D,1,1,0,0,21950.0,2,37.61260493,-122.4037102,2
2017,2017-05-08,1600,5,1,16,1,Y,A,N,A,H,A,A,01,,12,A,,,,,C,Y,N,A,1,0,0,0,21453.0,2,37.63085999,-122.40943998,4
2017,2017-05-20,909,5,1,9,6,Y,A,N,A,H,A,A,01,,09,D,,Y,,,G,N,N,D,1,0,1,0,21801.0,3,37.40237993,-122.24505999,3
2017,2017-03-05,1557,3,1,15,7,N,A,N,A,H,A,A,01,W,03,C,,,,,C,N,N,D,1,0,0,0,22350.0,2,37.70295948,-122.47968609,3
2017,2017-04-04,1820,4,1,18,2,N,A,N,A,H,A,D,22,W,00,G,Y,,,,B,N,N,D,1,1,0,0,21952.0,2,37.68972244,-122.46538874,3
2017,2017-04-03,558,4,1,5,1,Y,A,N,A,H,C,A,01,,08,D,,,,,C,Y,N,A,3,0,0,0,22107.0,3,37.69440994,-122.46478989,4
2017,2017-04-30,642,4,1,6,7,N,A,N,A,H,A,A,01,N,08,C,,,,,E,Y,N,D,1,0,0,0,22107.0,4,37.70270595,-122.44661016,4
2017,2017-04-23,14,4,1,0,7,N,A,N,A,H,C,A,01,N,05,A,,,,,C,N,F,D,1,0,0,0,21460.0,2,37.62844746,-122.41133083,4
2017,2017-04-29,2005,4,1,20,6,N,A,N,A,H,B,C,02,S,01,A,,,Y,,C,Y,N,D,1,0,0,1,23152.0,2,37.60559197,-122.42548227,3
2017,2017-04-06,1956,4,1,19,4,N,C,N,B,H,C,A,01,W,10,G,Y,,,,B,N,M,A,1,1,0,0,21950.0,2,37.70411475,-122.45733597,3
2017,2017-04-15,1024,4,1,10,6,N,A,N,A,H,A,N,60,N,11,G,Y,,,,B,N,N,D,1,1,0,0,21954.0,2,37.66326,-122.4925,3
2017,2017-05-02,828,5,1,8,2,Y,A,N,A,H,A,A,01,,09,D,,,Y,,C,N,N,A,1,0,0,1,21802.0,2,37.69451995,-122.46096992,4
2017,2017-05-12,840,5,1,8,5,N,A,N,A,H,A,A,01,E,03,E,,,,,I,Y,N,D,1,0,0,0,22350.0,1,37.70501,-122.46948318,4
2017,2017-05-21,49,5,1,0,7,N,A,N,A,H,C,A,01,N,01,B,,,,,E,Y,F,D,4,0,0,0,23153.0,4,37.70745677,-122.45990961,2
2017,2017-04-12,1015,4,1,10,3,N,A,N,B,H,A,A,01,W,04,C,,,,,D,N,N,A,1,0,0,0,21703.0,2,37.66907,-122.48013,4
2017,2017-04-01,2320,4,1,23,6,Y,A,N,A,H,C,L,04,,09,D,,Y,,,G,N,N,A,1,0,1,0,21802.0,2,37.68974991,-122.46240994,2
2017,2017-04-02,1644,4,1,16,7,Y,A,N,A,H,A,A,01,,09,D,,,,,C,N,N,A,1,0,0,0,21800.0,2,37.69302989,-122.46172986,4
2017,2017-04-23,1227,4,1,12,7,N,A,N,A,H,A,-,,E,09,D,,,,,C,N,N,D,1,0,0,0,21804.0,2,37.69297498,-122.46303058,3
2017,2017-05-22,2112,5,1,21,1,Y,A,N,A,H,C,A,01,,09,D,,,,,C,Y,N,A,2,0,0,0,21801.0,2,37.49909994,-122.2497,3
2017,2017-05-17,1711,5,1,17,3,N,A,N,A,H,A,A,07,S,09,D,,,,,C,Y,N,D,3,0,0,0,21804.0,2,37.50596731,-122.25042014,4
2017,2017-05-19,1410,5,1,14,5,Y,A,N,A,H,A,A,01,,12,D,,,,,C,Y,N,A,1,0,0,0,21453.0,2,37.5051699,-122.26307992,4
2017,2017-04-10,851,4,1,8,1,N,A,N,A,H,A,A,01,S,12,D,,,,,D,N,N,A,1,0,0,0,22450.0,2,37.70314097,-122.46223346,4
2017,2017-03-11,935,3,1,9,6,Y,A,N,A,H,A,A,01,,09,B,,,,,C,Y,N,D,4,0,0,0,21802.0,2,37.69405994,-122.47102987,4
2017,2017-03-14,312,3,1,3,2,Y,A,N,A,H,C,A,01,,08,E,,,,,I,N,N,A,1,0,0,0,22107.0,1,37.70799992,-122.45504986,3
2017,2017-03-17,2100,3,1,21,5,Y,A,Y,A,H,C,A,01,,12,D,,,,,C,Y,N,A,1,0,0,0,21453.0,2,37.69885109,-122.49521568,4
2017,2017-03-23,9,3,1,0,4,Y,A,N,A,H,D,A,01,,09,H,,,,,C,Y,N,A,1,0,0,0,21802.0,2,37.70733,-122.41663992,4
2017,2017-03-13,1843,3,1,18,1,N,A,N,A,H,A,A,01,E,10,G,Y,,,,B,N,F,D,1,1,0,0,21954.0,2,37.70585442,-122.44199213,3
2017,2017-05-18,1704,5,1,17,4,N,A,N,A,H,A,A,01,N,08,B,,,,,E,Y,N,D,1,0,0,0,22107.0,2,37.51294059,-122.26560702,4
2017,2017-05-23,1024,5,1,10,2,N,A,N,A,H,A,A,01,S,12,D,,,,,C,Y,N,A,1,0,0,0,21453.0,2,37.49867579,-122.25024374,4
2017,2017-05-19,1357,5,1,13,5,N,A,N,A,H,A,A,01,W,03,C,,,,,C,Y,N,A,1,0,0,0,22350.0,2,37.60046995,-122.38404991,4
2017,2017-05-05,1938,5,1,19,5,N,A,N,A,H,A,C,02,E,01,C,,,Y,,C,N,N,D,1,0,0,1,23152.0,2,37.62468057,-122.48338573,3
2017,2017-05-14,1218,5,1,12,7,N,A,Y,A,H,A,A,01,N,03,C,,,,,C,N,N,D,1,0,0,0,22350.0,2,37.61067444,-122.49229079,4
2017,2017-05-13,545,5,1,5,6,N,A,N,A,H,B,A,01,N,01,E,,,,,I,Y,N,D,1,0,0,0,23152.0,1,37.62192529,-122.48454306,3
2017,2017-04-29,1757,4,1,17,6,N,A,N,A,G,A,L,04,E,00,H,,Y,,,G,N,N,D,1,0,1,0,21751.0,2,37.4644963,-122.25222917,4
2017,2017-05-08,2017,5,1,20,1,N,A,N,A,H,A,A,01,E,07,H,,Y,,,G,N,N,D,1,0,1,0,21658.0,2,,,4
2017,2017-05-08,1742,5,1,17,1,N,A,Y,A,H,A,N,60,E,11,G,Y,,,,B,Y,N,A,1,1,0,0,21954.0,2,37.46411355,-122.43413199,4
2017,2017-05-17,1838,5,1,18,3,N,A,N,A,H,A,A,01,N,08,C,,,,,E,Y,N,D,1,0,0,0,22107.0,2,37.58655973,-122.40757114,3
2017,2017-05-15,914,5,1,9,1,N,A,N,A,H,A,A,01,N,09,D,,Y,,,G,N,N,D,1,0,1,0,21801.0,2,37.38277349,-122.23050489,3
2017,2017-01-07,158,1,4,1,6,N,B,N,B,H,C,A,01,S,01,C,,,,,C,Y,F,D,2,0,0,0,23153.0,4,37.52397631,-122.27908344,4
2017,2017-05-26,1640,5,1,16,5,N,A,N,A,H,A,A,01,S,03,C,,,,,C,N,N,D,1,0,0,0,22350.0,2,37.50906989,-122.26113833,4
2016,2016-08-31,1700,8,2,17,3,Y,A,N,A,H,A,A,07,,10,G,Y,,,,B,N,N,D,1,1,0,0,21950.0,2,37.45349997,-122.18115986,3
2017,2017-05-27,1459,5,1,14,6,N,A,N,A,H,A,A,07,W,03,C,,,,,C,N,N,D,2,0,0,0,22350.0,2,37.51669853,-122.28109178,4
2017,2017-05-11,1527,5,1,15,4,N,A,N,A,H,A,A,07,N,09,B,,,,,C,Y,N,A,1,0,0,0,21804.0,2,37.58767887,-122.3637496,3
2017,2017-05-19,1140,5,1,11,5,Y,A,Y,A,H,A,A,01,,17,H,,Y,,,G,N,N,D,2,0,2,0,22517.0,3,37.42800858,-122.2596943,3
2017,2017-03-23,0,3,1,0,4,Y,A,Y,A,H,A,A,07,,09,D,,,,,C,Y,N,D,1,0,0,0,21802.0,2,37.70148557,-122.46337388,4
2017,2017-03-01,1350,3,1,13,3,N,A,N,A,H,A,A,01,E,03,C,,,,,C,N,N,D,2,0,0,0,22350.0,3,37.66410409,-122.46803285,3
2017,2017-03-24,924,3,1,9,5,N,B,N,B,H,A,A,01,W,21,C,,,,,C,N,N,D,1,0,0,0,22106.0,2,37.65459277,-122.4531283,4
2016,2016-04-26,636,4,1,6,2,N,B,N,A,H,A,A,01,N,09,H,,Y,,,G,N,N,A,1,0,1,0,21802.0,2,37.70534347,-122.40676022,4
2017,2017-05-12,2145,5,1,21,5,Y,A,Y,A,H,C,A,01,,12,D,,,,,C,Y,N,A,1,0,0,0,21453.0,2,37.63217855,-122.41865731,4
2017,2017-05-08,2139,5,1,21,1,N,A,Y,A,H,C,A,01,S,04,C,,,,,C,Y,N,D,2,0,0,0,21703.0,2,37.63288561,-122.41906656,4
2017,2017-01-25,530,1,4,5,3,Y,A,Y,A,H,A,A,01,,06,G,Y,,,,B,N,N,A,1,1,0,0,21951.0,2,37.62299793,-122.4126592,4
2017,2017-01-24,1910,1,4,19,2,Y,A,N,A,H,C,I,20,,09,A,,,,,C,Y,N,A,1,0,0,0,21800.0,2,37.64610998,-122.44858997,4
2017,2017-05-12,830,5,1,8,5,N,A,Y,A,H,A,-,,E,01,C,,,,,C,Y,N,D,1,0,0,0,23152.0,2,37.62192876,-121.8090425,4
2017,2017-05-24,753,5,1,7,3,N,B,Y,A,H,A,A,07,N,08,H,,Y,,,G,N,N,D,1,0,1,0,22100.0,2,37.60327199,-122.39313071,3
2017,2017-05-17,1614,5,1,16,3,Y,A,Y,A,H,A,A,07,,09,H,,Y,,,G,N,N,D,1,0,1,0,21801.0,2,37.46615388,-122.20763156,3
2017,2017-05-20,1433,5,1,14,6,N,A,Y,A,H,A,A,08,W,03,C,,,,,C,Y,N,D,1,0,0,0,22350.0,4,37.48067492,-122.21936017,3
2017,2017-05-01,841,5,1,8,1,N,A,Y,A,H,A,A,01,S,04,C,,,,,C,N,N,A,1,0,0,0,21703.0,2,37.60714466,-122.49744145,4
2017,2017-05-11,1906,5,1,19,4,N,B,Y,A,H,A,A,01,N,08,D,,,Y,,C,N,F,D,1,0,0,1,22102.0,2,37.5965856,-122.50323795,3
2017,2017-05-20,1612,5,1,16,6,N,A,Y,A,H,A,A,07,N,01,C,,,,,C,Y,N,D,1,0,0,0,23152.0,2,37.61796406,-122.40898247,4
2017,2017-05-13,1247,5,1,12,6,N,A,Y,A,H,A,A,01,S,03,C,,,,,C,N,N,A,2,0,0,0,22350.0,3,37.61639572,-122.44002362,2
2017,2017-04-24,1557,4,1,15,1,N,B,N,A,H,A,A,01,W,08,B,,,,,C,Y,N,D,3,0,0,0,22107.0,2,37.69899099,-122.49305629,3
2017,2017-05-26,1035,5,1,10,5,Y,A,N,A,H,A,I,11,,12,D,,,,,C,Y,N,A,1,0,0,0,21453.0,2,37.65235991,-122.41110998,4
2017,2017-05-13,923,5,1,9,6,N,A,N,A,H,A,C,02,N,03,H,,,Y,,A,Y,N,A,1,0,0,1,22350.0,2,37.64616683,-122.44863851,2
2017,2017-05-12,826,5,1,8,5,N,A,N,A,H,A,A,01,W,03,C,,,,,C,N,N,A,2,0,0,0,22350.0,2,37.66519751,-122.44516078,4
2017,2017-05-19,720,5,1,7,5,N,A,N,A,H,A,A,01,W,07,B,,,,,C,Y,N,A,2,0,0,0,21658.0,2,37.64167601,-122.41192601,4
2017,2017-04-22,2226,4,1,22,6,N,A,N,A,H,C,A,01,N,08,A,,,,,I,Y,N,D,1,0,0,0,22107.0,1,37.64870444,-122.45050722,4
2017,2017-05-22,1744,5,1,17,1,Y,A,N,A,H,A,D,22,,09,H,,Y,,,G,N,N,D,1,0,1,0,21801.0,2,37.4717099,-122.16785988,4
2017,2017-05-31,910,5,1,9,3,N,A,N,A,D,A,D,72,W,03,C,,,,,C,N,N,A,1,0,0,0,22350.0,2,37.44676106,-122.18860095,4
2017,2017-05-10,1008,5,1,10,3,N,A,N,A,H,A,F,26,W,03,C,,,,Y,C,N,N,A,1,0,0,0,22350.0,3,37.47517466,-122.1533233,3
2017,2017-06-07,1244,6,2,12,3,Y,A,Y,A,H,A,A,01,,09,D,,,,,C,Y,N,D,1,0,0,0,21801.0,2,37.65192383,-122.43164054,4
2017,2017-02-28,0,2,4,0,2,N,A,Y,A,G,C,A,07,,01,C,,,,,E,N,N,A,1,0,0,0,23152.0,2,37.58620517,-122.36974666,4
2017,2017-05-19,1855,5,1,18,5,N,A,N,A,H,A,A,01,,- ,E,,,,,H,N,N,D,1,0,0,0,,1,37.38094532,-122.22654104,3
2017,2017-05-01,1539,5,1,15,1,Y,A,N,A,H,A,A,01,,09,H,,,,,C,Y,N,D,2,0,0,0,21804.0,2,37.48768497,-122.22043276,4
2017,2017-05-13,1107,5,1,11,6,N,A,Y,A,H,A,J,48,N,03,C,,,,,C,N,N,A,3,0,0,0,22350.0,2,37.66463393,-122.44934621,4
2017,2017-05-28,1507,5,1,15,7,Y,A,N,A,H,A,A,07,,12,D,,,,,C,Y,N,A,3,0,0,0,21453.0,3,37.42585989,-122.19246988,4
2017,2017-06-18,1327,6,2,13,7,Y,A,N,A,H,A,-,,,03,C,,,,,C,N,N,D,1,0,0,0,22350.0,2,37.58806989,-122.36303991,4
2017,2017-06-15,1739,6,2,17,4,Y,A,Y,A,H,A,A,01,,09,D,,,,,C,Y,N,A,2,0,0,0,21453.0,2,37.6500455,-122.45260604,4
2017,2017-06-22,2309,6,2,23,4,N,A,Y,A,H,C,A,01,W,10,G,Y,,,,B,Y,F,A,1,1,0,0,21950.0,2,37.65028762,-122.43059679,2
2017,2017-06-05,1724,6,2,17,1,N,A,N,A,H,A,A,01,N,04,C,,,,,C,N,N,A,2,0,0,0,21703.0,2,37.65811923,-122.40910148,4
2017,2017-05-07,1430,5,1,14,7,Y,A,N,A,H,A,A,01,,09,D,,,,,D,Y,N,D,1,0,0,0,21800.0,2,37.45642991,-122.12485989,4
2017,2017-05-19,2154,5,1,21,5,N,A,N,A,H,C,A,01,N,03,C,,,,,C,N,N,A,1,0,0,0,22350.0,2,37.47285076,-122.15436361,4
2017,2017-05-23,750,5,1,7,2,Y,A,N,A,H,A,A,01,,03,C,,,,,C,Y,N,A,1,0,0,0,22350.0,3,37.47549988,-122.13965996,4
2017,2017-05-09,534,5,1,5,2,N,A,N,A,H,C,A,01,S,03,A,,,,,C,Y,N,D,4,0,0,0,22350.0,2,37.45640036,-122.13337362,4
2017,2017-05-11,1745,5,1,17,4,Y,A,N,A,H,A,B,01,,09,D,,,,,C,N,N,A,1,0,0,0,21802.0,3,37.63391995,-122.41379988,4
2017,2017-05-18,1630,5,1,16,4,N,A,N,A,H,A,A,07,N,01,E,,,,,I,Y,M,D,1,0,0,0,23152.0,1,37.61886484,-122.40480183,3
2017,2017-05-19,1705,5,1,17,5,N,-,N,-,-,-,A,01,N,03,-,Y,,,,-,N,N,-,1,1,0,0,22350.0,2,37.48646,-122.2301,3
2017,2017-05-16,2056,5,1,20,2,Y,A,N,A,H,C,A,01,,03,C,,,Y,,C,N,N,D,1,0,0,1,22350.0,2,37.47451999,-122.22516999,3
2017,2017-05-24,738,5,1,7,3,Y,A,N,A,H,A,A,07,,09,A,,,,,C,N,N,D,2,0,0,0,21802.0,2,37.48346999,-122.19720993,4
2017,2017-05-21,1158,5,1,11,7,N,A,N,A,H,A,A,07,E,21,D,,,Y,,C,Y,N,D,1,0,0,1,22106.0,2,37.47680409,-122.22252901,4
2017,2017-05-16,1948,5,1,19,2,Y,A,N,A,H,A,-,,,09,A,,,,,C,Y,N,A,1,0,0,0,21801.0,2,37.48717096,-122.23602263,4
2017,2017-05-17,727,5,1,7,3,N,A,N,A,H,A,A,01,E,10,G,Y,,,,B,N,N,D,1,1,0,0,21950.0,2,37.47909709,-122.19184748,4
2017,2017-05-07,1531,5,1,15,7,Y,A,N,A,H,A,A,01,,09,D,,,,,C,N,N,A,1,0,0,0,21800.0,2,37.48035,-122.24462991,4
2017,2017-04-20,610,4,1,6,4,N,A,N,B,H,A,-,99,S,12,H,,,,,C,N,F,D,1,0,0,0,22450.0,2,37.48532015,-122.18984919,4
2017,2017-05-21,55,5,1,0,7,N,A,Y,A,H,C,D,22,S,03,C,,,,,C,N,F,D,3,0,0,0,22350.0,2,37.65151119,-122.43137668,4
2017,2017-05-05,846,5,1,8,5,Y,A,Y,A,H,A,F,26,,12,D,,,,Y,C,Y,N,A,1,0,0,0,21453.0,2,37.63790463,-122.44041607,4
2017,2017-05-24,1452,5,1,14,3,N,A,N,A,H,A,A,01,W,21,G,Y,,,,B,N,N,D,1,1,0,0,22106.0,3,,,3
2017,2017-05-12,819,5,1,8,5,N,A,N,A,H,A,A,01,E,08,B,,Y,,,G,N,N,D,1,0,1,0,22107.0,2,37.65549604,-122.41159505,4
2017,2017-05-11,849,5,1,8,4,Y,A,N,A,H,A,A,07,,12,H,,Y,,,G,N,N,A,1,0,1,0,21453.0,2,37.65451993,-122.39994986,4
2017,2017-05-11,727,5,1,7,4,N,B,N,A,H,A,A,01,W,08,D,,Y,,,G,N,N,D,1,0,1,0,22107.0,2,37.65537452,-122.41106266,2
2017,2017-05-10,748,5,1,7,3,N,A,N,A,H,A,N,60,N,11,G,Y,,,,B,N,F,D,1,1,0,0,21954.0,2,37.66301861,-122.4011733,2
2017,2017-05-24,1251,5,1,12,3,N,A,N,A,H,A,A,01,E,03,C,,,,,C,N,N,A,1,0,0,0,22350.0,3,37.60046995,-122.38404991,4
2017,2017-05-29,1931,5,1,19,1,N,A,N,A,H,B,C,03,S,01,E,,,Y,,E,N,N,D,2,0,0,2,23152.0,2,37.64062327,-122.42435569,2
2017,2017-06-07,2236,6,2,22,3,N,A,N,A,H,C,A,01,W,08,C,,,,,E,Y,N,D,1,0,0,0,22107.0,2,37.47291,-122.13187,4
2017,2017-06-12,1521,6,2,15,1,Y,A,N,A,H,A,N,60,,08,G,Y,,,,B,N,N,D,1,1,0,0,22107.0,2,37.47176997,-122.13706997,4
2017,2017-05-14,1744,5,1,17,7,Y,A,N,A,H,A,A,01,,09,D,,,,,C,Y,N,A,1,0,0,0,21801.0,2,37.46852,-122.14147993,4
2017,2017-06-05,1050,6,2,10,1,Y,A,N,A,H,A,F,27,,03,F,,,,Y,I,Y,N,A,1,0,0,0,22350.0,1,37.68731997,-122.40060999,4
2017,2017-05-26,1615,5,1,16,5,N,A,N,A,H,A,-,,S,08,F,,,,,I,Y,N,D,1,0,0,0,22107.0,1,37.67382734,-122.39070725,4
2017,2017-06-15,132,6,2,1,4,N,A,N,A,H,C,A,01,E,01,E,,,,,I,Y,N,D,1,0,0,0,23152.0,1,37.63938125,-122.40629196,3
2017,2017-06-27,2235,6,2,22,2,Y,B,N,A,H,C,A,07,,12,G,Y,,,,B,N,F,A,1,1,0,0,22450.0,2,37.64174994,-122.42863993,3
2017,2017-06-07,1430,6,2,14,3,N,A,N,A,H,A,A,01,S,21,D,,Y,,,C,N,N,D,1,0,1,0,22106.0,2,37.65374513,-122.49090274,4
2017,2017-03-27,1747,3,1,17,1,Y,A,N,A,H,A,A,01,,03,C,,,,,C,Y,N,A,2,0,0,0,22350.0,2,37.48641993,-122.17902989,3
2017,2017-05-16,756,5,1,7,2,Y,A,N,A,H,A,L,04,,05,H,,Y,,,G,N,N,A,1,0,1,0,21650.0,2,37.63058992,-122.41198988,3
2017,2017-03-15,1113,3,1,11,3,N,A,Y,A,H,A,A,01,E,03,C,,,,,C,N,N,A,1,0,0,0,22350.0,2,37.47532182,-122.15328927,4
2017,2017-05-30,1247,5,1,12,2,N,A,Y,A,H,A,A,07,S,04,C,,,,,C,N,N,A,3,0,0,0,21703.0,2,37.47748533,-122.22324043,4
2017,2017-05-26,1730,5,1,17,5,N,A,Y,A,H,A,-,- ,N,00,D,,,,,C,Y,N,D,2,0,0,0,,3,37.59469519,-122.38339228,3
2017,2017-05-10,858,5,1,8,3,Y,A,Y,A,H,A,A,01,,10,G,Y,,,,B,N,N,A,1,1,0,0,21950.0,2,37.45427093,-122.18441514,3