ACCIDENT_YEAR,COLLISION_DATE,COLLISION_TIME,MONTH,SEASON,24HOURS,DAY_OF_WEEK,INTERSECTION,WEATHER_1,STATE_HWY_IND,ROAD_SURFACE,ROAD_COND_1,LIGHTING,STWD_VEHTYPE_AT_FAULT,CHP_VEHTYPE_AT_FAULT,DIRECTION,PCF_VIOL_CATEGORY,TYPE_OF_COLLISION,PEDESTRIAN_ACCIDENT,BICYCLE_ACCIDENT,MOTORCYCLE_ACCIDENT,TRUCK_ACCIDENT,MVIW,TOW_AWAY,HIT_AND_RUN,CONTROL_DEVICE,NUMBER_INJURED,COUNT_PED_INJURED,COUNT_BICYCLIST_INJURED,COUNT_MC_INJURED,PCF_VIOLATION,PARTY_COUNT,POINT_Y,POINT_X,COLLISION_SEVERITY
2018,2018-02-13,803,2,4,8,2,N,A,N,A,H,A,A,01,E,09,A,,,,,C,N,N,D,2,0,0,0,21801.0,2,37.65426635742188,-122.41551208496094,3
2017,2017-12-14,1905,12,4,19,4,Y,A,Y,A,H,C,-,,,09,D,,,,,C,Y,N,A,1,0,0,0,21802.0,2,37.67081594,-122.3917432,3
2018,2018-02-20,1101,2,4,11,2,Y,A,N,A,H,A,D,22,,09,D,,,,,C,N,N,A,1,0,0,0,21802.0,2,37.501270294189446,-122.25482177734376,3
2018,2018-02-19,1143,2,4,11,1,Y,A,Y,A,H,A,L,04,,08,H,,Y,,,G,N,N,A,1,0,1,0,22100.0,2,37.58924102783203,-122.37486267089844,3
2018,2018-02-17,2157,2,4,21,6,N,A,N,A,H,C,A,01,S,21,D,,Y,,,G,N,N,D,1,0,1,0,22106.0,2,37.58814239501953,-122.36490631103516,3
2018,2018-03-08,838,3,1,8,4,N,B,N,A,H,A,D,22,E,03,C,,,,,C,N,N,A,1,0,0,0,22350.0,2,37.6546287536621,-122.40223693847656,3
2018,2018-03-05,659,3,1,6,1,N,A,N,A,H,A,D,72,N,09,D,,,Y,,D,N,N,D,1,0,0,1,21801.0,2,37.47901153564453,-122.1379165649414,3
2018,2018-02-18,640,2,4,6,7,N,A,Y,A,D,A,A,01,E,08,E,,,,,I,Y,N,A,1,0,0,0,22107.0,1,37.4689826965332,-122.15513610839844,3
2018,2018-01-12,728,1,4,7,5,N,A,N,A,H,A,A,01,N,03,C,Y,,,,E,N,N,D,1,1,0,0,22350.0,2,37.65752410888672,-122.47694396972656,3
2018,2018-01-20,852,1,4,8,6,N,A,N,A,H,A,A,01,S,10,G,Y,,,,B,N,N,D,1,1,0,0,21950.0,2,37.58484649658203,-122.47590637207033,3
2018,2018-02-01,1504,2,4,15,4,N,A,N,A,H,A,N,60,W,11,G,Y,,,,B,N,N,D,1,1,0,0,21954.0,2,37.613712310791016,-122.48578643798828,3
2018,2018-02-11,2201,2,4,22,7,N,A,N,A,H,C,A,01,W,01,E,,,,,I,Y,N,D,1,0,0,0,23152.0,1,37.600223541259766,-122.4864501953125,3
2017,2017-11-15,1015,11,3,10,3,N,B,N,B,H,A,J,49,E,22,E,,,,,J,N,N,D,1,0,0,0,,1,37.67695621,-122.469247,2
2018,2018-02-19,1103,2,4,11,1,Y,A,Y,A,H,A,J,48,,08,D,,,,,C,N,N,A,1,0,0,0,22107.0,2,37.541534423828125,-122.3026123046875,3
2018,2018-02-23,1657,2,4,16,5,N,A,Y,A,H,A,A,01,E,08,B,,,,,C,Y,N,A,1,0,0,0,22107.0,2,37.650287628173835,-122.43059539794922,3
2017,2017-12-12,1600,12,4,16,2,Y,A,N,A,H,A,N,60,,11,G,Y,,,,B,N,F,D,1,1,0,0,21950.0,2,37.48047998,-122.22983987,4
2018,2018-02-16,1453,2,4,14,5,Y,A,Y,A,H,A,A,01,,10,G,Y,,,,B,N,N,A,1,1,0,0,21950.0,2,37.4738655090332,-122.2182388305664,4
2017,2017-10-26,1130,10,3,11,4,N,A,Y,A,H,A,-,,S,08,E,,,,,I,Y,N,D,1,0,0,0,22107.0,1,37.68963229,-122.47034265,3
2018,2018-02-23,1326,2,4,13,5,Y,A,N,A,H,A,A,01,,08,G,Y,,,,B,N,N,D,1,1,0,0,22107.0,2,37.47018814086913,-122.2305908203125,3
2017,2017-11-17,1817,11,3,18,5,N,A,Y,A,H,C,A,01,N,11,G,Y,,,,B,N,N,A,1,1,0,0,21954.0,2,37.68985526,-122.46591071,3
2017,2017-12-01,1350,12,4,13,5,N,A,N,A,H,A,-,,E,08,B,,,,,C,N,M,A,1,0,0,0,22107.0,2,37.68567612,-122.47075306,3
2018,2018-02-21,1207,2,4,12,3,Y,A,Y,A,H,A,A,07,,09,D,,,,,C,N,N,A,3,0,0,0,21453.0,2,37.68331909179688,-122.48912811279295,4
2018,2018-02-19,2011,2,4,20,1,N,A,Y,A,H,C,A,01,S,03,C,,,,,C,Y,N,D,1,0,0,0,22350.0,2,37.60298538208008,-122.39272308349608,4
2018,2018-02-19,2207,2,4,22,1,N,A,Y,A,H,C,A,01,S,10,G,Y,,,,B,N,N,A,1,1,0,0,21950.0,2,37.60394287109375,-122.39411163330078,3
2018,2018-02-20,1430,2,4,14,2,Y,B,Y,A,H,A,I,11,,03,C,,,,,C,N,N,A,1,0,0,0,22350.0,2,37.59866714477539,-122.38755798339844,3
2018,2018-02-19,1748,2,4,17,1,N,A,Y,A,H,A,A,07,S,03,C,,,,,C,N,N,D,1,0,0,0,22350.0,2,37.460575103759766,-122.1408462524414,3
2018,2018-02-01,1250,2,4,12,4,N,A,Y,-,H,A,-,- ,S,09,D,,,,,C,Y,N,A,1,0,0,0,21801.0,2,,,3
2018,2018-02-15,1407,2,4,14,4,N,A,N,A,H,A,A,01,E,21,C,,,,,C,N,N,A,1,0,0,0,22106.0,2,37.69948959350586,-122.47076416015624,3
2018,2018-01-21,2100,1,4,21,7,N,A,N,B,H,D,-,- ,,00,C,,,,,E,N,N,D,1,0,0,0,,2,37.70024671,-122.48580873,4
2018,2018-03-02,800,3,1,8,5,Y,C,N,B,H,A,A,07,,09,H,,Y,,,G,N,N,A,2,0,1,0,21804.0,2,37.51023864746094,-122.29788970947266,3
2018,2018-03-07,952,3,1,9,3,Y,A,N,A,H,A,-,- ,,12,D,,,,,D,N,N,A,1,0,0,0,21453.0,2,37.6195182800293,-122.43714904785156,3
2018,2018-02-18,2118,2,4,21,7,Y,A,N,A,H,D,A,01,,08,E,,,,,I,Y,N,A,1,0,0,0,22107.0,1,37.57247161865234,-122.3684310913086,4
2018,2018-02-09,1415,2,4,14,5,N,A,N,A,H,A,A,01,S,09,B,,,,,C,N,N,A,1,0,0,0,21801.0,2,37.68526077270508,-122.46868133544922,4
2018,2018-02-05,805,2,4,8,1,Y,A,N,A,H,A,A,01,,09,D,,,,,C,Y,N,A,4,0,0,0,21801.0,2,37.69406127929688,-122.47103118896484,3
2018,2018-01-22,2133,1,4,21,1,N,A,Y,A,H,C,C,02,S,03,H,,,Y,,I,N,N,D,1,0,0,1,22350.0,1,37.705509185791016,-122.4716796875,3
2018,2018-01-19,1100,1,4,11,5,N,A,N,A,H,A,A,01,E,08,C,,,,,E,Y,N,D,2,0,0,0,22107.0,2,37.69919204711913,-122.49147033691406,3
2018,2018-03-03,245,3,1,2,6,N,B,N,B,H,C,A,01,E,08,D,Y,,,,E,N,F,D,1,1,0,0,22107.0,3,,,3
2018,2018-03-05,1528,3,1,15,1,N,A,N,D,H,A,A,08,S,21,G,Y,,,,B,N,N,D,1,1,0,0,22106.0,2,37.50626754760742,-122.26090240478516,3
2018,2018-03-10,346,3,1,3,6,N,A,N,A,H,C,A,01,W,01,A,,,,,E,Y,N,D,2,0,0,0,23153.0,2,37.597820281982415,-122.39860534667967,3
2018,2018-02-26,1743,2,4,17,1,N,A,Y,A,H,A,-,- ,S,18,H,,,,,H,Y,N,D,1,0,0,0,,1,37.59145736694336,-122.50448608398438,3
2018,2018-03-07,1516,3,1,15,3,N,A,N,A,H,A,A,01,N,09,D,,,,,D,N,N,D,1,0,0,0,21801.0,2,37.66093444824219,-122.47913360595705,3
2018,2018-01-05,1851,1,4,18,5,N,C,N,B,H,C,A,01,S,10,G,Y,,,,B,N,N,A,1,1,0,0,21950.0,2,37.683013916015625,-122.48709106445312,4
2018,2018-03-03,1328,3,1,13,6,N,C,Y,B,D,A,A,01,N,03,C,,,,,C,Y,N,D,2,0,0,0,22350.0,2,37.644569396972656,-122.42652893066406,3
2018,2018-03-04,2115,3,1,21,7,N,A,Y,A,H,C,-,99,S,03,C,,,,,C,N,F,A,2,0,0,0,22350.0,2,37.666316986083984,-122.45117950439452,4
2018,2018-01-21,840,1,4,8,7,N,A,Y,A,H,D,A,07,N,08,E,,,,,I,Y,M,D,1,0,0,0,22107.0,1,37.69256210327149,-122.49414825439452,4
2018,2018-03-13,1242,3,1,12,2,N,C,N,B,H,A,A,01,W,03,C,,,,,C,N,N,A,1,0,0,0,22350.0,2,37.51237869262695,-122.30416107177734,3
2018,2018-03-01,742,3,1,7,4,N,C,N,B,H,A,A,01,N,09,D,,,,,C,N,N,A,1,0,0,0,21804.0,2,37.506641387939446,-122.2865753173828,3
2018,2018-02-04,2023,2,4,20,7,N,A,N,A,H,D,-,,S,01,E,,,,,I,Y,N,D,1,0,0,0,23152.0,1,37.56846618652344,-122.38459014892578,4
2018,2018-02-04,2013,2,4,20,7,N,A,N,A,H,D,A,01,E,01,A,,,,,E,Y,M,D,1,0,0,0,23152.0,3,37.57175064086913,-122.3824462890625,4
2018,2018-03-06,1601,3,1,16,2,Y,A,N,A,H,A,A,08,,09,B,,,Y,,C,N,N,A,1,0,0,1,21802.0,2,37.5223388671875,-122.27381134033205,3
2018,2018-03-01,814,3,1,8,4,N,C,N,B,H,A,A,01,W,03,E,,,,,I,Y,N,D,1,0,0,0,22350.0,1,37.66645050048828,-122.40763854980467,2
2018,2018-01-27,229,1,4,2,6,N,A,N,A,H,C,A,01,E,08,B,,,,,C,N,F,D,1,0,0,0,22107.0,4,37.64092254638672,-122.43977355957033,3
2018,2018-03-06,807,3,1,8,2,Y,A,N,A,H,A,A,07,,03,C,,,,,C,N,N,D,1,0,0,0,22350.0,2,37.48046875,-122.22557067871094,4
2018,2018-03-09,1705,3,1,17,5,Y,A,N,A,H,A,A,01,,04,C,,,,,C,N,N,A,1,0,0,0,21703.0,2,37.493698120117195,-122.21936798095705,3
2018,2018-03-06,1556,3,1,15,2,Y,A,N,A,H,A,A,01,,12,D,,,,,C,Y,N,A,2,0,0,0,21453.0,3,37.482208251953125,-122.22164916992188,3
2018,2018-03-16,1733,3,1,17,5,N,A,N,A,H,A,A,01,W,03,C,,,,,C,Y,N,D,1,0,0,0,22350.0,3,37.48727035522461,-122.22548675537108,3
2018,2018-03-12,2106,3,1,21,1,Y,C,N,B,H,C,A,01,,09,D,,,,,C,N,N,A,2,0,0,0,21802.0,2,37.48073959350586,-122.23272705078124,4
2018,2018-02-15,739,2,4,7,4,Y,A,N,A,A,A,-,,,03,C,,,,,C,N,F,A,1,0,0,0,22350.0,2,37.479934,-122.1945,3
2018,2018-02-07,1105,2,4,11,3,Y,A,N,A,H,A,A,01,,12,A,,,,,C,Y,N,A,1,0,0,0,21453.0,2,37.48934173583984,-122.22184753417967,3
2018,2018-02-21,1455,2,4,14,3,Y,A,N,A,H,A,A,07,,09,D,,,,,C,Y,N,A,3,0,0,0,21804.0,2,37.48480987548828,-122.22496032714844,4
2018,2018-02-22,1713,2,4,17,4,Y,A,N,A,H,A,A,01,,10,G,Y,,,,B,N,N,A,1,1,0,0,21950.0,2,37.630859375,-122.40943908691406,2
2018,2018-03-09,1056,3,1,10,5,N,A,N,B,H,A,L,04,E,- ,H,,Y,,,A,N,N,D,1,0,1,0,,1,,,3
2018,2018-03-09,1247,3,1,12,5,N,A,N,A,H,A,A,01,W,09,B,,,,,C,Y,N,D,1,0,0,0,21804.0,2,37.653934478759766,-122.41824340820312,4
2018,2018-03-12,759,3,1,7,1,N,A,N,A,H,A,A,01,W,08,A,,,,,C,Y,N,D,5,0,0,0,22107.0,2,37.65573501586913,-122.41747283935548,3
2017,2017-10-03,1530,10,3,15,2,N,A,N,A,H,A,A,08,N,08,B,,,,,C,N,F,D,1,0,0,0,22107.0,2,37.55162166,-122.32843527,4
2018,2018-03-01,813,3,1,8,4,N,C,N,B,H,A,D,22,S,03,C,,,,,C,N,N,D,1,0,0,0,22350.0,2,37.568153381347656,-122.3180923461914,4
2018,2018-03-10,1346,3,1,13,6,N,A,N,A,H,A,A,08,E,03,C,,,,,C,Y,F,D,1,0,0,0,22350.0,3,37.569862365722656,-122.3137664794922,4
2018,2018-02-22,1716,2,4,17,4,N,A,N,A,H,A,A,01,E,09,D,,,,,C,N,N,A,1,0,0,0,21802.0,2,37.568267822265625,-122.31651306152344,4
2018,2018-03-07,2335,3,1,23,3,N,C,N,B,H,C,A,01,W,03,C,,,,,E,Y,N,D,1,0,0,0,22350.0,2,37.57275772094727,-122.31484222412108,3
2018,2018-03-08,1830,3,1,18,4,-,A,N,A,H,C,A,01,W,03,H,,,,,E,Y,N,D,1,0,0,0,22350.0,3,37.55458831787109,-122.31825256347656,3
2018,2018-03-08,1054,3,1,10,4,Y,A,N,A,H,A,N,60,,11,D,Y,,,,B,N,N,A,1,1,0,0,21950.0,2,37.56721878051758,-122.32508087158205,3
2018,2018-03-15,2134,3,1,21,4,Y,B,N,B,H,C,A,01,,12,D,,,,,C,Y,N,A,1,0,0,0,21453.0,2,37.56721878051758,-122.32508087158205,3
2018,2018-03-01,2032,3,1,20,4,Y,B,N,B,H,C,-,,,10,D,Y,,,,B,N,F,A,1,1,0,0,21950.0,2,37.56829071044922,-122.31488037109376,3
2018,2018-03-01,0,3,1,0,4,Y,B,Y,B,-,A,A,08,,12,D,,,,,C,Y,N,A,2,0,0,0,21453.0,2,37.464946746826165,-122.22455596923828,3
2018,2018-03-19,2343,3,1,23,1,N,A,N,A,H,D,A,01,W,01,F,,,,,E,Y,N,D,1,0,0,0,23152.0,4,37.559303283691406,-122.31912231445312,2
2018,2018-03-16,1340,3,1,13,5,N,A,N,A,H,A,A,01,S,08,D,,,,,C,Y,N,D,2,0,0,0,22107.0,2,37.57841110229492,-122.34254455566406,3
2018,2018-03-08,949,3,1,9,4,N,A,N,A,H,A,F,26,W,03,C,,,,Y,C,Y,N,A,1,0,0,0,22350.0,2,37.62858963012695,-122.41704559326172,3
2018,2018-02-22,2048,2,4,20,4,Y,A,N,A,H,C,A,01,,12,D,,,,,C,Y,N,A,1,0,0,0,21453.0,2,37.63787078857422,-122.41998291015624,2
2018,2018-03-03,1420,3,1,14,6,Y,A,N,A,H,A,-,- ,,18,B,,,,,E,Y,N,D,1,0,0,0,,4,37.68482971191406,-122.47917175292967,3
2018,2018-01-24,1848,1,4,18,3,N,A,N,B,G,C,A,01,W,03,C,,,,,C,Y,N,A,2,0,0,0,22350.0,2,37.6504020690918,-122.46908569335938,3
2018,2018-03-11,1402,3,1,14,7,N,A,N,A,H,A,A,01,N,01,B,,,,,C,Y,N,D,1,0,0,0,23152.0,2,37.69077301025391,-122.47219848632812,4
2018,2018-02-13,1238,2,4,12,2,N,A,N,A,H,A,A,01,N,08,E,,,,,I,Y,N,D,1,0,0,0,22107.0,1,37.67573928833008,-122.47184753417967,3
2018,2018-03-07,2100,3,1,21,3,Y,A,N,A,H,C,A,01,,09,D,,,,,C,N,N,A,1,0,0,0,21453.0,2,37.70491027832031,-122.46227264404295,3
2018,2018-02-09,1947,2,4,19,5,N,A,N,A,H,C,N,60,S,11,G,Y,,,,B,N,M,D,1,1,0,0,21954.0,2,37.707401275634766,-122.456787109375,3
2018,2018-02-17,1804,2,4,18,6,N,A,N,A,H,C,A,01,W,03,C,,,,,C,Y,N,A,1,0,0,0,22350.0,2,37.704635620117195,-122.4071044921875,3
2018,2018-02-21,1503,2,4,15,3,Y,A,N,A,H,A,F,26,,04,C,,,,Y,C,N,N,A,2,0,0,0,21703.0,2,37.472801208496094,-122.15438842773438,3
2018,2018-03-26,1752,3,1,17,1,N,A,N,A,H,A,A,01,E,05,D,,,Y,,D,N,N,A,1,0,0,1,21650.0,2,37.45769882202149,-122.14063262939452,4
2018,2018-03-22,1030,3,1,10,4,Y,B,N,B,H,A,A,01,,10,G,Y,,,,B,N,N,A,1,1,0,0,21950.0,2,37.487571716308594,-122.22303771972656,2
2018,2018-03-31,1647,3,1,16,6,N,A,N,A,H,A,A,01,N,04,C,,,,,C,N,N,A,1,0,0,0,21703.0,2,37.4882698059082,-122.23473358154295,3
2018,2018-03-08,540,3,1,5,4,Y,B,N,B,H,C,L,04,,05,H,,Y,,,G,N,N,A,1,0,1,0,21650.0,2,37.48543167114258,-122.2145538330078,3
2018,2018-03-24,35,3,1,0,6,N,B,N,B,H,C,A,07,W,01,A,,,,,C,Y,F,D,2,0,0,0,23153.0,2,37.643402099609375,-122.45957946777344,2
2018,2018-03-26,424,3,1,4,1,N,A,N,A,H,C,A,01,W,22,C,,,,,E,Y,N,D,1,0,0,0,,2,37.48656845092773,-122.23681640625,3
2018,2018-03-24,1344,3,1,13,6,Y,A,N,A,H,A,A,01,,10,D,,Y,,,G,N,N,D,1,0,1,0,21950.0,2,37.48151016235352,-122.22007751464844,3
2018,2018-03-15,2000,3,1,20,4,-,C,N,B,H,C,A,01,,03,C,,,,,C,N,N,D,2,0,0,0,22350.0,2,37.48664281,-122.19648063,3
2018,2018-03-23,1644,3,1,16,5,Y,A,N,A,H,A,D,22,,09,D,,,,,C,Y,N,A,1,0,0,0,21800.0,2,37.60538101196289,-122.49490356445312,4
2018,2018-03-13,1856,3,1,18,2,N,B,N,A,H,A,A,01,N,09,D,,,,,C,Y,N,A,1,0,0,0,21802.0,2,37.62657928466797,-122.48919677734376,3
2018,2018-03-09,1850,3,1,18,5,Y,E,N,B,H,C,-,,,03,C,,,,,C,N,N,A,1,0,0,0,22350.0,3,37.66905975341797,-122.4689712524414,3
2018,2018-03-07,542,3,1,5,3,Y,A,Y,A,H,C,J,48,,00,D,,,,,C,Y,N,A,2,0,0,0,21807.0,2,37.50074005126953,-122.25251007080078,4
2018,2018-04-16,2105,4,1,21,1,N,A,N,A,H,C,A,07,S,03,C,,,,,C,Y,N,D,4,0,0,0,22350.0,3,37.53607177734375,-122.29637145996094,3
2018,2018-04-06,2150,4,1,21,5,Y,C,N,B,H,C,A,01,,12,D,,,,,C,Y,N,A,4,0,0,0,21453.0,2,37.58039855957031,-122.33455657958984,2
2018,2018-04-05,1018,4,1,10,4,N,B,N,A,H,A,A,01,W,03,C,,,,,C,N,N,D,2,0,0,0,22350.0,2,37.49334716796875,-122.23616790771484,4
2018,2018-03-29,1131,3,1,11,4,N,A,N,A,H,A,A,01,S,09,D,,,,,C,N,N,D,3,0,0,0,21804.0,2,,,3
2018,2018-03-25,1104,3,1,11,7,N,A,N,A,H,A,A,01,,03,C,,,,,C,N,N,-,3,0,0,0,22350.0,3,37.55508728,-122.26508349,4
2018,2018-03-21,12,3,1,0,3,Y,B,N,B,H,C,-,- ,,12,D,,,,,C,N,N,A,2,0,0,0,21453.0,2,37.56132125854492,-122.26917266845705,4
2017,2017-12-25,917,12,4,9,1,Y,A,N,A,H,A,A,01,,07,A,,,,,I,Y,N,A,2,0,0,0,21658.0,1,37.69760989,-122.47073989,3
2018,2018-03-14,1320,3,1,13,3,N,A,N,A,H,A,D,22,N,03,C,,,,,C,N,N,D,1,0,0,0,22350.0,2,37.700191497802734,-122.48125457763672,4
2018,2018-04-15,1830,4,1,18,7,N,A,Y,B,H,A,A,01,N,03,C,,,,,C,N,N,D,1,0,0,0,22350.0,2,37.454402923583984,-122.18468475341795,3
2018,2018-03-21,1353,3,1,13,3,N,A,N,A,H,A,-,,E,03,C,,,,,C,N,N,A,1,0,0,0,22350.0,2,37.42445755004882,-122.19132995605467,3
2018,2018-03-12,1637,3,1,16,1,N,C,N,B,H,A,L,04,W,03,H,,Y,,,G,N,N,D,1,0,1,0,22350.0,2,37.45182037353516,-122.18641662597656,4
2018,2018-03-11,1333,3,1,13,7,Y,A,N,A,H,A,D,22,,10,G,Y,,,,B,N,N,D,1,1,0,0,21950.0,2,37.602588653564446,-122.39386749267578,3
2018,2018-03-16,2311,3,1,23,5,N,B,N,B,H,C,A,01,W,01,C,,,,,C,Y,N,A,2,0,0,0,23153.0,2,37.51187133789063,-122.25788116455078,3
2018,2018-03-22,1600,3,1,16,4,N,A,N,A,H,A,-,- ,W,00,G,Y,,,,B,N,N,D,1,1,0,0,,2,37.583946228027344,-122.33935546875,3
2018,2018-03-19,1542,3,1,15,1,Y,A,N,A,H,A,A,01,,03,C,,,,,C,N,N,D,1,0,0,0,22350.0,3,37.58353042602539,-122.35410308837892,3
2018,2018-03-17,1732,3,1,17,6,N,B,N,A,H,A,A,01,S,08,C,,,,,E,N,N,D,1,0,0,0,22107.0,3,37.58606719970703,-122.37146759033205,3
2018,2018-02-21,1504,2,4,15,3,Y,A,N,A,H,A,-,,,03,C,,,,,C,N,F,D,1,0,0,0,22350.0,3,37.48434066772461,-122.2082290649414,3
2018,2018-03-09,2311,3,1,23,5,N,A,N,A,H,C,A,01,W,08,D,,,,,C,Y,F,A,1,0,0,0,22100.0,2,37.46847534179688,-122.14149475097656,3
2018,2018-03-04,1301,3,1,13,7,-,A,N,A,H,A,A,01,,17,H,,Y,,,G,N,N,A,1,0,1,0,21367.0,2,,,2
2018,2018-03-10,2120,3,1,21,6,Y,A,N,A,H,C,A,07,,01,E,,,,,I,Y,M,D,1,0,0,0,23152.0,1,37.48321614,-122.24099815,2
2018,2018-03-02,1405,3,1,14,5,Y,B,N,B,H,A,A,01,,03,C,,,,,C,Y,N,D,1,0,0,0,22350.0,2,37.68544006347656,-122.39813995361328,4
2018,2018-03-01,1925,3,1,19,4,N,C,N,B,H,C,A,01,S,12,D,,,,,C,Y,N,A,1,0,0,0,21453.0,2,37.685359954833984,-122.39804840087892,3
2018,2018-03-21,1005,3,1,10,3,Y,C,N,B,H,A,D,72,,08,D,,,,,C,Y,N,A,3,0,0,0,22103.0,3,37.57307052612305,-122.33672332763672,3
2018,2018-03-13,757,3,1,7,2,Y,B,N,B,H,A,D,22,,10,G,Y,,,,B,N,N,A,3,3,0,0,21950.0,4,37.541160583496094,-122.30718231201172,3
2018,2018-03-13,739,3,1,7,2,Y,C,N,B,H,A,D,22,,10,G,Y,,,,B,N,N,A,2,2,0,0,21950.0,3,37.52156829833984,-122.28807830810548,3
2018,2018-02-10,1440,2,4,14,6,N,A,N,A,H,A,A,01,E,03,C,,,,,C,N,N,A,1,0,0,0,22350.0,2,37.56647491455078,-122.32292938232422,3
2018,2018-03-16,728,3,1,7,5,N,B,N,B,H,A,A,01,S,00,B,,,,,E,Y,N,D,1,0,0,0,22017.0,3,37.57505035400391,-122.3357391357422,3
2018,2018-03-14,730,3,1,7,3,Y,B,N,B,H,A,-,- ,,00,G,Y,,,,B,N,N,A,1,1,0,0,,2,37.57238006591797,-122.3193130493164,3
2018,2018-03-16,1418,3,1,14,5,N,B,N,A,H,A,A,01,N,03,C,,,,,C,N,N,D,2,0,0,0,22350.0,3,37.54370880126953,-122.2922821044922,4
2018,2018-03-05,1735,3,1,17,1,N,A,N,A,H,A,A,01,W,03,C,,,,,C,N,N,D,2,0,0,0,22350.0,2,37.558151245117195,-122.28677368164062,3
2018,2018-03-06,808,3,1,8,2,Y,A,Y,A,H,A,A,01,,09,D,,,,,C,Y,N,A,1,0,0,0,21802.0,2,37.45985412597656,-122.19562530517578,4
2018,2018-03-07,1410,3,1,14,3,Y,A,Y,A,H,A,L,04,,05,H,,Y,,,G,N,N,A,1,0,1,0,21650.0,2,37.45985412597656,-122.19562530517578,3
2018,2018-03-12,1830,3,1,18,1,N,C,Y,B,H,B,A,01,S,03,C,,,,,C,Y,N,A,1,0,0,0,22350.0,3,37.4620246887207,-122.19994354248048,4
2018,2018-03-24,1226,3,1,12,6,N,A,N,A,H,A,-,- ,E,18,A,,,,,C,N,N,A,1,0,0,0,,2,37.51200485229492,-122.25772094726562,3
2018,2018-03-24,1604,3,1,16,6,Y,A,N,A,H,A,A,01,,12,D,,,,,C,Y,N,A,3,0,0,0,21453.0,3,37.65365982055664,-122.41700744628906,3
2018,2018-02-17,1016,2,4,10,6,N,A,Y,A,H,A,D,22,S,03,C,,,,,C,Y,N,B,1,0,0,0,22350.0,2,37.60689926147461,-122.49766540527344,3
2018,2018-02-13,820,2,4,8,2,Y,A,N,A,H,A,A,08,,03,C,,,,,C,N,N,A,1,0,0,0,22350.0,2,37.563579559326165,-122.26806640625,3
2018,2018-02-13,1555,2,4,15,2,Y,A,N,A,H,A,A,07,,03,C,,,,,C,N,N,A,1,0,0,0,22350.0,2,37.558639526367195,-122.27149963378906,3
2018,2018-02-13,0,2,4,0,2,Y,A,N,A,H,A,A,01,,09,D,,,,,C,N,N,A,1,0,0,0,21804.0,2,37.557071685791016,-122.27925872802734,3
2018,2018-02-14,1450,2,4,14,3,Y,A,N,A,H,A,A,01,,10,A,Y,,,,B,N,N,A,1,1,0,0,21950.0,2,37.5433006286621,-122.27182006835938,3
2018,2018-02-06,1315,2,4,13,2,Y,A,N,A,H,A,A,01,,09,A,,,,,C,N,N,A,1,0,0,0,21802.0,2,37.55221176147461,-122.26358795166016,3
2017,2017-12-11,847,12,4,8,1,N,A,N,A,H,A,A,01,W,09,D,,,,,C,N,N,A,1,0,0,0,21802.0,2,37.46688942,-122.22415902,3
2018,2018-03-14,2009,3,1,20,3,N,A,N,A,-,C,A,07,S,08,D,,,,,C,Y,N,D,3,0,0,0,22107.0,2,,,3
2018,2018-03-03,910,3,1,9,6,N,B,Y,B,H,A,A,01,N,04,C,,,,,C,Y,N,D,1,0,0,0,21703.0,2,37.63268280029297,-122.41895294189452,4
2018,2018-03-26,1707,3,1,17,1,Y,A,Y,A,H,A,A,01,,09,D,,,,,C,N,N,D,1,0,0,0,21801.0,2,37.46677017211913,-122.22411346435548,4
2018,2018-03-28,2006,3,1,20,3,N,A,Y,A,H,D,A,07,S,08,C,,,,,C,N,N,D,1,0,0,0,22107.0,2,37.63187026977539,-122.45404052734376,3
2018,2018-03-05,1210,3,1,12,1,N,A,N,A,H,A,D,82,S,08,E,,,,,I,N,N,D,1,0,0,0,22107.0,1,37.675689697265625,-122.39118194580078,3
2018,2018-04-03,2120,4,1,21,2,Y,A,N,A,H,C,A,07,,04,C,,,,,C,Y,N,A,1,0,0,0,21703.0,2,37.48114776611328,-122.21907043457033,4
2018,2018-02-26,1715,2,4,17,1,N,A,N,A,H,A,A,01,S,03,C,,,,,C,Y,N,D,1,0,0,0,22350.0,2,37.484840393066406,-122.17233276367188,3