ACCIDENT_YEAR,COLLISION_DATE,COLLISION_TIME,MONTH,SEASON,24HOURS,DAY_OF_WEEK,INTERSECTION,WEATHER_1,STATE_HWY_IND,ROAD_SURFACE,ROAD_COND_1,LIGHTING,STWD_VEHTYPE_AT_FAULT,CHP_VEHTYPE_AT_FAULT,DIRECTION,PCF_VIOL_CATEGORY,TYPE_OF_COLLISION,PEDESTRIAN_ACCIDENT,BICYCLE_ACCIDENT,MOTORCYCLE_ACCIDENT,TRUCK_ACCIDENT,MVIW,TOW_AWAY,HIT_AND_RUN,CONTROL_DEVICE,NUMBER_INJURED,COUNT_PED_INJURED,COUNT_BICYCLIST_INJURED,COUNT_MC_INJURED,PCF_VIOLATION,PARTY_COUNT,POINT_Y,POINT_X,COLLISION_SEVERITY
2016,2016-08-24,810,8,2,8,3,N,A,Y,A,H,A,D,22,N,03,C,,,,Y,C,Y,N,D,1,0,0,0,22350.0,2,37.42032983,-122.22335159,4
2016,2016-09-23,1700,9,3,17,5,N,A,Y,A,H,A,-,99,S,03,C,,,,,C,N,M,D,1,0,0,0,22350.0,2,37.53417727,-122.27817357,4
2016,2016-09-28,715,9,3,7,3,N,A,Y,A,H,A,A,07,N,07,C,,,Y,,C,Y,N,D,1,0,0,1,21658.0,2,37.48838115,-122.14062779,3
2016,2016-09-25,745,9,3,7,7,N,A,Y,A,H,A,A,01,S,08,E,,,,,I,Y,N,D,1,0,0,0,22107.0,1,37.61764685,-122.39866338,4
2016,2016-09-26,1315,9,3,13,1,N,A,Y,A,H,A,D,22,S,03,C,,,,,C,Y,N,A,1,0,0,0,22350.0,2,,,4
2016,2016-09-10,1030,9,3,10,6,N,A,Y,A,H,A,A,01,E,05,D,,,,,C,Y,N,D,1,0,0,0,21460.0,2,,,4
2016,2016-09-28,1620,9,3,16,3,N,A,Y,A,H,A,D,22,N,03,C,,,,,C,Y,N,D,1,0,0,0,22350.0,2,,,4
2016,2016-09-28,905,9,3,9,3,N,A,Y,A,H,A,A,01,W,03,C,,,,,C,N,N,D,1,0,0,0,22350.0,4,37.59272984,-122.23666842,4
2016,2016-09-30,1750,9,3,17,5,N,A,Y,A,H,A,A,01,N,04,C,,,,,C,Y,N,D,1,0,0,0,21703.0,2,37.69345081,-122.47032656,4
2016,2016-09-27,910,9,3,9,2,N,A,Y,A,H,A,A,07,W,03,C,,,,,C,N,N,A,1,0,0,0,22350.0,2,,,3
2020,2020-01-12,1330,1,4,13,7,N,A,N,A,H,A,A,01,W,03,C,,,,,C,Y,M,A,1,0,0,0,22350.0,2,37.539100646972656,-122.30020904541016,3
2016,2016-10-02,1738,10,3,17,7,N,A,Y,A,H,A,A,01,N,03,C,,,,,C,N,N,D,1,0,0,0,22350.0,2,37.55377391,-122.29630997,4
2016,2016-09-26,1130,9,3,11,1,N,A,Y,A,H,A,A,01,W,08,E,,,,,I,Y,N,D,1,0,0,0,22107.0,1,37.38588331,-122.26736466,3
2016,2016-10-01,950,10,3,9,6,N,A,Y,A,H,A,A,01,N,01,C,,,,,C,Y,N,D,2,0,0,0,23152.0,2,37.57367881,-122.3169335,4
2016,2016-09-15,1655,9,3,16,4,N,A,Y,A,H,A,D,22,N,03,C,,,,,C,Y,N,D,1,0,0,0,22350.0,2,37.49747886,-122.2364295,4
2016,2016-09-27,755,9,3,7,2,N,A,Y,A,H,A,F,26,W,03,C,,,,Y,C,N,N,D,1,0,0,0,22350.0,3,37.60175883,-122.20653558,4
2020,2020-01-06,825,1,4,8,1,Y,A,N,A,H,A,A,08,,10,G,Y,,,,B,N,N,A,1,1,0,0,21950.0,2,37.56446075439453,-122.30235290527344,3
2020,2020-01-12,2125,1,4,21,7,N,A,N,A,H,C,A,01,E,01,A,,,,,C,Y,N,D,1,0,0,0,23152.0,2,37.54261016845703,-122.29051971435548,3
2020,2020-01-10,818,1,4,8,5,N,A,N,A,H,A,N,60,N,11,G,Y,,,,B,N,N,D,1,1,0,0,21954.0,2,37.583038330078125,-122.37684631347656,2
2016,2016-09-23,2345,9,3,23,5,N,A,Y,A,H,D,A,01,S,01,E,,,,,I,Y,N,D,1,0,0,0,23152.0,1,37.46454555,-122.14767442,3
2019,2019-11-09,108,11,3,1,6,Y,A,N,A,H,C,A,01,,08,C,,,,,E,Y,N,A,1,0,0,0,22107.0,2,37.481971740722656,-122.1503677368164,3
2016,2016-10-03,2334,10,3,23,1,N,B,Y,A,H,D,A,01,S,01,B,,,,,C,Y,N,D,2,0,0,0,23152.0,2,37.46384312,-122.29098106,3
2016,2016-08-27,217,8,2,2,6,N,A,Y,A,H,D,A,01,S,01,B,,,,,C,Y,N,D,1,0,0,0,23152.0,2,37.56986764,-122.31304641,4
2016,2016-09-20,2325,9,3,23,2,N,A,N,A,H,C,A,01,S,01,E,,,,,I,Y,N,D,1,0,0,0,23152.0,1,37.50383509,-122.48565017,4
2016,2016-09-23,1354,9,3,13,5,N,A,N,A,H,A,A,01,E,07,B,,,,,C,Y,N,A,1,0,0,0,21658.0,2,37.69944021,-122.45011483,4
2016,2016-09-24,225,9,3,2,6,N,A,Y,A,H,C,A,01,S,03,C,,,,,C,Y,M,D,1,0,0,0,22350.0,2,37.58953,-122.36062,4
2016,2016-10-10,40,10,3,0,1,N,A,Y,A,H,C,-,98,W,22,E,,,,,I,Y,N,D,1,0,0,0,,1,37.55235302,-122.30703323,3
2019,2019-11-03,659,11,3,6,7,N,A,N,A,H,A,A,01,W,08,E,,,,,I,Y,N,A,1,0,0,0,22107.0,1,37.55155563354492,-122.34211730957033,3
2019,2019-11-01,917,11,3,9,5,N,A,N,A,H,A,A,01,W,08,E,,,,,I,Y,N,D,1,0,0,0,22107.0,1,37.54852294921875,-122.34517669677734,3
2016,2016-10-07,1728,10,3,17,5,N,A,Y,A,H,A,A,01,N,03,C,,,,,C,N,N,D,1,0,0,0,22350.0,2,37.57196,-122.31558,4
2016,2016-09-19,1721,9,3,17,1,N,A,Y,A,H,A,A,01,N,07,B,,,Y,,C,Y,N,D,1,0,0,1,21658.0,2,37.50333267,-122.24430939,4
2016,2016-09-20,1825,9,3,18,2,N,A,N,A,H,A,A,01,E,00,A,,,,,C,Y,N,D,2,0,0,0,21460.0,2,37.4736635,-122.26895007,3
2019,2019-11-19,0,11,3,0,2,Y,A,N,A,H,A,A,01,,08,D,,,,,C,N,N,A,1,0,0,0,22107.0,2,37.58612823486328,-122.36961364746094,3
2016,2016-10-04,1930,10,3,19,2,N,A,Y,A,H,C,A,08,N,07,B,,,Y,,C,N,N,D,1,0,0,1,21658.0,2,37.46226716,-122.14373289,4
2019,2019-11-06,1505,11,3,15,3,Y,A,N,A,H,A,A,01,,03,G,Y,,,,B,N,N,A,1,1,0,0,22350.0,2,37.44942092895508,-122.18637084960938,3
2016,2016-10-03,1630,10,3,16,1,N,A,Y,A,H,A,A,07,N,03,C,,,,,C,Y,N,D,2,0,0,0,22350.0,3,37.42132845,-122.22437024,4
2019,2019-11-26,1536,11,3,15,2,N,B,N,B,H,A,A,01,W,03,C,,,,,C,Y,N,A,1,0,0,0,22350.0,2,37.45534896850586,-122.1793212890625,4
2019,2019-11-15,920,11,3,9,5,N,A,N,A,A,A,A,01,N,21,E,Y,,,,J,N,F,D,1,1,0,0,22106.0,2,37.6284294128418,-122.40514373779295,3
2019,2019-11-05,726,11,3,7,2,N,B,N,A,H,A,A,01,,12,D,,,,,C,Y,N,A,1,0,0,0,21453.0,2,,,3
2019,2019-11-12,815,11,3,8,2,N,A,N,A,H,A,A,01,N,21,H,,Y,,,G,N,N,D,1,0,1,0,22106.0,2,37.475051879882805,-122.16217041015624,2
2016,2016-10-07,1730,10,3,17,5,N,A,Y,A,H,A,A,01,N,03,C,,,,,C,N,N,D,1,0,0,0,22350.0,2,37.54722546,-122.29015343,4
2016,2016-09-30,220,9,3,2,5,N,A,Y,A,H,D,A,07,N,01,E,,,,,I,Y,N,D,1,0,0,0,23152.0,1,37.62512511,-122.4871439,4
2016,2016-10-07,2220,10,3,22,5,N,A,Y,A,H,C,A,01,W,01,C,,,,,C,Y,N,A,1,0,0,0,23152.0,2,37.6541422,-122.4366592,4
2016,2016-10-03,1205,10,3,12,1,N,C,Y,B,H,A,D,22,E,03,C,,,,,C,Y,N,D,1,0,0,0,22350.0,3,37.55270904,-122.30354972,4
2016,2016-08-13,142,8,2,1,6,N,A,Y,A,H,D,A,01,N,08,E,,,,,I,Y,N,D,2,0,0,0,22107.0,1,37.46893,-122.15634,3
2016,2016-10-09,525,10,3,5,7,N,A,Y,A,H,C,A,01,S,01,B,,,,,I,Y,N,D,1,0,0,0,23152.0,1,,,4
2016,2016-10-05,1510,10,3,15,3,N,A,Y,A,C,A,A,01,S,08,B,,,,,C,N,N,A,1,0,0,0,22107.0,3,37.50702,-122.33838,4
2016,2016-10-02,730,10,3,7,7,N,A,Y,A,H,A,L,04,E,03,F,,Y,,,A,N,N,D,1,0,1,0,22350.0,1,37.414146,-122.193052,3
2016,2016-09-28,1658,9,3,16,3,N,A,N,A,H,A,A,07,S,03,F,,,,,A,Y,N,D,1,0,0,0,22350.0,1,37.49245596,-122.32443507,2
2016,2016-10-04,1545,10,3,15,2,N,A,Y,A,H,A,A,01,S,03,C,,,,,C,Y,F,D,3,0,0,0,22350.0,3,37.50564573,-122.11879706,4
2016,2016-09-30,834,9,3,8,5,N,A,Y,A,H,A,A,01,S,03,C,,,,,C,N,N,A,1,0,0,0,22350.0,2,37.66178,-122.40263,4
2016,2016-09-25,1745,9,3,17,7,N,A,Y,A,A,A,A,01,N,08,D,,,,,C,Y,N,D,1,0,0,0,22107.0,2,,,4
2016,2016-09-06,1634,9,3,16,2,N,A,Y,A,H,A,-,99,E,03,C,,,,,C,N,N,D,1,0,0,0,22350.0,2,37.59118224,-122.24153518,4
2016,2016-10-02,945,10,3,9,7,Y,B,Y,A,H,A,C,02,,03,F,,,Y,,A,Y,N,D,1,0,0,1,22350.0,1,37.35876955,-122.39763507,3
2016,2016-10-02,955,10,3,9,7,Y,B,Y,A,H,A,A,01,,09,D,,,,,C,Y,N,A,1,0,0,0,21802.0,2,37.49600554,-122.4576737,4
2016,2016-10-06,1640,10,3,16,4,N,A,Y,A,H,A,A,01,N,03,C,,,,,C,Y,N,D,2,0,0,0,22350.0,3,37.42331981,-122.22731804,4
2016,2016-10-05,840,10,3,8,3,Y,A,Y,A,H,A,L,04,,12,D,,Y,,,G,N,F,D,1,0,1,0,22450.0,2,,,3
2019,2019-09-28,1032,9,3,10,6,N,A,N,A,H,A,L,04,S,16,H,,Y,,,G,N,N,A,1,0,1,0,21201.0,1,37.44093704223633,-122.1999969482422,3
2016,2016-09-14,1800,9,3,18,3,N,A,Y,A,H,A,F,55,N,03,C,,,,Y,C,Y,N,D,1,0,0,0,22350.0,3,37.52624191,-122.35844042,4
2016,2016-10-06,1520,10,3,15,4,N,A,Y,A,H,A,A,01,N,03,C,,,,,D,N,N,D,1,0,0,0,22350.0,2,37.5453509,-122.28840472,4
2019,2019-09-24,1719,9,3,17,2,N,A,N,A,H,A,L,04,W,12,H,,Y,,,G,N,F,A,1,0,1,0,22450.0,2,37.46028518676758,-122.1535415649414,3
2019,2019-09-15,1752,9,3,17,7,Y,A,N,A,H,A,L,04,,05,A,,Y,,,G,N,N,A,1,0,1,0,21650.0,2,37.57706069946289,-122.33937072753906,3
2016,2016-10-06,1700,10,3,17,4,N,A,Y,A,H,A,A,08,W,03,C,,,,,A,Y,N,D,1,0,0,0,22350.0,2,37.52532642,-122.33215658,4
2016,2016-10-10,1600,10,3,16,1,N,A,N,A,H,A,L,04,E,08,F,,Y,,,I,N,N,A,1,0,1,0,22107.0,1,37.34093705,-122.19433768,2
2016,2016-10-06,640,10,3,6,4,N,A,Y,A,H,A,A,07,N,07,C,,,,,C,N,N,D,1,0,0,0,21658.0,5,37.50236995,-122.12388997,4
2016,2016-10-14,2045,10,3,20,5,N,B,Y,A,H,C,A,01,S,08,E,,,,,I,Y,N,D,1,0,0,0,22107.0,1,37.52632,-122.27,4
2016,2016-10-08,1710,10,3,17,6,N,A,Y,A,H,A,C,02,S,03,E,,,Y,,I,N,N,D,1,0,0,1,22350.0,1,37.48389971,-122.35870246,4
2019,2019-12-14,544,12,4,5,6,Y,A,N,A,H,C,A,07,,09,D,,,,Y,C,Y,N,D,2,0,0,0,21802.0,2,37.70790863037109,-122.4594268798828,4
2020,2020-01-21,1841,1,4,18,2,Y,C,N,B,H,C,I,11,,10,G,Y,,,,B,N,N,D,1,1,0,0,21950.0,2,37.70412063598633,-122.46205902099608,4
2016,2016-09-15,1525,9,3,15,4,N,A,N,A,H,A,A,01,W,03,G,Y,,,,B,Y,N,D,1,1,0,0,22350.0,3,37.44578635,-122.23349154,2
2016,2016-10-09,1110,10,3,11,7,N,A,Y,A,H,A,A,01,N,07,B,,,Y,,C,Y,N,D,1,0,0,1,21658.0,3,37.5535377,-122.29599027,4
2016,2016-10-11,1800,10,3,18,2,N,A,Y,A,H,A,A,01,N,07,C,,,,Y,C,N,N,D,1,0,0,0,21658.0,2,37.47103974,-122.1591315,4
2016,2016-09-15,1524,9,3,15,4,N,A,N,A,H,A,A,01,W,03,C,,,,,C,Y,N,D,1,0,0,0,22350.0,2,37.44579203,-122.23347723,4
2016,2016-10-16,1137,10,3,11,7,N,B,Y,B,F,A,A,01,N,08,E,,,,,I,Y,N,D,1,0,0,0,22107.0,1,37.59589579,-122.4192991,4
2016,2016-10-15,1955,10,3,19,6,N,C,Y,B,H,C,A,01,S,03,C,,,,,C,N,N,D,1,0,0,0,22350.0,2,,,4
2016,2016-10-10,1610,10,3,16,1,N,A,Y,A,H,A,A,01,S,03,C,,,,,C,N,N,D,1,0,0,0,22350.0,2,37.66303465,-122.40005391,4
2016,2016-10-09,840,10,3,8,7,N,A,N,A,C,A,C,02,E,03,E,,,Y,,I,Y,N,D,1,0,0,1,22350.0,1,37.40163322,-122.36077616,2
2016,2016-10-15,1000,10,3,10,6,N,A,Y,A,H,A,A,01,S,01,C,,,,,C,Y,N,D,2,0,0,0,23152.0,4,37.56141647,-122.30362803,2
2016,2016-10-01,1340,10,3,13,6,N,A,Y,A,H,A,A,01,N,04,C,,,,,C,Y,N,D,1,0,0,0,21703.0,2,37.6659181,-122.46556455,4
2016,2016-10-05,1635,10,3,16,3,N,A,Y,A,H,A,A,01,E,03,C,,,,,C,Y,N,D,3,0,0,0,22350.0,3,37.63005735,-122.42630674,4
2016,2016-10-06,1749,10,3,17,4,N,A,Y,A,H,A,A,01,S,03,C,,,,,C,N,N,D,1,0,0,0,22350.0,2,37.7047,-122.47152,4
2016,2016-09-29,1741,9,3,17,4,N,B,Y,A,H,A,A,01,N,07,B,,,Y,,C,Y,F,D,1,0,0,1,21658.0,2,37.66711061,-122.39521118,2
2016,2016-10-01,225,10,3,2,6,N,A,Y,A,H,D,A,01,N,01,F,,,,,I,Y,N,D,1,0,0,0,23152.0,1,37.65780832,-122.48602548,3
2016,2016-09-25,442,9,3,4,7,N,A,Y,A,H,D,-,- ,N,18,B,,,,,C,Y,N,D,2,0,0,0,,3,,,2
2016,2016-10-14,1505,10,3,15,5,Y,B,Y,B,H,A,-,- ,,00,D,,,,,C,Y,N,A,1,0,0,0,,2,37.43405991,-122.2058399,4
2016,2016-10-07,1345,10,3,13,5,Y,A,N,A,H,A,L,04,,12,D,,Y,,,G,N,N,A,1,0,1,0,21453.0,2,37.47047992,-122.20548997,4
2016,2016-10-17,1650,10,3,16,1,N,A,Y,A,H,A,A,01,E,03,C,,,,,C,Y,N,D,1,0,0,0,22350.0,2,,,4
2016,2016-06-29,1225,6,2,12,3,N,A,Y,A,H,A,A,01,S,08,E,,,,,I,Y,N,D,0,0,0,0,22107.0,1,37.4439,-122.26345,1
2016,2016-10-02,1720,10,3,17,7,N,A,Y,A,H,A,A,01,E,08,F,,,,,I,Y,N,D,1,0,0,0,22107.0,1,,,2
2016,2016-10-17,950,10,3,9,1,N,B,Y,A,H,A,A,01,N,08,H,,,,,C,Y,N,D,1,0,0,0,22107.0,4,37.58261223,-122.32690796,4
2016,2016-10-19,1430,10,3,14,3,N,A,Y,A,H,A,A,01,S,08,B,,,,,C,Y,N,D,1,0,0,0,22107.0,2,37.49603058,-122.31004887,4
2016,2016-10-13,825,10,3,8,4,N,A,Y,A,H,A,A,07,N,03,C,,,,,C,Y,N,D,1,0,0,0,22350.0,2,37.68111506,-122.38872202,4
2016,2016-10-15,2010,10,3,20,6,N,C,Y,B,H,D,A,01,N,03,D,,,,,C,Y,N,D,1,0,0,0,22350.0,2,37.5968396,-122.42001393,4
2016,2016-10-17,1550,10,3,15,1,N,A,Y,A,H,A,A,01,W,03,C,,,,,C,Y,N,D,1,0,0,0,22350.0,2,37.48423936,-122.18370079,4
2016,2016-10-15,1832,10,3,18,6,N,C,Y,B,H,D,A,01,S,08,E,,,,,I,Y,N,D,2,0,0,0,22107.0,1,37.46482421,-122.29079815,3
2016,2016-10-19,1500,10,3,15,3,N,A,Y,A,H,A,D,22,E,03,C,,,,,C,Y,N,D,1,0,0,0,22350.0,2,37.56978294,-122.26649693,4
2016,2016-10-13,2335,10,3,23,4,N,A,Y,A,H,C,A,07,S,01,C,,,,Y,C,Y,N,D,1,0,0,0,23152.0,2,37.59392,-122.36658,4
2016,2016-10-25,810,10,3,8,2,N,B,Y,B,H,A,D,22,W,03,E,,,,,I,Y,N,D,1,0,0,0,22350.0,1,,,4
2016,2016-10-19,1640,10,3,16,3,N,A,Y,A,H,A,C,02,E,03,C,,,Y,,C,Y,N,A,2,0,0,1,22350.0,2,,,4
2016,2016-10-16,1005,10,3,10,7,N,C,Y,B,H,A,A,01,E,08,E,,,,,I,Y,N,D,1,0,0,0,22107.0,1,37.49827978,-122.12956195,4
2016,2016-10-14,1635,10,3,16,5,N,B,Y,B,H,A,A,01,N,08,E,,,,,I,Y,N,D,1,0,0,0,22107.0,1,37.65444418,-122.49062469,3
2016,2016-10-24,900,10,3,9,1,N,B,Y,A,H,A,A,01,N,03,D,,,,,C,Y,N,D,1,0,0,0,22350.0,4,37.48323006,-122.20340732,4
2016,2016-10-15,255,10,3,2,6,N,B,Y,A,H,C,A,01,S,01,E,,,,,I,Y,N,D,1,0,0,0,23152.0,1,37.691,-122.39169,3
2016,2016-10-21,2140,10,3,21,5,N,A,Y,A,H,D,-,99,S,03,C,,,,,C,N,M,D,1,0,0,0,22350.0,2,37.6740862,-122.46881663,4
2016,2016-10-16,1230,10,3,12,7,N,B,Y,B,H,A,A,01,N,03,D,,,,,C,Y,N,D,3,0,0,0,22350.0,2,37.705901,-122.47127797,3
2016,2016-10-16,2247,10,3,22,7,N,A,Y,A,H,C,A,01,N,01,F,,,,,I,Y,N,D,1,0,0,0,23152.0,1,37.63196351,-122.48945372,3
2016,2016-10-21,850,10,3,8,5,N,A,Y,A,H,A,A,01,N,03,C,,,,,C,Y,N,D,4,0,0,0,22350.0,2,37.48632657,-122.1956316,3
2016,2016-10-21,2120,10,3,21,5,N,A,Y,A,H,C,D,22,W,01,C,,,,,C,Y,M,D,2,0,0,0,23152.0,2,,,3
2016,2016-10-22,236,10,3,2,6,N,A,Y,A,H,C,A,01,W,01,E,,,,,I,Y,N,D,1,0,0,0,23152.0,2,37.47568,-122.22245,4
2016,2016-10-14,650,10,3,6,5,N,B,Y,B,H,A,A,01,W,03,C,,,,,C,Y,N,D,1,0,0,0,22350.0,2,37.62984101,-122.42710286,4
2016,2016-10-14,1120,10,3,11,5,N,B,Y,B,H,A,A,07,N,07,C,,,,,C,Y,N,D,1,0,0,0,21658.0,2,37.60514907,-122.38454596,4
2016,2016-10-18,850,10,3,8,2,N,B,Y,A,H,A,A,01,N,03,C,,,,,C,Y,N,D,1,0,0,0,22350.0,3,,,4
2016,2016-10-19,2341,10,3,23,3,N,A,Y,A,H,D,A,01,N,07,B,,,,,C,Y,N,D,1,0,0,0,21658.0,2,,,4
2016,2016-10-23,410,10,3,4,7,N,A,Y,A,H,C,A,01,S,01,C,,,,,C,Y,N,D,1,0,0,0,23152.0,2,37.60000616,-122.37630693,4
2016,2016-10-19,2342,10,3,23,3,N,A,Y,A,H,D,A,01,N,03,C,,,,,C,Y,N,D,1,0,0,0,22350.0,3,,,4
2016,2016-10-14,1743,10,3,17,5,N,B,Y,B,H,A,C,02,N,07,C,,,Y,,C,Y,N,D,1,0,0,1,21658.0,2,37.41932,-122.22176,4
2016,2016-10-05,830,10,3,8,3,N,A,Y,A,H,A,D,22,N,03,C,,,,,C,N,M,D,1,0,0,0,22350.0,2,,,4
2016,2016-10-25,855,10,3,8,2,N,B,Y,A,H,A,A,01,S,03,C,,,,,C,Y,N,D,1,0,0,0,22350.0,4,37.54728675,-122.2902106,4
2016,2016-10-08,1932,10,3,19,6,N,A,Y,A,H,C,A,01,N,03,C,,,,,C,Y,N,D,1,0,0,0,22350.0,3,37.38171117,-122.40440048,4
2016,2016-10-13,2049,10,3,20,4,N,A,N,A,H,D,A,01,E,05,D,,,,,C,Y,N,D,3,0,0,0,21651.0,2,37.69972797,-122.45005873,2
2016,2016-10-21,1620,10,3,16,5,N,A,Y,A,H,A,A,08,,03,C,,,,,C,Y,N,D,1,0,0,0,22350.0,2,37.62693649,-122.40184856,4
2016,2016-10-19,1029,10,3,10,3,N,A,Y,A,H,A,A,07,N,03,C,,,,,C,Y,N,D,1,0,0,0,22350.0,3,,,4
2016,2016-10-19,1700,10,3,17,3,N,A,Y,A,H,A,C,02,W,08,F,,,Y,,I,N,N,D,1,0,0,1,22107.0,1,37.56040752,-122.27825579,3
2016,2016-10-19,1457,10,3,14,3,N,A,N,A,H,A,A,07,S,03,C,,,,,C,Y,N,D,1,0,0,0,22350.0,3,37.47184429,-122.21529379,4
2016,2016-10-26,915,10,3,9,3,N,A,Y,A,H,A,A,01,N,08,E,,,,,I,Y,N,D,1,0,0,0,22107.0,1,37.48963,-122.21393,3
2016,2016-10-15,1825,10,3,18,6,N,C,Y,B,H,B,A,08,N,03,F,,,,,I,Y,N,D,1,0,0,0,22350.0,1,37.5842007,-122.40682233,3
2016,2016-10-23,1430,10,3,14,7,N,A,Y,A,H,A,A,01,S,03,C,,,,,C,Y,N,D,2,0,0,0,22350.0,3,37.67317722,-122.46775428,4
2016,2016-10-23,1435,10,3,14,7,N,A,Y,A,H,A,A,07,N,03,C,,,,,C,Y,N,D,1,0,0,0,22350.0,2,37.66636013,-122.46557128,3
2016,2016-10-30,1130,10,3,11,7,N,C,Y,B,H,A,D,22,N,03,F,,,,,A,Y,N,D,1,0,0,0,22350.0,1,37.52524994,-122.35794116,4
2016,2016-10-24,1735,10,3,17,1,N,B,Y,A,H,A,D,22,N,08,F,,,,,A,Y,N,D,1,0,0,0,22107.0,1,37.52910945,-122.27346184,3
2016,2016-10-27,1645,10,3,16,4,N,B,Y,B,H,A,A,01,S,03,C,,,,,C,N,N,A,2,0,0,0,22350.0,2,37.51077276,-122.25242549,4
2019,2019-12-31,1215,12,4,12,2,Y,A,N,A,H,A,A,01,,10,G,Y,,,,B,N,N,A,1,1,0,0,21950.0,2,37.48451614379882,-122.23301696777344,3
2020,2020-01-20,1016,1,4,10,1,Y,B,Y,A,H,A,F,26,,03,C,,,,Y,C,N,N,A,1,0,0,0,22350.0,3,37.565406799316406,-122.32811737060548,3
2019,2019-12-20,819,12,4,8,5,Y,A,N,A,H,A,A,01,,03,G,Y,,,,B,N,N,D,1,1,0,0,22350.0,3,37.46009063720703,-122.23626708984376,3
2019,2019-12-09,113,12,4,1,1,N,A,N,A,H,C,A,01,S,01,E,,,,,J,N,M,A,1,0,0,0,23152.0,1,37.484390258789055,-122.19664764404295,3
2016,2016-10-27,25,10,3,0,4,N,A,Y,A,H,D,A,01,S,03,C,,,,,C,N,N,D,1,0,0,0,22350.0,2,37.48815429,-122.21006341,4
2016,2016-10-25,1710,10,3,17,2,N,A,Y,A,H,A,D,22,N,03,C,,,,,C,N,N,A,1,0,0,0,22350.0,3,37.41037184,-122.19818441,4
2016,2016-10-21,10,10,3,0,5,N,A,N,A,H,D,A,01,S,08,E,,,,,I,Y,N,D,1,0,0,0,22107.0,4,37.31397329,-122.18595564,4
2020,2020-01-16,1952,1,4,19,4,N,C,N,B,H,C,L,04,E,12,D,,Y,,,G,N,N,A,1,0,1,0,21453.0,2,37.55970764160156,-122.28487396240234,4
2016,2016-10-14,1100,10,3,11,5,N,B,Y,B,H,A,A,01,N,08,C,,,,,C,Y,N,D,1,0,0,0,22107.0,2,37.57116,-122.3139,4
2020,2020-01-07,1517,1,4,15,2,N,A,N,A,H,A,A,01,E,10,D,Y,,,,B,N,N,A,1,1,0,0,21950.0,2,37.535682678222656,-122.29935455322266,3
2020,2020-01-07,1300,1,4,13,2,N,A,N,A,G,A,N,60,E,11,G,Y,,,,B,N,N,A,2,2,0,0,21950.0,3,37.563018798828125,-122.32598876953124,3
2020,2020-01-22,32,1,4,0,3,Y,C,N,B,H,D,A,01,,01,A,,,,,I,N,F,D,1,0,0,0,23153.0,1,37.5577507019043,-122.30982208251952,3
2020,2020-01-06,647,1,4,6,1,Y,A,N,A,H,B,A,01,,10,G,Y,,,,B,N,N,A,1,1,0,0,21950.0,2,37.48820114135742,-122.23464965820312,3
2020,2020-01-14,1518,1,4,15,2,N,A,N,-,H,A,A,07,S,03,C,,,,,C,Y,N,D,2,0,0,0,22350.0,3,37.566505432128906,-122.32070922851562,3
2020,2020-01-16,1611,1,4,16,4,Y,A,Y,A,H,A,-,- ,,00,D,,,,,C,N,N,A,2,0,0,0,,2,37.54604721069336,-122.2895050048828,4
2016,2016-10-25,825,10,3,8,2,N,B,Y,B,H,A,A,01,N,03,E,,,,,I,Y,N,D,1,0,0,0,22350.0,1,,,4
2016,2016-11-05,2200,11,3,22,6,N,A,Y,A,D,C,A,07,W,01,C,,,,,C,Y,N,D,1,0,0,0,23153.0,2,37.58365064,-122.25134405,4
2016,2016-10-07,1830,10,3,18,5,N,A,Y,A,H,C,A,01,N,03,C,,,,,C,Y,F,A,1,0,0,0,22350.0,2,,,4
2016,2016-10-22,1842,10,3,18,6,N,A,Y,A,H,C,-,- ,N,18,C,,,,,E,Y,N,A,1,0,0,0,,2,37.51428474,-122.26880934,3
2016,2016-10-23,1545,10,3,15,7,N,A,Y,A,H,A,A,01,E,03,C,,,,,C,Y,N,D,2,0,0,0,22350.0,3,37.5875926,-122.24720517,2
2016,2016-11-01,320,11,3,3,2,N,C,Y,B,H,C,A,01,S,03,E,,,,,I,Y,N,D,1,0,0,0,22350.0,1,37.56115203,-122.30333332,4
2019,2019-12-15,2119,12,4,21,7,Y,B,N,A,H,C,A,01,,10,G,Y,,,,B,N,N,A,1,1,0,0,21952.0,2,37.54515838623047,-122.29160308837892,3
2016,2016-09-23,2150,9,3,21,5,N,A,Y,A,H,D,-,- ,E,00,D,,,,,C,Y,N,D,1,0,0,0,,2,,,3
2016,2016-10-28,1650,10,3,16,5,N,B,Y,A,H,A,A,01,S,07,C,,,,,C,Y,N,D,1,0,0,0,21658.0,2,37.62488461,-122.40114494,4
2016,2016-10-30,955,10,3,9,7,N,B,Y,B,H,A,A,01,N,03,B,,,,,C,Y,N,D,2,0,0,0,22350.0,2,37.6658632,-122.39645915,4
2016,2016-10-28,1700,10,3,17,5,N,A,Y,A,H,A,A,01,N,03,C,,,,,C,N,N,D,1,0,0,0,22350.0,2,37.58336431,-122.32773255,4
2016,2016-10-30,1300,10,3,13,7,N,C,Y,B,H,A,M,47,E,05,A,,,,,C,Y,N,D,1,0,0,0,21460.0,2,37.49696073,-122.36274753,3
2016,2016-10-02,2311,10,3,23,7,N,A,Y,A,H,D,D,22,S,01,B,,,,,C,Y,N,D,1,0,0,0,23152.0,3,,,3
2016,2016-11-02,825,11,3,8,3,Y,A,Y,A,H,A,A,01,,09,D,,,,,C,Y,N,D,2,0,0,0,21802.0,2,37.45632995,-122.22583999,4