ACCIDENT_YEAR,COLLISION_DATE,COLLISION_TIME,MONTH,SEASON,24HOURS,DAY_OF_WEEK,INTERSECTION,WEATHER_1,STATE_HWY_IND,ROAD_SURFACE,ROAD_COND_1,LIGHTING,STWD_VEHTYPE_AT_FAULT,CHP_VEHTYPE_AT_FAULT,DIRECTION,PCF_VIOL_CATEGORY,TYPE_OF_COLLISION,PEDESTRIAN_ACCIDENT,BICYCLE_ACCIDENT,MOTORCYCLE_ACCIDENT,TRUCK_ACCIDENT,MVIW,TOW_AWAY,HIT_AND_RUN,CONTROL_DEVICE,NUMBER_INJURED,COUNT_PED_INJURED,COUNT_BICYCLIST_INJURED,COUNT_MC_INJURED,PCF_VIOLATION,PARTY_COUNT,POINT_Y,POINT_X,COLLISION_SEVERITY
2017,2017-02-11,1150,2,4,11,6,Y,A,N,A,H,A,D,22,,08,D,,Y,,,G,N,N,A,1,0,1,0,21717.0,2,37.43178991,-122.20151996,3
2017,2017-02-22,740,2,4,7,3,N,A,N,A,H,A,-,99,S,10,G,Y,,,,B,N,F,D,1,1,0,0,21950.0,2,37.48159876,-122.19861854,4
2017,2017-03-03,1735,3,1,17,5,N,B,Y,A,H,B,A,01,S,03,C,,,,,C,N,N,D,1,0,0,0,22350.0,2,37.4871719,-122.20208607,4
2017,2017-02-28,705,2,4,7,2,N,A,Y,A,H,A,I,11,S,03,C,,,,,C,Y,N,D,2,0,0,0,22350.0,2,37.46624783,-122.15093554,3
2017,2017-03-12,1500,3,1,15,7,N,A,N,A,H,A,C,02,E,08,F,,,Y,,I,Y,N,D,1,0,0,1,22107.0,1,37.32960965,-122.38329828,4
2017,2017-03-05,830,3,1,8,7,N,C,Y,B,H,A,A,01,S,03,E,,,,,E,Y,N,D,1,0,0,0,22350.0,2,37.44243191,-122.25196142,4
2017,2017-03-05,950,3,1,9,7,N,B,Y,B,H,A,A,01,S,03,F,,,,,I,Y,N,D,1,0,0,0,22350.0,1,37.22380314,-122.40689032,4
2017,2017-03-04,1202,3,1,12,6,N,B,Y,A,H,A,A,01,N,03,C,,,,,C,N,N,D,1,0,0,0,22350.0,2,37.69069991,-122.47052608,4
2017,2017-03-05,2150,3,1,21,7,N,B,Y,C,G,D,A,01,S,03,C,,,,,C,Y,N,D,1,0,0,0,22350.0,2,37.63589364,-122.43947196,4
2017,2017-03-06,835,3,1,8,1,N,B,Y,B,H,A,A,01,S,03,C,,,,,C,Y,N,D,2,0,0,0,22350.0,2,37.62088712,-122.42630899,4
2017,2017-03-06,2235,3,1,22,1,N,A,Y,A,H,C,A,01,S,21,B,,,,,C,Y,N,D,1,0,0,0,22106.0,2,37.62984,-122.40228,4
2017,2017-03-05,630,3,1,6,7,N,C,Y,B,F,A,A,01,S,03,E,,,,,I,Y,N,D,1,0,0,0,22350.0,1,37.57018904,-122.31339768,4
2017,2017-03-08,655,3,1,6,3,N,A,Y,A,H,A,-,99,S,08,B,,,,,C,Y,F,D,1,0,0,0,22107.0,2,37.49177254,-122.22011771,2
2017,2017-03-08,1720,3,1,17,3,N,A,Y,A,H,A,A,07,S,03,C,,,,,C,Y,N,D,1,0,0,0,22350.0,2,37.48312557,-122.17982288,4
2017,2017-03-08,905,3,1,9,3,N,B,Y,A,H,A,A,01,S,08,B,,,,,C,Y,N,D,1,0,0,0,22107.0,2,37.4157395,-122.21055224,4
2017,2017-03-04,1830,3,1,18,6,N,B,Y,B,H,B,A,01,S,02,C,,,,,C,Y,N,D,1,0,0,0,22400.0,3,37.70355034,-122.47132079,4
2017,2017-03-06,1200,3,1,12,1,N,B,Y,B,H,A,A,01,S,08,E,,,,,I,Y,N,D,1,0,0,0,22107.0,1,37.65791332,-122.48594122,4
2017,2017-03-07,1420,3,1,14,2,N,A,Y,A,H,A,D,22,S,17,B,,,,,C,Y,N,D,1,0,0,0,21658.0,3,37.62449159,-122.40132281,4
2017,2017-03-08,1752,3,1,17,3,N,A,Y,A,H,A,A,01,S,03,C,,,,,C,Y,F,D,1,0,0,0,22350.0,3,37.49639075,-122.2335601,4
2017,2017-03-08,1830,3,1,18,3,N,A,Y,A,H,C,A,01,S,03,C,,,,,C,Y,N,D,2,0,0,0,22350.0,2,37.66007232,-122.46436408,4
2017,2017-03-10,1835,3,1,18,5,N,B,Y,A,H,C,A,01,E,03,C,,,,,C,Y,N,D,2,0,0,0,22350.0,2,37.56054548,-122.27820494,4
2017,2017-03-08,115,3,1,1,3,N,A,Y,A,H,D,N,60,S,11,G,Y,,,,B,N,N,D,1,1,0,0,21950.0,2,37.64552715,-122.40622507,4
2017,2017-03-11,1645,3,1,16,6,N,A,Y,A,H,A,A,08,N,08,E,,,,,I,N,N,D,1,0,0,0,22107.0,1,37.63712077,-122.40444192,4
2017,2017-03-11,1859,3,1,18,6,N,A,Y,A,H,D,A,07,S,08,F,,,,,A,Y,N,D,1,0,0,0,22107.0,1,37.70536,-122.39298,3
2017,2017-03-06,150,3,1,1,1,N,B,Y,B,H,C,A,07,W,01,E,,,,,I,Y,N,D,1,0,0,0,23152.0,1,37.58994532,-122.24456052,3
2017,2017-03-09,1620,3,1,16,4,N,A,N,A,H,A,A,01,E,05,A,,,,,C,Y,N,D,1,0,0,0,21650.0,2,37.54021866,-122.50923165,4
2017,2017-03-09,1355,3,1,13,4,N,A,Y,A,H,A,A,07,S,08,E,,,,,I,Y,N,D,1,0,0,0,22107.0,1,37.46664373,-122.15119128,4
2017,2017-03-14,1736,3,1,17,2,N,A,Y,A,H,A,A,01,N,03,C,,,,,C,Y,N,D,2,0,0,0,22350.0,3,37.48897772,-122.21321861,4
2017,2017-02-03,1550,2,4,15,5,N,B,N,B,H,B,A,01,N,09,B,,,,,C,Y,N,A,2,0,0,0,21801.0,2,37.51255274,-122.32984445,4
2017,2017-03-15,625,3,1,6,3,N,A,Y,A,H,D,C,02,N,03,C,,,Y,,C,Y,N,A,1,0,0,1,22350.0,2,37.58544285,-122.32977743,4
2017,2017-03-14,1530,3,1,15,2,N,A,Y,A,H,A,A,01,S,04,C,,,,,C,Y,N,D,1,0,0,0,21703.0,3,37.50295281,-122.12285166,4
2017,2017-03-12,2320,3,1,23,7,Y,A,Y,A,H,D,A,01,,09,D,,,Y,,C,N,N,D,1,0,0,1,21801.0,2,37.47927994,-122.19789987,4
2017,2017-03-20,1805,3,1,18,1,N,B,Y,A,H,A,A,01,,03,C,,,,,C,Y,N,D,1,0,0,0,22350.0,3,37.48327996,-122.18075993,4
2017,2017-03-13,1005,3,1,10,1,N,A,Y,A,H,A,C,02,N,08,E,,,Y,,I,Y,N,D,1,0,0,1,22107.0,1,37.4098387,-122.1975945,3
2017,2017-03-21,655,3,1,6,2,N,C,Y,B,H,A,A,07,N,03,C,,,,,C,Y,N,D,1,0,0,0,22350.0,2,37.49928844,-122.23968576,4
2017,2017-03-16,630,3,1,6,4,N,B,Y,A,H,C,A,07,W,07,B,,,,,C,N,N,A,1,0,0,0,21658.0,2,37.55333484,-122.29640544,4
2017,2017-03-12,1403,3,1,14,7,N,A,Y,A,H,A,A,01,N,08,D,,,,,C,Y,N,D,1,0,0,0,22107.0,3,37.66780724,-122.39482067,4
2017,2017-03-14,1700,3,1,17,2,N,A,Y,A,H,A,A,01,S,01,E,,,,,I,Y,N,A,1,0,0,0,23152.0,1,37.43523,-122.24329,3
2017,2017-03-07,1831,3,1,18,2,N,A,Y,A,H,C,C,02,S,03,C,,,Y,,C,Y,N,D,1,0,0,1,22350.0,2,37.70319,-122.47148,4
2017,2017-03-20,1510,3,1,15,1,N,B,Y,B,H,A,A,01,S,03,C,,,,,C,Y,N,A,1,0,0,0,22350.0,3,37.56747526,-122.3104887,4
2017,2017-03-06,800,3,1,8,1,N,B,Y,B,H,A,A,01,N,03,C,,,,,C,Y,N,D,1,0,0,0,22350.0,2,,,4
2019,2019-12-29,1001,12,4,10,7,N,F,Y,A,G,-,L,04,S,05,H,,Y,,,-,N,N,A,1,0,1,0,21651.0,2,37.460575103759766,-122.1408462524414,4
2017,2017-03-16,829,3,1,8,4,N,B,Y,A,H,A,E,22,E,03,C,,,,,C,Y,N,D,1,0,0,0,22350.0,4,37.63339405,-122.41784957,4
2017,2017-02-26,1550,2,4,15,7,N,A,N,A,H,A,A,01,E,01,E,,,,,I,Y,N,D,1,0,0,0,23152.0,1,37.46975,-122.19456,3
2017,2017-03-20,1235,3,1,12,1,N,C,Y,B,H,A,A,01,S,08,E,,,,,I,Y,N,D,1,0,0,0,22107.0,1,37.62839432,-122.48916015,3
2019,2019-12-11,1055,12,4,10,3,N,C,N,B,H,A,F,26,E,03,C,,,,Y,C,Y,N,A,3,0,0,0,22350.0,4,37.68096160888672,-122.39453125,3
2020,2020-01-13,753,1,4,7,1,N,B,N,B,H,A,D,22,S,06,H,,Y,,,G,N,N,D,1,0,1,0,21760.0,2,37.447872161865234,-122.1993408203125,3
2017,2017-03-20,1735,3,1,17,1,N,B,Y,B,H,A,A,01,S,04,C,,,,,C,Y,N,D,1,0,0,0,21703.0,2,,,4
2020,2020-01-23,1459,1,4,14,4,N,A,N,A,H,A,A,01,W,03,C,,,,,C,N,N,A,2,0,0,0,22350.0,2,37.693374633789055,-122.46521759033205,4
2017,2017-03-15,645,3,1,6,3,N,B,Y,A,H,A,A,07,E,07,C,,,,,C,Y,N,D,1,0,0,0,21658.0,3,37.55248831,-122.30157049,4
2017,2017-03-12,1140,3,1,11,7,Y,A,Y,A,H,A,A,01,,09,A,,,,,C,Y,N,D,1,0,0,0,21801.0,2,37.54614992,-122.51360989,4
2017,2017-03-11,1115,3,1,11,6,N,A,Y,A,H,A,L,04,E,03,E,,Y,,,I,N,N,D,1,0,1,0,22350.0,1,,,4
2017,2017-03-11,903,3,1,9,6,N,A,Y,A,H,A,L,04,S,03,E,,Y,,,I,N,N,D,1,0,1,0,22350.0,1,,,2
2017,2017-03-20,2220,3,1,22,1,N,B,Y,B,H,D,A,01,S,03,E,,,,,I,Y,N,D,1,0,0,0,22350.0,1,37.64316349,-122.44636149,4
2017,2017-03-23,1755,3,1,17,4,N,B,Y,A,H,A,A,01,N,03,C,,,,,C,Y,N,D,1,0,0,0,22350.0,2,37.545693,-122.28914522,4
2017,2017-03-21,720,3,1,7,2,N,B,Y,B,H,A,A,01,S,03,E,,,,,I,Y,N,D,2,0,0,0,22350.0,1,37.46226867,-122.29065255,3
2017,2017-03-24,1450,3,1,14,5,N,B,Y,B,H,A,D,22,N,08,F,,,,,I,Y,N,D,1,0,0,0,22107.0,1,37.50766,-122.34003,4
2017,2017-03-03,1810,3,1,18,5,N,A,Y,A,H,B,A,07,S,03,C,,,,,C,Y,N,D,3,0,0,0,22350.0,5,37.49446469,-122.22678794,4
2019,2019-12-29,1741,12,4,17,7,Y,C,N,B,H,-,A,07,,02,G,Y,,,,B,N,N,D,1,1,0,0,21654.0,2,37.68236923217773,-122.48709106445312,4
2017,2017-03-13,805,3,1,8,1,N,A,Y,A,H,A,A,07,N,03,C,,,,,C,N,F,D,1,0,0,0,22350.0,2,37.69340015,-122.47032684,4
2019,2019-12-14,1825,12,4,18,6,N,B,N,B,H,C,A,01,N,10,G,Y,,,,B,N,N,A,1,1,0,0,21950.0,2,37.70792007446289,-122.45528411865234,3
2017,2017-03-21,615,3,1,6,2,N,B,Y,B,H,D,A,01,N,03,F,,,,,A,Y,N,D,2,0,0,0,22350.0,1,37.50040293,-122.32721981,3
2017,2017-03-24,950,3,1,9,5,N,B,Y,B,H,A,A,01,S,08,E,,,,,I,Y,N,D,1,0,0,0,22107.0,1,,,4
2017,2017-03-24,1845,3,1,18,5,N,B,Y,B,H,A,C,02,S,03,F,,,Y,,A,Y,N,D,1,0,0,1,22350.0,1,37.5125532,-122.25468957,2
2017,2017-03-28,600,3,1,6,2,N,A,Y,A,H,D,-,- ,N,18,E,,,Y,,H,Y,N,D,1,0,0,1,,1,37.51359147,-122.3483745,2
2016,2016-09-17,1555,9,3,15,6,Y,B,Y,A,H,A,A,01,,12,D,,,,,C,Y,N,A,0,0,0,0,22450.0,2,37.1845824,-122.39042907,1
2017,2017-03-28,1600,3,1,16,2,N,A,Y,A,H,A,A,01,N,03,C,,,,,C,Y,N,D,1,0,0,0,22350.0,2,37.49242773,-122.22163254,4
2020,2020-01-17,656,1,4,6,5,Y,A,N,A,H,B,I,20,,03,C,,,,,C,N,N,A,1,0,0,0,22350.0,2,37.56789016723633,-122.32089233398438,3
2017,2017-03-22,1715,3,1,17,3,N,A,Y,A,H,A,A,01,S,03,C,,,,,C,Y,N,D,2,0,0,0,22350.0,5,37.70293,-122.47148,4
2017,2017-03-24,1345,3,1,13,5,N,B,Y,B,H,A,D,22,S,04,C,,,,,C,N,N,D,1,0,0,0,21703.0,2,,,4
2017,2017-03-24,950,3,1,9,5,N,B,Y,B,H,A,A,01,N,08,E,,,,,I,N,N,D,1,0,0,0,22107.0,1,37.70581547,-122.47132528,4
2017,2017-03-24,1430,3,1,14,5,N,B,Y,B,H,A,A,07,N,03,C,,,,,C,Y,N,D,1,0,0,0,22350.0,2,37.62472,-122.42927,4
2017,2017-04-01,1253,4,1,12,6,N,A,Y,A,H,A,A,01,N,03,C,,,,,C,Y,N,D,1,0,0,0,22350.0,2,37.69630332,-122.47108003,4
2020,2020-01-06,1634,1,4,16,1,N,A,N,A,H,A,F,75,N,21,B,,,,Y,C,Y,N,D,2,0,0,0,22106.0,2,37.53837203979492,-122.25034332275392,3
2017,2017-02-14,1545,2,4,15,2,N,A,Y,A,H,A,A,01,S,17,B,,,Y,,C,N,N,A,1,0,0,1,22517.0,2,,,4
2017,2017-03-24,1320,3,1,13,5,N,B,Y,B,H,A,A,01,N,03,A,,,,,C,Y,N,D,1,0,0,0,22350.0,1,37.41953844,-122.22183302,4
2020,2020-01-19,2157,1,4,21,7,N,A,N,A,H,C,-,,E,08,B,,,,,C,N,N,D,1,0,0,0,22102.0,2,37.70497894287109,-122.40821838378906,4
2017,2017-03-22,1700,3,1,17,3,N,A,Y,A,H,A,-,99,N,03,C,,,,,C,N,F,D,1,0,0,0,22350.0,2,37.47101004,-122.15907966,4
2020,2020-01-25,1855,1,4,18,6,N,A,N,A,H,C,A,01,W,03,C,,,,,C,N,N,A,2,0,0,0,22350.0,2,37.48114776611328,-122.21907043457033,4
2020,2020-01-31,2117,1,4,21,5,N,A,N,A,H,C,A,01,E,01,E,,,,,I,Y,N,A,1,0,0,0,23152.0,2,37.475292205810554,-122.25111389160156,3
2017,2017-03-07,825,3,1,8,2,Y,A,N,A,H,A,A,01,,08,F,,Y,,,G,N,N,D,1,0,1,0,22107.0,2,37.4322199,-122.20234997,4
2020,2020-01-22,1642,1,4,16,3,Y,A,N,A,H,A,A,01,,08,D,,Y,,,G,N,N,D,1,0,1,0,22100.0,2,37.482215881347656,-122.22981262207033,3
2020,2020-01-09,1817,1,4,18,4,Y,B,N,A,H,C,-,,,03,G,Y,,,,B,N,N,A,1,1,0,0,22350.0,2,37.48073959350586,-122.23272705078124,3
2017,2017-03-29,1830,3,1,18,3,N,A,Y,A,H,A,A,01,S,03,C,,,,,C,Y,N,A,1,0,0,0,22350.0,6,37.47436593,-122.16483831,4
2017,2017-03-10,2242,3,1,22,5,N,A,Y,A,H,D,A,01,S,08,E,,,,,I,Y,N,D,1,0,0,0,22107.0,1,37.57522442,-122.400502,4
2020,2020-01-13,44,1,4,0,1,N,C,N,B,H,C,A,01,W,- ,E,,,,,I,Y,N,D,1,0,0,0,,1,37.48257446289063,-122.25609588623048,2
2020,2020-01-26,1911,1,4,19,7,Y,A,N,A,H,C,A,01,,09,D,,,,,C,Y,N,D,2,0,0,0,21802.0,2,37.483848571777344,-122.24433135986328,3
2020,2020-01-21,1840,1,4,18,2,N,C,N,B,H,C,A,01,W,21,C,,,,,C,Y,N,A,2,0,0,0,22106.0,2,37.47726821899414,-122.23667907714844,3
2020,2020-01-14,2037,1,4,20,2,Y,A,N,A,H,C,A,01,,03,C,,,,,C,Y,N,A,2,0,0,0,22350.0,2,37.49454879760742,-122.23451995849608,3
2017,2017-03-12,1410,3,1,14,7,N,A,Y,A,H,A,C,02,S,03,C,,,Y,,C,Y,N,D,2,0,0,2,22350.0,2,37.23649783,-122.41539395,2
2017,2017-03-12,1520,3,1,15,7,N,A,Y,A,H,A,A,01,N,09,D,,Y,,,G,N,N,D,1,0,1,0,21801.0,2,37.47052804,-122.30390484,3
2017,2017-03-18,1437,3,1,14,6,N,A,Y,A,H,A,A,01,N,08,D,,,,,C,Y,N,D,1,0,0,0,22107.0,2,37.52767676,-122.2715359,4
2016,2016-09-16,1255,9,3,12,5,N,A,Y,A,H,A,-,- ,N,18,H,,,,Y,J,Y,N,D,0,0,0,0,,2,37.46406991,-122.14684662,1
2017,2017-03-20,1110,3,1,11,1,N,B,Y,A,H,A,A,07,S,08,E,,,,,I,Y,N,D,1,0,0,0,22107.0,1,37.52632,-122.27,4
2017,2017-03-24,1349,3,1,13,5,N,B,Y,B,H,A,A,08,S,08,B,,,,,C,N,N,D,1,0,0,0,22107.0,2,37.61670972,-122.42410519,4
2017,2017-03-28,751,3,1,7,2,N,A,Y,A,H,A,-,99,N,03,C,,,,,C,N,N,A,1,0,0,0,22350.0,2,,,4
2017,2017-03-29,1415,3,1,14,3,N,A,N,A,H,A,A,07,W,03,C,,,,,C,Y,N,D,2,0,0,0,22350.0,3,37.47057314,-122.20222667,4
2017,2017-03-28,1005,3,1,10,2,N,A,N,A,H,A,-,- ,S,18,A,,,Y,,H,Y,N,D,1,0,0,1,,1,37.37464045,-122.25898795,4
2017,2017-03-29,1630,3,1,16,3,Y,A,N,A,H,A,A,01,,09,D,,,,,C,N,N,A,1,0,0,0,21802.0,2,37.43385991,-122.41916991,4
2017,2017-03-30,1200,3,1,12,4,N,A,Y,A,H,A,I,20,S,03,C,,,,,C,Y,N,D,1,0,0,0,22350.0,3,37.49192173,-122.22044752,4
2019,2019-02-01,1815,2,4,18,5,N,C,N,B,H,C,A,01,S,10,G,Y,,,,B,N,N,A,1,1,0,0,21950.0,2,37.68579864501953,-122.48724365234376,3
2017,2017-04-01,1345,4,1,13,6,N,A,Y,A,H,A,C,02,S,08,E,,,Y,,I,Y,N,D,1,0,0,1,22107.0,1,,,4
2020,2020-02-01,910,2,4,9,6,Y,A,N,A,H,A,A,01,,03,C,,,,,C,Y,N,D,1,0,0,0,22350.0,3,37.47205352783203,-122.222900390625,3
2020,2020-02-02,812,2,4,8,7,Y,A,N,A,H,A,-,- ,,12,D,,,,,C,Y,N,A,1,0,0,0,21453.0,2,37.486629486083984,-122.226318359375,3
2017,2017-03-27,1320,3,1,13,1,N,A,Y,A,H,A,A,01,S,01,C,,,,,C,Y,N,D,2,0,0,0,23152.0,3,37.63010501,-122.43437145,3
2017,2017-03-13,2315,3,1,23,1,N,A,Y,A,H,D,A,01,N,08,A,,,,,I,Y,N,D,1,0,0,0,22107.0,1,37.4962035,-122.4582076,4
2017,2017-04-02,1103,4,1,11,7,N,A,Y,A,H,A,A,08,E,09,D,,,,,C,N,N,D,1,0,0,0,21801.0,2,,,4
2017,2017-04-01,1206,4,1,12,6,N,A,Y,A,H,A,A,07,S,03,C,,,,,C,N,N,D,1,0,0,0,22350.0,2,37.54180065,-122.28525869,4
2017,2017-04-03,220,4,1,2,1,N,A,Y,A,H,C,A,07,N,08,E,,,,,I,Y,N,D,3,0,0,0,22107.0,1,37.41172019,-122.20329352,3
2017,2017-04-04,1442,4,1,14,2,N,A,Y,A,H,A,C,02,E,05,B,,,Y,,C,Y,N,D,1,0,0,1,21460.0,2,37.49693384,-122.36252462,4
2017,2017-03-05,340,3,1,3,7,N,C,Y,B,H,D,A,01,S,01,F,,,,,A,Y,N,D,1,0,0,0,23152.0,1,37.478544,-122.17150235,4
2017,2017-03-10,340,3,1,3,5,N,A,Y,A,H,D,A,01,S,01,C,,,,,C,Y,N,D,2,0,0,0,23152.0,2,37.48305151,-122.17963501,3
2017,2017-04-01,1830,4,1,18,6,N,A,Y,A,H,A,A,01,S,01,C,,,,,C,Y,N,D,1,0,0,0,23152.0,3,37.48311832,-122.17983822,3
2017,2017-04-01,1235,4,1,12,6,N,A,Y,A,H,A,A,01,N,03,C,,,,,C,Y,N,D,1,0,0,0,22350.0,4,37.67361215,-122.46842331,4
2017,2017-03-31,750,3,1,7,5,N,A,Y,A,H,A,-,- ,S,00,C,,,,,C,Y,N,D,2,0,0,0,,2,37.70692547,-122.39453498,4
2017,2017-03-27,1110,3,1,11,1,N,A,Y,A,H,A,A,01,S,01,B,,,,,C,Y,N,D,1,0,0,0,23152.0,2,37.45762686,-122.13587336,4
2017,2017-03-11,1130,3,1,11,6,N,A,N,A,H,A,L,04,N,03,E,,Y,,,I,N,N,D,1,0,1,0,22350.0,1,37.1877141,-122.33952567,3
2017,2017-02-20,441,2,4,4,1,N,C,Y,B,F,D,-,- ,S,18,C,,,,,C,Y,N,D,1,0,0,0,,2,37.49484399,-122.22762003,4
2017,2017-03-30,1747,3,1,17,4,N,A,Y,A,H,A,A,01,S,07,B,,,Y,,C,Y,N,D,1,0,0,1,21658.0,2,37.62876446,-122.43260855,3
2017,2017-04-02,1943,4,1,19,7,N,A,Y,A,H,A,-,99,N,08,B,,,,,C,N,M,D,1,0,0,0,22107.0,2,37.69409946,-122.47057479,4
2017,2017-03-30,1740,3,1,17,4,N,A,Y,A,H,A,A,01,N,07,B,,,Y,,C,N,N,D,1,0,0,1,21658.0,2,37.50757244,-122.24876702,4
2017,2017-04-04,835,4,1,8,2,N,A,Y,A,H,A,A,01,W,03,C,,,,,C,Y,N,D,3,0,0,0,22350.0,4,37.59144239,-122.24113223,3
2017,2017-04-10,130,4,1,1,1,N,A,Y,A,H,D,A,07,S,08,F,,,,,I,Y,N,D,1,0,0,0,22107.0,1,37.4446311,-122.32855136,3
2017,2017-04-01,2005,4,1,20,6,N,A,Y,A,H,D,A,01,N,08,B,,,,,C,Y,N,D,5,0,0,0,22107.0,2,37.60910224,-122.39071499,2
2017,2017-04-10,1940,4,1,19,1,N,A,Y,A,H,A,-,- ,N,18,E,,,,,I,Y,N,A,1,0,0,0,,1,37.51861393,-122.26126976,4
2017,2017-04-03,1350,4,1,13,1,N,A,Y,A,H,A,A,01,S,03,C,,,,,C,Y,N,D,1,0,0,0,22350.0,2,37.65861389,-122.48449333,4
2017,2017-04-10,707,4,1,7,1,N,A,Y,A,H,A,F,26,W,03,C,,,,Y,C,Y,N,D,1,0,0,0,22350.0,2,37.55349557,-122.29541832,4
2017,2017-04-12,1510,4,1,15,3,N,B,Y,A,H,A,D,22,N,03,C,,,,,C,Y,N,D,1,0,0,0,22350.0,2,37.5970528,-122.42064391,4
2017,2017-04-11,1519,4,1,15,2,N,A,Y,A,H,A,A,01,W,08,E,,,,,I,Y,N,D,1,0,0,0,22107.0,1,,,4
2017,2017-04-12,1535,4,1,15,3,N,B,Y,A,H,A,A,01,N,08,E,,,,,I,Y,N,A,1,0,0,0,22107.0,1,37.63255,-122.40215,4
2017,2017-04-03,1644,4,1,16,1,N,A,Y,A,H,A,A,01,N,07,B,,,,,C,Y,N,D,2,0,0,0,21658.0,2,37.48581046,-122.19242588,4
2019,2019-12-26,1154,12,4,11,4,Y,A,N,A,H,A,A,01,,09,D,,,,,C,Y,N,D,1,0,0,0,21802.0,2,37.67765808105469,-122.39306640625,4
2017,2017-04-12,910,4,1,9,3,N,B,Y,B,H,A,A,01,N,03,E,,,,,I,Y,N,D,1,0,0,0,22350.0,1,37.41909636,-122.22047087,3
2017,2017-04-12,1118,4,1,11,3,N,A,Y,B,H,A,A,07,W,08,E,,,,,I,Y,N,D,1,0,0,0,22107.0,1,37.48570256,-122.3714961,3
2017,2017-04-05,2045,4,1,20,3,N,A,Y,A,H,C,A,01,,01,E,,,,,I,Y,N,A,1,0,0,0,23152.0,2,37.64889,-122.40717,4
2017,2017-04-08,924,4,1,9,6,N,C,Y,B,H,A,F,26,S,07,B,,,,Y,C,N,N,D,1,0,0,0,21658.0,2,37.48760186,-122.20559978,4
2017,2017-03-24,1235,3,1,12,5,N,B,Y,B,H,A,D,22,W,03,D,,,,,C,Y,N,D,1,0,0,0,22350.0,2,37.63275769,-122.41925991,4
2017,2017-04-06,1919,4,1,19,4,N,C,Y,B,H,B,A,08,N,01,E,,,,,J,Y,N,D,1,0,0,0,23152.0,1,37.64132806,-122.49114528,2
2020,2020-02-07,0,2,4,0,5,N,A,N,A,H,A,A,07,S,03,C,,,,,C,N,N,D,1,0,0,0,22350.0,2,37.59794235229492,-122.48151397705078,4
2017,2017-04-07,1250,4,1,12,5,N,B,Y,B,H,A,A,07,S,03,C,,,,,C,Y,N,D,2,0,0,0,22350.0,4,37.58791718,-122.35725492,3
2017,2017-04-09,1337,4,1,13,7,N,A,Y,A,H,A,C,02,S,05,A,,,Y,,C,Y,N,D,1,0,0,1,21460.0,2,37.48430551,-122.36220158,2
2017,2017-04-09,1301,4,1,13,7,N,A,Y,A,H,A,A,08,S,03,C,,,,,C,Y,N,D,3,0,0,0,22350.0,3,37.55221266,-122.29488654,4
2017,2017-04-07,1710,4,1,17,5,N,B,Y,B,H,A,A,01,W,03,C,,,,,C,Y,N,D,1,0,0,0,22350.0,3,37.62946,-122.4306,4
2017,2017-04-11,850,4,1,8,2,N,B,Y,A,H,A,A,07,S,03,C,,,,,C,Y,N,D,1,0,0,0,22350.0,3,37.5611292,-122.30355881,4
2017,2017-04-12,440,4,1,4,3,N,C,Y,B,H,C,A,01,N,03,C,,,,,C,N,N,D,2,0,0,0,22350.0,2,37.58509012,-122.32960842,3
2017,2017-04-12,430,4,1,4,3,N,C,Y,B,H,C,A,01,N,08,F,,,,,I,Y,N,D,1,0,0,0,22107.0,1,37.58509785,-122.32961893,4
2017,2017-04-15,1005,4,1,10,6,N,A,Y,A,H,A,A,01,W,05,A,,,,,C,Y,N,D,2,0,0,0,21460.0,4,,,4
2017,2017-04-15,1320,4,1,13,6,N,A,Y,A,B,A,C,02,N,03,E,,,Y,,I,Y,N,D,1,0,0,1,22350.0,1,37.39616446,-122.2933571,4
2017,2017-04-09,150,4,1,1,7,N,B,Y,B,H,C,A,01,S,01,E,,,,,I,Y,N,D,1,0,0,0,23152.0,1,37.66378042,-122.39926954,3
2017,2017-04-10,1238,4,1,12,1,N,A,Y,A,H,A,A,01,E,03,C,,,,,C,Y,N,D,2,0,0,0,22350.0,2,37.56395,-122.27324,4
2017,2017-04-15,110,4,1,1,6,N,A,Y,A,H,C,A,01,N,08,B,,,,,I,Y,N,D,1,0,0,0,22107.0,1,37.49772485,-122.23734015,3
2020,2020-02-17,929,2,4,9,1,N,A,N,A,H,A,A,01,N,15,B,,,,,C,N,N,A,1,0,0,0,21235.0,2,37.63727188110352,-122.44219207763672,3
2020,2020-02-17,845,2,4,8,1,Y,B,Y,A,H,A,D,22,,09,D,,,,,C,Y,N,D,1,0,0,0,21801.0,2,37.63798141479492,-122.44070434570312,3
2020,2020-02-02,1416,2,4,14,7,N,A,Y,A,H,A,D,22,N,09,D,,,,,C,N,F,D,1,0,0,0,21804.0,2,37.64892578125,-122.42974853515624,2
2017,2017-04-15,1710,4,1,17,6,N,A,Y,A,H,A,A,01,W,03,C,,,,,C,N,N,D,2,0,0,0,22350.0,2,37.55960575,-122.2795386,4
2017,2017-04-07,2025,4,1,20,5,N,C,Y,B,G,D,A,01,N,08,D,,,,,I,Y,N,D,1,0,0,0,22107.0,1,37.44717954,-122.33288997,4
2017,2017-04-17,1735,4,1,17,1,N,B,Y,B,H,A,D,22,N,03,C,,,,,C,Y,N,D,1,0,0,0,22350.0,2,37.49219785,-122.22112707,4
2017,2017-04-12,1335,4,1,13,3,N,A,Y,A,H,A,A,01,S,08,E,,,,,I,Y,N,D,2,0,0,0,22107.0,1,37.62783622,-122.40212547,3
2019,2019-11-11,329,11,3,3,1,Y,A,N,A,H,C,A,07,,08,A,,,,,E,Y,M,D,1,0,0,0,22107.0,2,37.702178955078125,-122.4822998046875,4
2017,2017-04-20,1617,4,1,16,4,N,A,Y,A,H,A,A,01,N,06,D,,,,,C,Y,N,D,1,0,0,0,21750.0,2,37.30191989,-122.40468127,3