ACCIDENT_YEAR,COLLISION_DATE,COLLISION_TIME,MONTH,SEASON,24HOURS,DAY_OF_WEEK,INTERSECTION,WEATHER_1,STATE_HWY_IND,ROAD_SURFACE,ROAD_COND_1,LIGHTING,STWD_VEHTYPE_AT_FAULT,CHP_VEHTYPE_AT_FAULT,DIRECTION,PCF_VIOL_CATEGORY,TYPE_OF_COLLISION,PEDESTRIAN_ACCIDENT,BICYCLE_ACCIDENT,MOTORCYCLE_ACCIDENT,TRUCK_ACCIDENT,MVIW,TOW_AWAY,HIT_AND_RUN,CONTROL_DEVICE,NUMBER_INJURED,COUNT_PED_INJURED,COUNT_BICYCLIST_INJURED,COUNT_MC_INJURED,PCF_VIOLATION,PARTY_COUNT,POINT_Y,POINT_X,COLLISION_SEVERITY
2018,2018-02-14,1810,2,4,18,3,N,A,Y,A,H,D,D,22,S,03,C,,,,,C,Y,N,D,3,0,0,0,22350.0,4,37.504730224609375,-122.33445739746094,4
2018,2018-02-15,1609,2,4,16,4,N,A,Y,A,H,A,D,22,S,03,C,,,,,C,N,N,D,2,0,0,0,22350.0,3,37.48152542114258,-122.17709350585938,4
2020,2020-02-16,400,2,4,4,7,Y,A,N,A,H,C,A,01,,03,A,,,,,I,Y,N,D,2,0,0,0,22350.0,1,37.570159912109375,-122.2572021484375,3
2020,2020-02-15,1912,2,4,19,6,N,A,N,A,H,C,A,01,W,08,C,,Y,,,G,N,N,D,1,0,1,0,22107.0,2,37.55853271484375,-122.27157592773438,3
2020,2020-02-05,1019,2,4,10,3,Y,A,N,A,H,A,A,01,,09,D,,,,,C,Y,N,A,1,0,0,0,21453.0,2,37.558639526367195,-122.27149963378906,4
2020,2020-02-04,1108,2,4,11,2,Y,A,N,A,H,A,A,01,,12,D,,,,,C,Y,N,A,2,0,0,0,21453.0,3,37.582969665527344,-122.33081817626952,2
2018,2018-02-11,1015,2,4,10,7,N,A,Y,A,H,A,D,22,S,21,D,,,,,C,Y,N,A,4,0,0,0,22106.0,2,37.472553253173835,-122.20518493652344,4
2018,2018-02-10,1635,2,4,16,6,N,A,Y,A,H,A,A,01,E,03,E,,,,,I,Y,N,D,1,0,0,0,22350.0,1,37.55143737792969,-122.31037902832033,4
2018,2018-02-14,1517,2,4,15,3,Y,A,Y,A,H,A,A,08,,09,A,,,,,C,N,N,A,1,0,0,0,21802.0,2,37.4687385559082,-122.29193115234376,4
2018,2018-02-13,1530,2,4,15,2,N,A,Y,A,H,A,A,01,S,07,C,,,,,C,Y,N,D,1,0,0,0,21658.0,3,37.66928863525391,-122.46585845947266,4
2018,2018-02-03,1545,2,4,15,6,N,A,N,A,H,A,L,04,S,09,D,,Y,,,G,N,N,D,1,0,1,0,21804.0,2,37.505184173583984,-122.33879089355467,4
2020,2020-02-10,1944,2,4,19,1,N,A,N,A,H,C,A,01,N,08,C,,,,,E,Y,M,D,1,0,0,0,22107.0,2,37.55997848510742,-122.31224822998048,3
2018,2018-02-14,1330,2,4,13,3,N,A,Y,A,H,A,D,22,W,08,E,,,,,A,Y,N,D,1,0,0,0,22107.0,1,37.695987701416016,-122.42520141601562,2
2018,2018-02-17,2120,2,4,21,6,N,B,N,A,H,D,C,02,E,01,E,,,Y,,I,N,N,D,1,0,0,1,23152.0,1,37.49075698852539,-122.38916778564452,4
2018,2018-02-14,840,2,4,8,3,N,A,Y,A,H,A,A,01,N,07,B,,,,,C,Y,N,D,1,0,0,0,21658.0,2,37.67654800415039,-122.47261810302734,4
2018,2018-02-16,1816,2,4,18,5,N,A,Y,A,H,D,A,01,S,03,C,,,,,C,N,N,D,2,0,0,0,22350.0,2,37.67174530029297,-122.3913116455078,4
2018,2018-02-16,1204,2,4,12,5,N,A,Y,A,H,A,A,01,S,03,C,,,,,C,N,N,D,2,0,0,0,22350.0,2,37.489700317382805,-122.21115112304688,4
2018,2018-02-17,20,2,4,0,6,N,A,Y,A,H,D,A,01,N,01,E,,,,,J,Y,N,D,1,0,0,0,23152.0,1,37.31264114379882,-122.17874145507812,3
2018,2018-02-04,1325,2,4,13,7,N,A,Y,A,H,A,F,26,N,01,F,,,,Y,A,Y,N,D,1,0,0,0,23152.0,1,37.50315856933594,-122.24375152587892,4
2018,2018-02-17,1340,2,4,13,6,N,A,Y,A,H,A,A,07,E,03,C,,,,,C,Y,N,D,8,0,0,0,22350.0,4,37.56388092041016,-122.27311706542967,4
2020,2020-02-28,1820,2,4,18,5,N,A,N,A,H,C,A,01,E,04,C,,,,,C,N,N,A,2,0,0,0,21703.0,2,37.55930709838867,-122.3215560913086,3
2020,2020-02-24,756,2,4,7,1,Y,A,N,A,H,A,A,01,,09,D,,Y,,,G,N,N,D,1,0,1,0,21801.0,2,37.55331039428711,-122.32010650634766,3
2020,2020-02-22,1304,2,4,13,6,N,A,N,A,H,A,A,01,E,03,C,,,,,C,Y,N,A,2,0,0,0,22350.0,2,37.56167602539063,-122.3244171142578,3
2020,2020-02-07,913,2,4,9,5,N,A,N,A,H,A,A,01,N,09,D,,,,,C,Y,N,D,2,0,0,0,21801.0,2,37.530376434326165,-122.2879638671875,3
2018,2018-02-21,1950,2,4,19,3,N,A,Y,A,H,B,A,01,S,03,C,,,,,C,N,N,D,1,0,0,0,22350.0,2,,,4
2018,2018-02-20,1420,2,4,14,2,N,B,Y,A,C,A,A,01,S,03,C,,,,,C,Y,N,D,1,0,0,0,22350.0,2,,,4
2018,2018-02-22,1515,2,4,15,4,N,C,Y,B,H,A,C,02,S,03,F,,,Y,,A,N,N,D,1,0,0,1,22350.0,1,37.60222244262695,-122.37974548339844,3
2018,2018-02-18,1250,2,4,12,7,N,A,Y,A,H,A,A,08,S,03,C,,,,,C,Y,N,D,3,0,0,0,22350.0,2,37.663528442382805,-122.39965057373048,4
2018,2018-02-19,1200,2,4,12,1,N,A,Y,A,H,A,C,02,N,03,C,,,Y,,C,Y,N,D,1,0,0,1,22350.0,2,37.6723518371582,-122.4675521850586,3
2018,2018-02-20,1400,2,4,14,2,N,A,Y,A,H,A,A,08,N,03,H,,,,,I,Y,N,A,1,0,0,0,22350.0,1,37.602924346923835,-122.3811492919922,4
2018,2018-02-22,1435,2,4,14,4,N,C,Y,B,H,A,A,01,W,03,C,,,,,C,Y,N,D,1,0,0,0,22350.0,3,37.55962371826172,-122.27997589111328,4
2020,2020-01-03,1723,1,4,17,5,N,A,N,A,H,B,L,04,S,08,H,,Y,,,G,N,N,A,1,0,1,0,22107.0,2,37.63660430908203,-122.4213409423828,4
2018,2018-01-25,40,1,4,0,4,N,A,Y,B,H,D,A,01,W,08,E,,,,,I,Y,N,D,1,0,0,0,22107.0,1,37.63409805297852,-122.40679931640624,4
2018,2018-02-21,1130,2,4,11,3,N,A,N,A,H,A,-,- ,S,00,D,,,,,C,Y,N,A,2,0,0,0,,2,37.51313018798828,-122.3310546875,3
2018,2018-02-18,225,2,4,2,7,N,A,Y,A,H,D,A,01,N,01,E,,,,,I,Y,N,D,1,0,0,0,23152.0,1,37.6527099609375,-122.40664672851562,4
2020,2020-01-31,1810,1,4,18,5,Y,A,N,A,H,C,D,22,,03,C,,,,,C,N,N,D,2,0,0,0,22350.0,2,37.45063018798828,-122.19200134277344,4
2018,2018-02-20,1001,2,4,10,2,N,A,Y,A,H,A,A,01,N,07,B,,,Y,,C,N,N,D,1,0,0,1,21658.0,2,37.55397033691406,-122.296875,3
2018,2018-02-24,932,2,4,9,6,N,A,Y,A,H,A,A,01,N,03,C,,,,,C,Y,N,D,1,0,0,0,22350.0,2,,,4
2020,2020-02-03,1203,2,4,12,1,Y,A,N,A,H,A,A,01,,09,D,,,,,C,Y,N,A,2,0,0,0,21802.0,2,37.62667083740234,-122.40830230712892,3
2018,2018-02-23,1410,2,4,14,5,N,A,Y,A,H,A,A,01,E,08,B,,,,Y,C,Y,N,D,1,0,0,0,22107.0,2,37.550384521484375,-122.31199645996094,3
2018,2018-02-22,1605,2,4,16,4,N,A,Y,A,H,A,A,01,S,03,C,,,,,C,Y,N,D,1,0,0,0,22350.0,2,37.634323120117195,-122.43858337402344,3
2018,2018-02-23,1140,2,4,11,5,N,A,Y,A,H,A,A,01,S,08,E,,,,,J,Y,N,D,1,0,0,0,22107.0,1,37.48006439208984,-122.1740951538086,4
2018,2018-02-23,2310,2,4,23,5,N,A,Y,A,H,C,A,01,N,01,E,,,,,I,Y,N,D,2,0,0,0,23152.0,1,37.55335998535156,-122.29624176025392,2
2018,2018-02-17,1156,2,4,11,6,N,A,Y,A,H,A,A,01,N,08,B,,,,,C,Y,N,D,2,0,0,0,22107.0,2,37.52937316894531,-122.27375793457033,2
2018,2018-02-17,1140,2,4,11,6,N,A,Y,A,H,A,C,02,W,03,F,,,Y,,A,Y,N,D,1,0,0,1,22350.0,1,,,4
2018,2018-02-17,1400,2,4,14,6,N,A,Y,A,H,A,C,02,S,03,C,,,Y,,C,Y,N,D,1,0,0,1,22350.0,2,37.32416915893555,-122.20367431640624,4
2018,2018-02-26,1440,2,4,14,1,N,A,Y,A,H,A,A,07,S,03,C,,,,,C,Y,N,D,1,0,0,0,22350.0,2,37.47028732299805,-122.15782928466795,3
2018,2018-02-23,945,2,4,9,5,N,A,Y,A,H,A,F,26,S,07,B,,,,Y,C,N,N,D,1,0,0,0,21658.0,2,37.64973068237305,-122.40659332275392,4
2018,2018-02-23,1825,2,4,18,5,N,A,Y,A,H,D,A,01,S,07,C,,,,,C,Y,N,A,2,0,0,0,21658.0,3,37.64970016479492,-122.45169830322266,4
2018,2018-03-02,720,3,1,7,5,N,A,Y,B,H,A,A,01,S,03,C,,,,,C,Y,N,D,2,0,0,0,22350.0,3,37.56337738037109,-122.30602264404295,3
2018,2018-02-24,1850,2,4,18,6,N,A,N,A,H,D,A,08,S,13,G,,,,,B,N,N,D,1,0,0,0,22515.0,1,37.46273040771485,-122.2652587890625,2
2018,2018-02-26,1016,2,4,10,1,N,A,Y,A,H,A,A,07,W,04,C,,,,,C,N,N,D,1,0,0,0,21703.0,2,37.555213928222656,-122.28829956054688,4
2017,2017-11-25,2345,11,3,23,6,N,B,Y,A,H,C,A,07,W,08,F,,,,,A,Y,N,D,9,0,0,0,22107.0,1,37.52260435,-122.33228019,2
2018,2018-02-23,1828,2,4,18,5,N,A,Y,A,H,B,-,99,S,07,B,,,,,C,Y,M,D,1,0,0,0,21658.0,3,37.63740921020508,-122.44026947021484,4
2018,2018-03-02,1730,3,1,17,5,N,B,Y,B,H,A,D,22,S,08,F,,,,,J,Y,N,D,1,0,0,0,22107.0,1,37.50072860717773,-122.32844543457033,4
2020,2020-02-15,2200,2,4,22,6,N,A,N,A,H,D,A,01,W,03,C,,,,,E,Y,N,D,1,0,0,0,22350.0,2,37.462646484375,-122.15299224853516,3
2020,2020-02-09,1615,2,4,16,7,Y,A,N,A,B,A,-,- ,,18,H,,Y,,,A,N,N,D,1,0,1,0,,1,37.45602035522461,-122.16323852539062,3
2018,2018-02-25,40,2,4,0,7,N,A,Y,A,H,C,A,01,E,03,C,,,,,C,Y,N,D,3,0,0,0,22350.0,2,37.63359069824219,-122.41798400878906,2
2018,2018-03-05,1705,3,1,17,1,N,A,Y,A,H,A,A,01,N,08,D,,,,,C,Y,N,D,1,0,0,0,22107.0,2,37.30078125,-122.16199493408205,4
2018,2018-03-01,2245,3,1,22,4,N,C,Y,B,H,D,A,07,S,03,F,,,,,I,Y,N,D,1,0,0,0,22350.0,1,37.49962615966797,-122.3178939819336,3
2018,2018-03-03,800,3,1,8,6,Y,A,N,B,H,A,D,22,,10,G,Y,,,,B,N,N,D,2,2,0,0,21950.0,3,37.43610000610352,-122.41490173339844,3
2018,2018-03-05,1835,3,1,18,1,N,A,Y,A,H,D,A,01,S,03,C,,,,,C,Y,N,D,1,0,0,0,22350.0,2,37.468425750732415,-122.15422821044922,3
2018,2018-02-26,925,2,4,9,1,N,B,Y,B,H,A,A,01,S,03,E,,,,,I,Y,N,D,1,0,0,0,22350.0,1,37.68381118774414,-122.4709930419922,4
2018,2018-02-26,2245,2,4,22,1,N,A,Y,B,H,D,A,01,N,03,C,,,,,C,Y,N,A,1,0,0,0,22350.0,5,37.66151428222656,-122.47650909423828,4
2018,2018-02-27,808,2,4,8,2,N,A,Y,A,H,A,A,01,S,03,C,,,,,C,N,N,D,1,0,0,0,22350.0,4,37.622596740722656,-122.42720794677734,3
2018,2018-02-28,1020,2,4,10,3,N,A,Y,A,H,A,A,01,E,03,C,,,,,C,Y,N,D,2,0,0,0,22350.0,3,37.582813262939446,-122.25247955322266,4
2018,2018-03-04,1500,3,1,15,7,N,A,Y,B,H,A,A,01,N,03,C,,,,,C,Y,M,D,1,0,0,0,22350.0,3,37.586795806884766,-122.34040069580078,4
2018,2018-02-28,138,2,4,1,3,N,A,Y,A,H,D,A,01,N,08,E,,,,,I,Y,N,D,1,0,0,0,22107.0,1,37.657421112060554,-122.4060287475586,3
2018,2018-02-28,2244,2,4,22,3,N,C,Y,B,H,D,A,01,S,07,C,,,,,C,Y,N,D,1,0,0,0,21658.0,2,37.61400985717773,-122.39775848388672,4
2018,2018-03-03,1850,3,1,18,6,N,B,Y,B,H,D,A,01,N,03,C,,,,,C,N,N,D,1,0,0,0,22350.0,2,37.582683563232415,-122.32698822021484,4
2018,2018-03-04,1310,3,1,13,7,Y,A,N,A,H,A,A,01,,03,D,,Y,,,G,N,N,D,1,0,1,0,22350.0,2,37.404109954833984,-122.41380310058594,2
2020,2020-02-13,828,2,4,8,4,N,A,N,A,H,A,A,01,S,09,D,,,,,C,Y,N,A,1,0,0,0,21802.0,2,37.582714080810554,-122.33457183837892,3
2020,2020-02-12,1720,2,4,17,3,N,A,N,A,H,A,A,01,N,03,C,,,,,C,N,N,A,2,0,0,0,22350.0,3,37.58387756347656,-122.3549346923828,3
2020,2020-02-23,2134,2,4,21,7,Y,A,N,A,H,C,A,01,,09,H,,,Y,,A,N,N,D,1,0,0,1,21802.0,2,37.58135986328125,-122.34895324707033,3
2020,2020-02-11,1827,2,4,18,2,Y,A,N,A,H,C,A,01,,10,G,Y,,,,B,N,N,D,1,1,0,0,21950.0,2,37.597461700439446,-122.3847198486328,3
2020,2020-02-16,1050,2,4,10,7,N,A,Y,A,H,A,A,01,N,03,C,,,,,C,N,N,D,1,0,0,0,22350.0,2,37.4797477722168,-122.44304656982422,3
2020,2020-02-21,758,2,4,7,5,Y,A,N,A,H,A,A,07,,10,G,Y,,,,B,N,N,A,1,1,0,0,21950.0,2,37.592788696289055,-122.39585876464844,2
2018,2018-03-08,1730,3,1,17,4,N,A,Y,A,H,A,A,01,W,07,B,,,Y,,C,Y,N,D,1,0,0,1,21658.0,2,37.560108184814446,-122.27873992919922,3
2020,2020-01-09,1200,1,4,12,4,Y,A,N,A,H,A,-,99,,10,G,Y,,,,B,N,F,A,1,1,0,0,21950.0,2,37.68478012084961,-122.40232849121094,4
2020,2020-01-21,807,1,4,8,2,Y,B,N,A,H,A,A,01,,03,C,,,,,C,N,N,A,1,0,0,0,22350.0,2,37.69252014160156,-122.40463256835938,4
2018,2018-03-04,345,3,1,3,7,N,B,Y,B,H,D,A,01,N,08,F,,,,,A,Y,N,D,1,0,0,0,22107.0,1,37.68196105957031,-122.38888549804688,3
2020,2020-01-22,1556,1,4,15,3,N,A,N,A,H,A,A,01,E,12,D,,,,,C,Y,N,A,1,0,0,0,22450.0,2,37.49456024169922,-122.26081848144533,3
2018,2018-03-06,1655,3,1,16,2,N,A,Y,A,H,A,A,01,N,07,B,,,Y,,C,N,N,D,1,0,0,1,21658.0,2,37.46076965332031,-122.14163208007812,4
2018,2018-03-01,1033,3,1,10,4,N,C,Y,B,H,A,A,07,S,03,C,,,,,C,N,F,D,1,0,0,0,22350.0,2,37.69210052490234,-122.47052764892578,3
2017,2017-09-30,2022,9,3,20,6,N,B,Y,A,H,D,N,60,S,11,G,Y,,,,B,N,N,D,0,0,0,0,21954.0,2,37.50290376,-122.47533442,1
2018,2018-03-08,1245,3,1,12,4,N,A,Y,A,H,A,A,01,S,03,C,,,,,C,Y,N,D,3,0,0,0,22350.0,4,37.49121856689453,-122.2189483642578,4
2018,2018-03-05,1030,3,1,10,1,N,A,Y,A,H,A,A,08,N,03,C,,,,,C,Y,N,A,3,0,0,0,22350.0,2,37.563209533691406,-122.30583953857422,4
2018,2018-03-02,436,3,1,4,5,N,B,N,B,H,D,A,07,E,01,E,,,,,I,Y,N,D,1,0,0,0,23152.0,1,37.69769287109375,-122.41407775878906,3
2018,2018-03-01,1100,3,1,11,4,N,B,Y,B,H,A,A,01,S,08,E,,,,,I,Y,N,D,1,0,0,0,22107.0,1,37.66849899291992,-122.48349761962892,3
2018,2018-03-06,1440,3,1,14,2,N,A,Y,A,H,A,A,01,E,03,C,,,,,C,Y,N,D,1,0,0,0,22350.0,2,37.57326126098633,-122.26272583007812,4
2018,2018-03-01,1551,3,1,15,4,N,A,Y,B,H,A,A,01,S,03,C,,,,,C,Y,N,D,1,0,0,0,22350.0,2,37.62025833129882,-122.4256591796875,3
2018,2018-03-07,1815,3,1,18,3,N,B,N,A,H,C,N,60,E,11,G,Y,,,,B,N,M,D,1,1,0,0,21950.0,2,37.518104553222656,-122.2707748413086,3
2018,2018-03-08,900,3,1,9,4,N,A,Y,A,H,A,A,01,N,03,C,,,,,C,Y,N,D,2,0,0,0,22350.0,2,37.43832778930664,-122.24697113037108,3
2018,2018-03-08,1205,3,1,12,4,N,B,Y,B,H,A,A,07,S,03,E,,,,,I,Y,N,D,2,0,0,0,22350.0,1,37.424365997314446,-122.31471252441406,3
2018,2018-03-13,845,3,1,8,2,N,C,Y,B,H,A,A,01,N,03,E,,,,,I,Y,N,D,1,0,0,0,22350.0,1,37.50038146972656,-122.31993103027344,4
2018,2018-03-13,930,3,1,9,2,N,C,Y,B,H,A,A,01,N,03,C,,,,,C,Y,N,D,1,0,0,0,22350.0,2,37.59660339355469,-122.42011260986328,4
2020,2020-05-05,1121,5,1,11,2,N,A,N,A,H,A,L,04,W,09,D,,Y,,,G,N,N,D,1,0,1,0,21804.0,2,37.57051849365234,-122.28948974609376,3
2018,2018-03-05,1452,3,1,14,1,N,A,Y,A,H,A,A,01,N,03,C,,,,,C,N,N,D,1,0,0,0,22350.0,2,37.68019485473633,-122.38874816894533,3
2018,2018-03-10,630,3,1,6,6,Y,B,N,A,H,A,A,01,,09,D,,,,,C,Y,N,A,2,0,0,0,21802.0,2,37.44185005,-122.23623991,4
2018,2018-03-13,1334,3,1,13,2,N,B,N,B,H,A,A,01,E,12,D,,,,,C,Y,N,A,2,0,0,0,22450.0,2,37.409866333007805,-122.19469451904295,4
2018,2018-03-06,1415,3,1,14,2,N,A,Y,A,H,A,A,01,N,04,C,,,,,C,Y,N,D,2,0,0,0,21703.0,4,37.66776657104492,-122.39485931396484,4
2018,2018-03-06,640,3,1,6,2,N,A,Y,A,H,A,A,07,S,03,C,,,,,C,Y,N,D,2,0,0,0,22350.0,3,37.63589477539063,-122.4394760131836,4
2018,2018-03-07,620,3,1,6,3,N,A,Y,A,H,B,A,01,N,07,B,,,,,C,Y,N,D,1,0,0,0,21658.0,2,37.61666870117188,-122.39869689941406,3
2018,2018-03-16,1025,3,1,10,5,N,B,Y,B,H,A,A,01,N,03,C,,,,,C,Y,N,D,1,0,0,0,22350.0,3,37.45299911499024,-122.12804412841795,4
2018,2018-03-09,1410,3,1,14,5,N,A,Y,A,H,A,A,01,W,08,B,,,,,C,N,N,D,1,0,0,0,22107.0,2,37.511207580566406,-122.33140563964844,4
2018,2018-03-09,2005,3,1,20,5,N,A,Y,A,H,C,A,01,N,03,C,,,,,C,Y,N,D,3,0,0,0,22350.0,3,37.60766220092773,-122.38843536376952,3
2018,2018-03-09,1825,3,1,18,5,N,B,Y,B,H,B,A,01,N,01,C,,,,,C,Y,N,A,1,0,0,0,23152.0,3,37.67015075683594,-122.46695709228516,4
2018,2018-03-13,840,3,1,8,2,N,B,N,B,H,A,A,01,E,03,E,,,,,I,Y,N,D,1,0,0,0,22350.0,1,37.41880035400391,-122.21939849853516,4
2018,2018-03-14,1515,3,1,15,3,N,A,Y,A,H,A,A,01,N,12,A,,,,,C,Y,N,A,2,0,0,0,21453.0,2,37.51329040527344,-122.33128356933594,4
2018,2018-03-15,2245,3,1,22,4,N,C,N,B,H,C,A,01,W,08,B,,,,,J,Y,N,D,1,0,0,0,22107.0,2,37.47587585449219,-122.1872787475586,4
2018,2018-03-01,1405,3,1,14,4,N,A,Y,A,H,A,A,07,S,08,C,,,,,C,Y,N,D,1,0,0,0,22107.0,3,37.60042190551758,-122.376953125,3
2018,2018-03-10,320,3,1,3,6,N,B,Y,A,H,D,A,01,N,08,F,,,,,A,Y,N,D,1,0,0,0,22107.0,1,37.65240478515625,-122.45468139648438,3
2018,2018-03-15,1730,3,1,17,4,N,B,Y,B,H,A,A,07,N,03,C,,,,,C,Y,N,D,1,0,0,0,22350.0,3,37.46890258789063,-122.15544891357422,4
2018,2018-03-15,1053,3,1,10,4,N,B,Y,B,H,A,F,26,E,08,F,,,,Y,A,Y,N,D,1,0,0,0,22107.0,1,37.56550979614258,-122.27149963378906,3
2018,2018-03-14,50,3,1,0,3,N,B,Y,B,H,D,A,01,N,03,C,,,,,C,Y,N,D,1,0,0,0,22350.0,2,37.49440002441406,-122.22657775878906,4
2018,2018-03-16,710,3,1,7,5,N,C,Y,B,H,D,A,01,E,03,C,,,,,C,Y,N,D,1,0,0,0,22350.0,2,,,3
2018,2018-03-12,1555,3,1,15,1,N,C,Y,B,H,A,A,07,S,07,C,,,,,C,Y,N,D,3,0,0,0,21658.0,2,37.70016860961913,-122.47135925292967,4
2018,2018-03-16,1700,3,1,17,5,N,B,Y,B,H,A,A,07,S,03,F,,,,,A,Y,N,D,2,0,0,0,22350.0,1,37.393821716308594,-122.28789520263672,3
2018,2018-03-10,1640,3,1,16,6,N,B,Y,A,H,B,A,01,S,07,B,,,,,C,N,N,D,1,0,0,0,21658.0,2,37.49593353271485,-122.23198699951172,4
2018,2018-03-11,1730,3,1,17,7,N,A,Y,A,H,A,-,- ,S,18,E,,,,,I,Y,N,D,1,0,0,0,,1,37.46028900146485,-122.14077758789062,4
2020,2020-04-23,1153,4,1,11,4,N,A,N,A,H,A,C,03,N,12,D,,,Y,,C,Y,N,A,1,0,0,1,21453.0,2,37.500038146972656,-122.25341033935548,3
2020,2020-04-24,2500,4,1,25,5,Y,A,N,A,H,C,-,- ,,00,H,,Y,,,G,N,F,D,1,0,1,0,,2,37.61125946044922,-122.41236114501952,2
2018,2018-03-14,517,3,1,5,3,N,A,Y,B,H,D,A,07,N,08,F,,,,,J,Y,N,D,1,0,0,0,22107.0,1,37.668907165527344,-122.4657745361328,4
2018,2018-03-16,845,3,1,8,5,N,B,Y,B,H,A,A,07,N,08,E,,,,,I,Y,N,D,1,0,0,0,22107.0,1,37.64537811279297,-122.44967651367188,4
2018,2018-03-21,1215,3,1,12,3,N,B,Y,B,H,A,A,01,N,08,H,,,,,I,Y,N,A,1,0,0,0,22107.0,1,37.5866584777832,-122.33513641357422,4
2018,2018-03-26,925,3,1,9,1,N,A,Y,A,H,A,A,07,N,03,C,,,,,C,N,N,A,2,0,0,0,22350.0,2,37.5869140625,-122.33749389648438,4
2018,2018-03-16,2209,3,1,22,5,N,B,Y,B,H,D,A,01,N,01,E,,,,,I,Y,N,D,1,0,0,0,23152.0,1,37.63777542114258,-122.48984527587892,3
2018,2018-03-23,1643,3,1,16,5,N,B,Y,A,H,A,A,01,W,03,C,,,,,C,Y,N,D,1,0,0,0,22350.0,2,37.554885864257805,-122.28857421875,3
2018,2018-03-21,2045,3,1,20,3,N,C,Y,B,H,D,A,01,W,03,H,,,,,J,Y,M,D,2,0,0,0,22350.0,1,37.44313430786133,-122.26426696777344,3
2018,2018-03-21,1729,3,1,17,3,N,B,Y,A,H,A,A,01,S,03,C,,,,,C,Y,M,D,1,0,0,0,22350.0,3,37.58711624145508,-122.34522247314452,4
2018,2018-03-24,1950,3,1,19,6,N,B,Y,B,H,B,D,22,E,03,C,,,,,C,Y,N,D,1,0,0,0,22350.0,2,37.57020568847656,-122.26603698730467,4
2018,2018-03-22,430,3,1,4,4,N,C,Y,B,H,D,A,01,S,03,D,,,,,C,Y,N,D,1,0,0,0,22350.0,2,37.49453353881836,-122.22702026367188,4
2018,2018-03-22,1645,3,1,16,4,N,A,Y,A,H,A,A,07,W,03,C,,,,,C,Y,N,D,1,0,0,0,22350.0,3,37.55632400512695,-122.28565979003906,4
2018,2018-03-23,1030,3,1,10,5,N,A,Y,A,H,A,A,01,S,03,C,,,,,C,Y,N,D,3,0,0,0,22350.0,4,37.491737365722656,-122.22010040283205,4
2018,2018-03-23,1125,3,1,11,5,N,A,Y,A,H,A,E,22,E,03,C,,,,,C,Y,N,D,1,0,0,0,22350.0,2,37.583229064941406,-122.25202178955078,4
2018,2018-03-23,1650,3,1,16,5,N,A,Y,A,H,A,A,01,S,07,B,,,,,C,N,N,D,1,0,0,0,21658.0,2,37.50648498535156,-122.2475357055664,4
2018,2018-03-16,615,3,1,6,5,N,C,Y,B,H,D,A,01,N,03,E,,,,,I,Y,N,D,1,0,0,0,22350.0,1,37.393741607666016,-122.28838348388672,3
2018,2018-03-20,1920,3,1,19,2,N,A,Y,B,H,A,D,22,S,08,E,,,,,I,Y,N,D,1,0,0,0,22107.0,1,37.666606903076165,-122.48538970947266,3
2018,2018-03-20,1710,3,1,17,2,N,C,Y,B,H,A,A,01,S,03,C,,,,,C,Y,N,D,1,0,0,0,22350.0,2,37.64659881591797,-122.40599822998048,3
2018,2018-03-21,744,3,1,7,3,N,B,Y,B,H,A,A,01,N,03,C,,,,,C,N,N,D,1,0,0,0,22350.0,2,37.657913208007805,-122.48593902587892,4
2018,2018-03-21,750,3,1,7,3,N,C,Y,B,H,A,A,01,N,03,C,,,,,C,Y,N,D,1,0,0,0,22350.0,2,37.645599365234375,-122.44989776611328,4
2018,2018-03-21,650,3,1,6,3,N,B,Y,B,H,B,A,01,N,08,F,,,,,I,Y,N,D,1,0,0,0,22107.0,1,37.66691970825195,-122.48345947265624,3
2018,2018-03-30,2150,3,1,21,5,N,A,Y,A,H,D,A,07,W,01,F,,,,,I,Y,N,D,2,0,0,0,23152.0,1,37.36237335205078,-122.26102447509766,3
2018,2018-03-22,725,3,1,7,4,N,B,Y,B,H,A,A,07,N,03,B,,,,,C,Y,N,D,1,0,0,0,22350.0,2,37.44526290893555,-122.2715072631836,4
2018,2018-03-22,950,3,1,9,4,N,C,Y,B,H,A,-,- ,S,03,C,,,,,C,Y,N,D,2,0,0,0,22350.0,2,37.70465469360352,-122.4718780517578,4