ACCIDENT_YEAR,COLLISION_DATE,COLLISION_TIME,MONTH,SEASON,24HOURS,DAY_OF_WEEK,INTERSECTION,WEATHER_1,STATE_HWY_IND,ROAD_SURFACE,ROAD_COND_1,LIGHTING,STWD_VEHTYPE_AT_FAULT,CHP_VEHTYPE_AT_FAULT,DIRECTION,PCF_VIOL_CATEGORY,TYPE_OF_COLLISION,PEDESTRIAN_ACCIDENT,BICYCLE_ACCIDENT,MOTORCYCLE_ACCIDENT,TRUCK_ACCIDENT,MVIW,TOW_AWAY,HIT_AND_RUN,CONTROL_DEVICE,NUMBER_INJURED,COUNT_PED_INJURED,COUNT_BICYCLIST_INJURED,COUNT_MC_INJURED,PCF_VIOLATION,PARTY_COUNT,POINT_Y,POINT_X,COLLISION_SEVERITY
2018,2018-03-27,805,3,1,8,2,N,A,Y,A,H,A,A,01,S,03,C,,,,,C,N,N,A,2,0,0,0,22350.0,3,37.5351676940918,-122.27910614013672,4
2018,2018-03-24,1531,3,1,15,6,Y,B,N,A,H,A,-,- ,,00,D,,,,,C,Y,N,A,1,0,0,0,,2,37.51218033,-122.3287735,4
2018,2018-03-28,820,3,1,8,3,N,A,Y,A,H,A,-,99,E,03,C,,,,,C,N,F,A,1,0,0,0,22350.0,2,37.55432891845703,-122.29086303710938,4
2018,2018-03-28,855,3,1,8,3,N,A,Y,A,H,A,A,01,N,07,B,,,Y,,C,N,N,D,1,0,0,1,21658.0,2,37.54803466796875,-122.29129791259766,4
2018,2018-03-23,730,3,1,7,5,N,A,Y,A,H,A,A,01,N,03,C,,,,,C,N,N,D,2,0,0,0,22350.0,3,37.633167266845696,-122.43806457519533,4
2018,2018-03-24,550,3,1,5,6,N,B,Y,A,H,D,A,01,E,01,E,,,,,I,Y,N,D,1,0,0,0,23152.0,1,37.64918518066406,-122.44290161132812,2
2018,2018-03-25,620,3,1,6,7,N,A,Y,A,H,B,A,01,N,08,E,,,,,I,Y,N,D,1,0,0,0,22107.0,1,37.66304397583008,-122.47814178466795,4
2018,2018-03-27,1700,3,1,17,2,N,A,Y,A,H,A,A,07,S,03,C,,,,,C,N,N,D,2,0,0,0,22350.0,2,37.46004867553711,-122.14070129394533,4
2018,2018-03-25,730,3,1,7,7,N,B,N,B,H,A,A,01,S,08,F,,,,,A,Y,N,D,1,0,0,0,22107.0,1,37.51171112060546,-122.254150390625,3
2018,2018-03-29,2035,3,1,20,4,N,A,Y,A,H,C,A,01,E,03,C,,,,,C,Y,N,D,2,0,0,0,22350.0,2,37.547760009765625,-122.31971740722656,4
2018,2018-03-29,1340,3,1,13,4,N,A,Y,A,H,A,A,01,S,03,C,,,,,C,Y,N,D,1,0,0,0,22350.0,2,37.589893341064446,-122.36116027832033,3
2018,2018-03-26,1402,3,1,14,1,N,A,Y,A,H,A,A,01,S,03,C,,,,,C,Y,N,D,2,0,0,0,22350.0,3,37.69960021972656,-122.47137451171876,3
2018,2018-03-31,1745,3,1,17,6,N,A,Y,A,H,A,A,01,E,03,C,,,,,C,Y,N,D,1,0,0,0,22350.0,2,37.591114044189446,-122.24219512939452,4
2018,2018-04-04,1655,4,1,16,3,N,B,Y,A,H,A,F,26,N,03,C,,,,Y,C,N,N,D,1,0,0,0,22350.0,2,37.51536560058594,-122.25786590576172,4
2018,2018-03-27,800,3,1,8,2,N,A,Y,A,H,A,A,01,S,03,C,,,,,C,Y,N,D,2,0,0,0,22350.0,2,37.639259338378906,-122.44181823730467,3
2018,2018-03-29,1045,3,1,10,4,N,A,Y,A,H,A,A,01,N,03,C,,,,,C,Y,N,A,1,0,0,0,22350.0,4,37.55339813232422,-122.29598236083984,4
2018,2018-03-28,1326,3,1,13,3,N,A,Y,A,H,A,A,01,S,03,C,,,,,C,Y,N,D,2,0,0,0,22350.0,2,37.6572494506836,-122.46033477783205,4
2018,2018-03-28,1857,3,1,18,3,N,A,Y,A,H,A,A,01,N,08,B,,,,,C,Y,N,D,1,0,0,0,22107.0,2,37.67599487304688,-122.3886947631836,4
2018,2018-03-30,1605,3,1,16,5,N,A,Y,A,H,A,A,07,N,03,C,,,,,C,Y,M,D,1,0,0,0,22350.0,4,37.63143539428711,-122.43612670898438,4
2018,2018-03-30,1030,3,1,10,5,N,A,Y,A,H,A,-,- ,N,18,E,,,Y,,H,Y,N,D,1,0,0,1,,1,37.54757308959961,-122.37295532226562,3
2018,2018-04-02,1050,4,1,10,1,N,A,Y,A,H,A,A,01,N,08,B,,,,,C,Y,N,D,1,0,0,0,22107.0,1,37.427207946777344,-122.23240661621094,3
2018,2018-04-01,2038,4,1,20,7,N,A,Y,A,H,D,F,55,W,03,C,,,,Y,C,Y,N,D,4,0,0,0,22350.0,2,37.47926330566406,-122.4096221923828,4
2018,2018-03-29,1000,3,1,10,4,N,A,N,A,H,A,A,01,E,01,E,,,,,J,Y,N,D,4,0,0,0,23152.0,1,37.700698852539055,-122.4498291015625,2
2018,2018-03-31,1230,3,1,12,6,N,A,Y,A,H,A,A,01,S,03,C,,,,,C,Y,N,D,1,0,0,0,22350.0,2,37.5489616394043,-122.29183197021484,4
2020,2020-05-06,748,5,1,7,3,N,A,N,A,H,A,-,- ,W,18,E,,,,,I,Y,N,D,1,0,0,0,,1,,,2
2018,2018-03-30,1650,3,1,16,5,N,B,Y,A,H,A,A,01,S,08,B,,,,,C,Y,N,D,2,0,0,0,22107.0,2,37.67062377929688,-122.39190673828124,4
2018,2018-04-02,1449,4,1,14,1,N,A,N,A,H,A,A,08,N,03,C,,,,,C,Y,N,D,1,0,0,0,22350.0,2,37.613189697265625,-122.39685821533205,4
2018,2018-04-05,750,4,1,7,4,N,B,Y,A,H,A,A,01,N,03,C,,,,,C,Y,N,D,1,0,0,0,22350.0,2,37.586719512939446,-122.33750152587892,3
2018,2018-03-28,1725,3,1,17,3,Y,A,Y,A,H,A,A,01,,17,A,,,,,C,Y,N,A,2,0,0,0,21451.0,2,37.50523376464844,-122.48119354248048,4
2018,2018-03-24,245,3,1,2,6,N,C,Y,B,H,D,A,07,N,03,F,,,,,A,Y,F,D,1,0,0,0,22350.0,1,37.55384826660156,-122.29708099365234,4
2018,2018-04-03,2125,4,1,21,2,N,A,Y,A,H,C,D,22,S,03,C,,,,,C,Y,F,D,1,0,0,0,22350.0,2,37.58771133422852,-122.35967254638672,4
2018,2018-04-02,908,4,1,9,1,N,A,Y,A,H,A,A,01,S,07,B,,,Y,,C,Y,N,D,1,0,0,1,21658.0,3,37.47901153564453,-122.17279052734376,3
2018,2018-04-04,1455,4,1,14,3,N,A,Y,A,H,A,A,01,S,03,E,,,,,I,Y,N,D,1,0,0,0,22350.0,1,37.46551513671875,-122.14971923828124,4
2018,2018-04-02,1305,4,1,13,1,N,A,Y,A,H,A,-,- ,S,18,E,,,,,I,Y,N,D,1,0,0,0,,1,37.66136932373047,-122.46436309814452,4
2018,2018-04-06,650,4,1,6,5,N,B,Y,B,H,A,A,01,S,03,E,,,,,I,Y,N,D,1,0,0,0,22350.0,1,37.53107833862305,-122.36083221435548,4
2018,2018-04-07,735,4,1,7,6,N,B,Y,B,H,A,-,99,N,03,C,,,,,C,Y,F,D,1,0,0,0,22350.0,2,37.56000518798828,-122.30238342285156,4
2018,2018-04-07,435,4,1,4,6,N,B,Y,B,H,C,A,01,S,03,E,,,,,I,Y,N,D,1,0,0,0,22350.0,1,37.595951080322266,-122.41905212402344,4
2018,2018-04-07,1615,4,1,16,6,N,A,Y,A,H,A,A,01,N,08,F,,,,,I,Y,N,D,1,0,0,0,22107.0,1,,,3
2018,2018-04-02,1640,4,1,16,1,N,A,Y,A,H,A,C,02,S,05,B,,,Y,,C,Y,N,D,1,0,0,1,21460.0,2,37.49444961547852,-122.36808776855467,3
2018,2018-04-03,930,4,1,9,2,N,A,Y,A,H,A,A,01,N,03,C,,,,,C,N,N,D,1,0,0,0,22350.0,2,37.47019577026367,-122.1576690673828,4
2018,2018-04-09,555,4,1,5,1,N,A,Y,A,H,D,A,07,N,03,C,,,,,C,N,N,D,1,0,0,0,22350.0,3,,,4
2018,2018-04-10,1635,4,1,16,2,N,B,Y,A,H,A,A,01,N,03,C,,,,,C,N,N,D,1,0,0,0,22350.0,3,37.47050476074219,-122.158203125,4
2018,2018-04-10,1735,4,1,17,2,N,B,Y,A,H,A,-,99,N,07,B,,,,,C,Y,F,D,1,0,0,0,21658.0,2,37.5984764099121,-122.42235565185548,4
2018,2018-04-09,1842,4,1,18,1,N,A,Y,A,H,A,A,01,N,03,A,,,,,I,Y,N,D,1,0,0,0,22350.0,1,37.603328704833984,-122.38175964355467,4
2018,2018-04-04,1445,4,1,14,3,N,A,Y,A,H,A,-,- ,E,18,E,,,,,I,Y,N,D,1,0,0,0,,1,37.55267333984375,-122.30567932128906,3
2018,2018-04-07,823,4,1,8,6,N,A,Y,A,H,A,A,01,W,03,C,,,,,C,Y,N,D,3,0,0,0,22350.0,3,37.53130340576172,-122.33007049560548,3
2018,2018-04-05,734,4,1,7,4,N,B,Y,A,H,A,A,01,E,03,C,,,,,C,Y,N,D,1,0,0,0,22350.0,3,37.55879974365234,-122.28128051757812,4
2018,2018-04-11,225,4,1,2,3,N,A,Y,A,H,C,A,01,N,08,B,,,,,C,Y,N,D,1,0,0,0,22107.0,3,37.58511352539063,-122.3296356201172,4
2018,2018-04-05,2137,4,1,21,4,N,C,Y,B,H,C,A,01,N,05,A,,,,,C,Y,N,D,1,0,0,0,21651.0,2,37.58645248413086,-122.50423431396484,3
2018,2018-04-05,925,4,1,9,4,N,A,Y,A,H,A,-,- ,E,18,C,,,,Y,C,Y,N,D,1,0,0,0,,2,37.56883239746094,-122.2675323486328,4
2018,2018-04-06,2310,4,1,23,5,N,C,Y,B,H,D,-,- ,S,18,B,,,,,E,Y,N,D,1,0,0,0,,2,37.62305068969727,-122.42749786376952,4
2018,2018-04-06,1530,4,1,15,5,N,B,Y,B,H,A,A,07,N,08,E,,,,,I,Y,N,D,1,0,0,0,22107.0,1,37.58601379394531,-122.50431060791016,3
2018,2018-04-12,1640,4,1,16,4,N,A,Y,A,H,A,A,01,N,03,C,,,,,C,Y,N,D,1,0,0,0,22350.0,2,37.41022872924805,-122.19769287109376,4
2018,2018-04-07,355,4,1,3,6,N,C,Y,B,H,C,-,- ,S,18,D,,,,,C,Y,N,D,1,0,0,0,,2,37.64430618286133,-122.4484634399414,3
2018,2018-04-08,138,4,1,1,7,N,A,Y,A,H,D,A,01,S,08,E,,,,,J,Y,N,D,1,0,0,0,22107.0,1,37.70772171020508,-122.4699478149414,3
2018,2018-04-06,1450,4,1,14,5,N,C,Y,B,H,B,A,01,S,08,E,,,,,I,Y,N,D,2,0,0,0,22107.0,1,,,2
2018,2018-04-12,1202,4,1,12,4,N,A,N,A,H,A,A,07,S,09,D,,,,,C,Y,N,D,1,0,0,0,21804.0,2,37.45708847045898,-122.2269287109375,4
2018,2018-04-07,1500,4,1,15,6,Y,A,Y,A,H,A,A,01,,09,A,,,,,C,Y,N,D,2,0,0,0,21801.0,2,37.49555206298828,-122.368896484375,3
2018,2018-04-07,350,4,1,3,6,N,C,Y,B,H,C,A,01,S,08,E,,,,,I,Y,N,D,1,0,0,0,22107.0,1,37.64430618286133,-122.4484634399414,4
2018,2018-04-07,15,4,1,0,6,N,C,Y,B,H,C,A,01,S,08,E,,,,,I,Y,N,D,1,0,0,0,22107.0,1,37.668899536132805,-122.4657745361328,4
2018,2018-04-16,1120,4,1,11,1,N,B,Y,B,H,A,D,23,N,08,C,,,,,E,Y,N,D,2,0,0,0,22107.0,2,37.48372650146485,-122.29886627197266,3
2018,2018-04-11,1655,4,1,16,3,N,A,Y,A,H,A,A,01,S,03,C,,,,,C,Y,N,D,1,0,0,0,22350.0,2,37.539016723632805,-122.28265380859376,4
2020,2020-02-27,2139,2,4,21,4,N,A,Y,A,H,C,A,01,S,01,C,,,,,C,N,N,A,3,0,0,0,23152.0,3,37.55210876464844,-122.3140106201172,4
2018,2018-04-09,1414,4,1,14,1,N,A,Y,A,H,A,A,01,S,03,C,,,,,C,N,N,D,1,0,0,0,22350.0,4,37.69304275512695,-122.47055053710938,4
2018,2018-04-17,853,4,1,8,2,N,A,Y,A,H,A,A,07,N,04,C,,,,,C,N,N,D,1,0,0,0,21703.0,3,,,4
2018,2018-04-09,1540,4,1,15,1,N,A,Y,A,H,A,A,01,S,05,A,,,,,C,Y,N,D,1,0,0,0,21651.0,2,37.66817855834961,-122.4855728149414,3
2020,2020-02-16,1259,2,4,12,7,Y,A,Y,A,H,A,A,01,,09,D,,,,,C,Y,N,A,1,0,0,0,21801.0,2,37.57579803466797,-122.34778594970705,3
2020,2020-02-25,1414,2,4,14,2,Y,A,Y,A,H,A,A,07,,09,A,,,,,C,Y,N,A,1,0,0,0,21801.0,2,37.57514190673828,-122.34529113769533,3
2018,2018-04-08,1130,4,1,11,7,N,A,N,A,H,A,L,04,W,08,E,,Y,,,I,N,N,A,1,0,1,0,22107.0,1,37.413570404052734,-122.19370269775392,3
2018,2018-04-10,1332,4,1,13,2,N,A,Y,A,A,A,C,02,N,03,F,,,Y,,A,Y,N,D,1,0,0,1,22350.0,1,37.65489959716797,-122.40727996826172,2
2018,2018-04-18,820,4,1,8,3,N,B,Y,A,H,A,A,01,S,03,C,,,,,C,Y,N,D,2,0,0,0,22350.0,4,37.49190902709961,-122.22042083740234,4
2018,2018-04-11,1624,4,1,16,3,N,B,Y,A,H,A,-,99,S,07,E,,,,,I,N,F,D,1,0,0,0,21658.0,2,37.61272811889648,-122.39639282226562,3
2018,2018-04-12,1812,4,1,18,4,N,A,Y,A,H,A,A,01,N,03,C,,,,,C,Y,N,D,1,0,0,0,22350.0,3,37.63068771362305,-122.43514251708984,3
2020,2020-02-16,2153,2,4,21,7,N,A,Y,A,H,C,A,01,N,08,E,,,,,I,Y,N,D,1,0,0,0,22107.0,1,37.60902404785156,-122.49471282958984,3
2018,2018-04-08,1515,4,1,15,7,N,A,N,A,H,A,A,01,S,01,E,,,,,I,Y,N,D,2,0,0,0,23152.0,1,37.344852447509766,-122.2283172607422,2
2018,2018-04-13,740,4,1,7,5,N,A,Y,A,H,A,A,07,S,08,F,,,,,J,N,N,D,1,0,0,0,22107.0,1,37.55954360961913,-122.51380920410156,3
2018,2018-04-11,850,4,1,8,3,N,B,Y,A,H,A,A,07,N,03,C,,,,,C,N,N,D,2,0,0,0,22350.0,2,37.67465591430664,-122.38922119140624,4
2018,2018-04-15,1931,4,1,19,7,N,B,Y,B,H,A,A,01,W,03,E,,,,,I,N,N,D,1,0,0,0,22350.0,1,,,4
2020,2020-06-08,1220,6,2,12,1,N,A,Y,A,H,A,A,01,N,04,C,,,,,C,Y,N,A,1,0,0,0,21703.0,2,37.48808288574219,-122.44959259033205,3
2018,2018-04-11,810,4,1,8,3,N,A,Y,A,H,A,A,01,S,03,C,,,,,C,Y,N,D,2,0,0,0,22350.0,4,,,4
2018,2018-04-15,935,4,1,9,7,N,A,Y,A,H,A,C,02,N,03,H,,,Y,,A,Y,N,D,1,0,0,1,22350.0,1,37.42497634887695,-122.31381225585938,4
2018,2018-04-15,2135,4,1,21,7,N,B,Y,B,H,C,A,01,N,08,E,,,,,I,Y,N,D,1,0,0,0,22107.0,1,37.585975646972656,-122.33111572265624,4
2018,2018-04-17,738,4,1,7,2,N,A,Y,A,H,A,D,22,E,03,C,,,,,C,N,N,D,1,0,0,0,22350.0,2,37.57743835449219,-122.25839233398438,4
2018,2018-04-17,1113,4,1,11,2,N,B,Y,A,H,A,C,02,,08,F,,,Y,,A,Y,N,D,1,0,0,1,22107.0,1,37.552154541015625,-122.30922698974608,4
2017,2017-10-31,2500,10,3,25,2,N,A,Y,A,H,D,A,01,S,08,E,,,,,I,Y,N,D,0,0,0,0,22107.0,1,37.39293831,-122.288879,1
2018,2018-04-20,1230,4,1,12,5,N,B,Y,A,H,A,A,01,W,03,C,,,,,C,Y,N,D,3,0,0,0,22350.0,4,37.47604751586913,-122.41779327392578,3
2020,2020-01-03,0,1,4,0,5,N,A,Y,A,H,C,-,,W,04,C,,,,,C,N,N,A,1,0,0,0,21703.0,2,37.68994903564453,-122.47030639648438,3
2018,2018-04-13,100,4,1,1,5,N,A,Y,A,H,C,A,01,,01,E,,,,,I,Y,N,D,1,0,0,0,23152.0,1,37.51399993896485,-122.25608825683594,4
2018,2018-04-19,735,4,1,7,4,N,A,Y,A,H,A,A,01,N,08,E,,,,,I,Y,N,D,1,0,0,0,22107.0,1,37.40916061401367,-122.19676208496094,3
2020,2020-06-13,1147,6,2,11,6,N,A,Y,A,H,A,A,01,S,03,C,,,,,C,N,N,D,1,0,0,0,22350.0,2,37.43317413330078,-122.24568176269533,3
2018,2018-04-21,800,4,1,8,6,N,A,Y,A,H,A,A,01,N,03,C,,,,,C,Y,N,A,2,0,0,0,22350.0,2,37.486629486083984,-122.14257049560548,3
2018,2018-03-20,1811,3,1,18,2,N,A,N,A,H,A,A,01,W,08,D,,,,,C,N,N,D,2,0,0,0,22107.0,3,37.471355438232415,-122.20613861083984,4
2020,2020-06-19,900,6,2,9,5,Y,A,Y,A,H,A,A,01,,10,G,Y,,,,B,N,F,A,1,1,0,0,21950.0,2,37.59850311279297,-122.38741302490234,3
2018,2018-04-17,800,4,1,8,2,N,A,Y,A,H,A,D,22,N,03,C,,,,,C,Y,N,D,1,0,0,0,22350.0,4,37.48436737060546,-122.18414306640624,4
2018,2018-04-18,1445,4,1,14,3,N,A,Y,A,H,A,A,01,S,03,C,,,,,C,N,N,D,1,0,0,0,22350.0,4,37.46626663208008,-122.15097045898438,4
2020,2020-06-01,1307,6,2,13,1,N,A,Y,A,H,A,A,01,N,21,C,,,,,C,N,N,A,1,0,0,0,22106.0,2,37.6141014099121,-122.4869384765625,3
2018,2018-04-18,1600,4,1,16,3,N,A,Y,A,H,A,A,08,S,03,C,,,,,C,N,N,D,1,0,0,0,22350.0,2,37.682071685791016,-122.47261810302734,3
2018,2018-04-24,1030,4,1,10,2,N,A,Y,A,H,A,C,02,N,03,C,,,Y,,C,N,N,A,1,0,0,1,22350.0,2,37.556884765625,-122.29961395263672,4
2020,2020-02-07,2209,2,4,22,5,Y,A,Y,A,H,C,A,01,,03,C,,,,,C,N,N,A,1,0,0,0,22350.0,2,37.63500595092773,-122.42029571533205,4
2018,2018-03-02,1330,3,1,13,5,N,C,Y,B,H,A,-,99,S,07,B,,,,,C,Y,M,D,1,0,0,0,21658.0,2,37.65624237060546,-122.45903778076172,4
2020,2020-02-26,1041,2,4,10,3,Y,A,N,A,H,A,J,48,,10,G,Y,,,,B,N,N,A,1,1,0,0,21950.0,2,37.487468719482415,-122.23018646240234,3
2018,2018-04-20,2330,4,1,23,5,N,A,Y,A,H,D,A,07,E,03,C,,,,,C,Y,N,D,3,0,0,0,22350.0,3,37.58022689819336,-122.255126953125,4
2018,2018-04-19,655,4,1,6,4,N,A,Y,A,H,A,-,99,S,03,C,,,,,C,Y,F,A,1,0,0,0,22350.0,2,37.66389465332031,-122.39904022216795,3
2018,2018-04-20,1540,4,1,15,5,N,A,Y,A,H,A,A,01,N,03,C,,,,,D,N,N,D,1,0,0,0,22350.0,2,37.615699768066406,-122.39828491210938,3
2018,2018-04-22,1100,4,1,11,7,N,A,Y,A,H,A,A,01,S,03,C,,,,,C,Y,N,D,2,0,0,0,22350.0,4,37.547805786132805,-122.29071044921876,4
2018,2018-04-15,1921,4,1,19,7,N,B,Y,B,H,B,A,01,S,03,A,,,,,C,Y,N,D,1,0,0,0,22350.0,5,37.56856918334961,-122.31160736083984,4
2018,2018-04-21,1015,4,1,10,6,Y,A,Y,A,H,A,A,01,,03,E,,,,,I,Y,N,D,1,0,0,0,22350.0,1,37.42496109008789,-122.31383514404295,3
2018,2018-04-14,704,4,1,7,6,N,A,Y,A,H,A,A,07,S,07,B,,,,,C,Y,N,D,2,0,0,0,21658.0,2,37.62757110595703,-122.43142700195312,4
2018,2018-04-21,115,4,1,1,6,N,A,Y,A,H,D,A,07,S,08,F,,,,,A,Y,N,D,2,0,0,0,22107.0,1,37.70512008666992,-122.39296722412108,4
2018,2018-04-22,530,4,1,5,7,N,A,Y,A,H,C,A,01,S,01,B,,,,Y,C,Y,N,D,1,0,0,0,23152.0,2,37.4663200378418,-122.15065002441406,4
2018,2018-04-06,110,4,1,1,5,N,A,Y,A,H,D,A,01,S,01,C,,,,,C,Y,N,D,2,0,0,0,23152.0,2,37.5140495300293,-122.25611877441406,4
2018,2018-04-21,852,4,1,8,6,Y,A,Y,A,H,A,A,01,,09,D,,,,,C,N,N,A,1,0,0,0,21802.0,2,37.52688217163086,-122.51280212402344,4
2018,2018-04-25,1720,4,1,17,3,N,A,Y,A,H,A,A,01,S,03,C,,,,,C,N,N,D,2,0,0,0,22350.0,3,37.53783798217773,-122.28157806396484,4
2018,2018-04-25,1821,4,1,18,3,N,A,Y,A,H,A,A,01,N,07,C,,,,,C,Y,N,D,1,0,0,0,21658.0,4,37.46891021728516,-122.15543365478516,4
2018,2018-04-25,1050,4,1,10,3,N,A,N,A,H,A,A,07,N,09,D,,Y,,,G,Y,N,D,1,0,1,0,21801.0,2,37.47864532470703,-122.31099700927734,3
2020,2020-02-25,1930,2,4,19,2,Y,A,N,A,H,C,A,01,,08,C,,,,,C,N,M,A,1,0,0,0,22107.0,2,37.52098846435546,-122.27527618408205,4
2018,2018-04-26,1815,4,1,18,4,N,A,Y,A,H,A,A,01,N,08,B,,,,,C,Y,N,D,1,0,0,0,22107.0,2,37.496936798095696,-122.23538208007812,4
2018,2018-04-22,1230,4,1,12,7,N,A,Y,A,H,A,A,01,S,07,B,,,Y,,C,N,N,D,1,0,0,1,21658.0,2,,,3
2018,2018-04-22,1740,4,1,17,7,N,A,Y,A,H,A,A,07,S,08,C,,,,,C,N,N,D,2,0,0,0,22107.0,3,37.56771087646485,-122.31044769287108,3
2019,2019-12-08,1339,12,4,13,7,Y,A,Y,A,H,A,L,04,,11,D,,Y,,,G,N,N,A,1,0,1,0,21456.0,2,37.462669372558594,-122.1418685913086,4
2019,2019-11-04,1915,11,3,19,1,N,A,Y,A,H,B,A,01,S,03,C,,,,,C,N,N,A,1,0,0,0,22350.0,2,37.636863708496094,-122.42137908935548,4
2020,2020-02-18,1758,2,4,17,2,N,A,Y,A,H,D,A,08,S,04,C,,,,,C,Y,N,D,3,0,0,0,21703.0,4,37.60983657836913,-122.43375396728516,3
2018,2018-04-27,1805,4,1,18,5,N,A,Y,A,H,A,D,22,N,03,C,,,,,C,N,N,D,1,0,0,0,22350.0,3,37.497108459472656,-122.2353973388672,4
2018,2018-04-21,1450,4,1,14,6,N,A,Y,A,H,A,A,07,S,09,C,,,,,C,N,N,D,1,0,0,0,21801.0,2,37.474456787109375,-122.20804595947266,4
2018,2018-04-29,1320,4,1,13,7,N,A,Y,A,H,A,D,22,S,03,C,,,,,C,Y,N,D,3,0,0,0,22350.0,3,37.54851150512695,-122.29139709472656,4
2018,2018-04-21,200,4,1,2,6,N,A,Y,A,H,D,A,01,N,01,E,,,,,J,Y,N,D,1,0,0,0,23152.0,2,37.500221252441406,-122.32360076904295,4
2018,2018-04-27,1835,4,1,18,5,N,A,Y,A,H,A,D,22,S,03,C,,,,,C,N,N,D,2,0,0,0,22350.0,4,37.530086517333984,-122.36042022705078,4
2018,2018-04-28,920,4,1,9,6,N,A,Y,A,H,A,A,01,N,08,E,,,,,I,Y,N,D,1,0,0,0,22107.0,1,37.60742950439453,-122.38759613037108,3
2018,2018-04-28,2300,4,1,23,6,N,A,Y,A,H,D,A,01,N,01,E,,,,,I,Y,N,D,1,0,0,0,23152.0,1,37.5547981262207,-122.29810333251952,4
2018,2018-04-27,1800,4,1,18,5,N,A,Y,A,H,A,A,01,S,01,E,,,,,I,Y,N,D,1,0,0,0,23152.0,1,37.54578399658203,-122.3713607788086,2
2018,2018-01-20,2500,1,4,25,6,N,A,Y,A,H,D,A,01,N,01,E,,,,,I,Y,N,D,0,0,0,0,23152.0,1,37.3404655456543,-122.39491271972656,1
2018,2018-04-29,1400,4,1,14,7,N,A,Y,A,H,A,C,02,N,08,E,,,Y,,I,N,N,D,1,0,0,1,22107.0,1,37.40433120727539,-122.30109405517578,4
2020,2020-02-28,1,2,4,0,5,Y,A,Y,A,H,C,A,01,,07,E,,,,,I,N,N,-,1,0,0,0,21658.0,1,37.434669494628906,-122.24469757080078,2
2018,2018-04-26,825,4,1,8,4,N,B,Y,A,H,A,A,01,W,08,E,,,,,I,Y,N,D,1,0,0,0,22107.0,1,37.62985229492188,-122.42704010009766,2
2018,2018-05-01,1625,5,1,16,2,N,A,Y,A,H,A,A,01,S,03,C,,,,,C,N,N,D,1,0,0,0,22350.0,2,37.49169158935546,-122.2199935913086,4
2020,2020-02-26,804,2,4,8,3,Y,A,N,A,H,A,A,01,,09,D,,,,,C,Y,N,D,3,0,0,0,21801.0,2,37.64896011352539,-122.46311950683594,2
2020,2020-02-15,1504,2,4,15,6,N,A,N,A,H,A,A,01,E,21,D,,,,,C,Y,N,D,1,0,0,0,22106.0,3,37.65333938598633,-122.4155502319336,2
2018,2018-05-02,830,5,1,8,3,N,A,Y,A,H,A,A,01,E,07,B,,,Y,,C,Y,N,D,1,0,0,1,21658.0,2,37.56394958496094,-122.2732391357422,4
2018,2018-04-27,1835,4,1,18,5,N,A,Y,A,H,A,A,01,N,07,B,,,Y,,C,N,N,D,1,0,0,1,21658.0,3,,,4
2018,2018-04-24,1750,4,1,17,2,N,A,Y,A,H,A,A,01,S,03,C,,,,,C,Y,N,D,1,0,0,0,22350.0,3,37.48744583129882,-122.20430755615234,3
2018,2018-04-30,840,4,1,8,1,N,A,Y,A,H,A,F,27,N,03,C,,,,Y,C,Y,N,D,1,0,0,0,22350.0,3,37.49259948730469,-122.22199249267578,4
2018,2018-05-03,1535,5,1,15,4,N,A,Y,A,H,A,D,22,S,03,C,,,,,C,Y,N,D,1,0,0,0,22350.0,6,37.46565628051758,-122.14952850341795,3
2018,2018-05-05,235,5,1,2,6,N,A,Y,A,H,C,A,01,N,01,B,,,,,C,Y,N,D,1,0,0,0,23152.0,2,37.49764251708984,-122.13053894042967,3
2018,2018-04-30,1353,4,1,13,1,N,A,Y,A,H,A,F,26,N,03,C,,,,Y,C,Y,N,D,2,0,0,0,22350.0,3,37.6267967224121,-122.40179443359376,3
2018,2018-04-29,530,4,1,5,7,N,A,Y,A,H,B,-,99,S,03,C,,,,,C,Y,F,D,1,0,0,0,22350.0,2,37.61421585083008,-122.39733123779295,3
2018,2018-04-28,925,4,1,9,6,Y,B,Y,A,H,A,A,07,,09,D,,,,,C,Y,N,D,2,0,0,0,21802.0,2,37.324565887451165,-122.39987182617188,4