ACCIDENT_YEAR,COLLISION_DATE,COLLISION_TIME,MONTH,SEASON,24HOURS,DAY_OF_WEEK,INTERSECTION,WEATHER_1,STATE_HWY_IND,ROAD_SURFACE,ROAD_COND_1,LIGHTING,STWD_VEHTYPE_AT_FAULT,CHP_VEHTYPE_AT_FAULT,DIRECTION,PCF_VIOL_CATEGORY,TYPE_OF_COLLISION,PEDESTRIAN_ACCIDENT,BICYCLE_ACCIDENT,MOTORCYCLE_ACCIDENT,TRUCK_ACCIDENT,MVIW,TOW_AWAY,HIT_AND_RUN,CONTROL_DEVICE,NUMBER_INJURED,COUNT_PED_INJURED,COUNT_BICYCLIST_INJURED,COUNT_MC_INJURED,PCF_VIOLATION,PARTY_COUNT,POINT_Y,POINT_X,COLLISION_SEVERITY
2018,2018-09-08,1300,9,3,13,6,N,A,N,A,H,A,L,04,N,03,E,,Y,,,I,N,N,D,1,0,1,0,22350.0,1,37.43179321289063,-122.20152282714844,4
2018,2018-09-02,1345,9,3,13,7,N,B,Y,A,H,A,C,02,S,06,B,,,Y,,C,Y,N,D,1,0,0,1,21750.0,2,37.396026611328125,-122.41477966308594,4
2018,2018-09-10,924,9,3,9,1,N,A,Y,A,H,A,A,01,N,03,C,,,,,C,Y,N,D,1,0,0,0,22350.0,2,37.58744430541992,-122.35410308837892,4
2018,2018-08-25,1105,8,2,11,6,Y,A,N,A,H,A,D,22,,01,C,,,,,E,Y,N,D,1,0,0,0,23152.0,2,37.48102951049805,-122.13894653320312,4
2018,2018-09-02,2247,9,3,22,7,N,E,Y,A,H,D,A,01,E,05,A,,,,,C,Y,N,D,1,0,0,0,21460.0,2,37.49694442749024,-122.3625946044922,4
2018,2018-09-05,1710,9,3,17,3,N,A,Y,A,H,A,A,01,N,03,C,,,,,C,Y,F,D,1,0,0,0,22350.0,3,37.58367538452149,-122.32807159423828,4
2018,2018-09-06,1239,9,3,12,4,N,A,Y,A,H,A,C,02,S,08,C,,,Y,,C,Y,N,D,1,0,0,1,22107.0,2,37.501079559326165,-122.32940673828124,2
2018,2018-09-11,935,9,3,9,2,N,A,Y,A,H,A,A,01,S,03,C,,,,,C,Y,N,D,1,0,0,0,22350.0,3,37.550289154052734,-122.29282379150392,4
2018,2018-09-05,1530,9,3,15,3,N,A,Y,A,H,A,A,07,N,03,C,,,,,C,N,N,D,1,0,0,0,22350.0,2,37.51615524291992,-122.25852966308594,4
2018,2018-09-07,810,9,3,8,5,N,A,Y,A,H,A,A,01,N,07,B,,,,,C,Y,N,D,2,0,0,0,21658.0,3,37.59328842163086,-122.36639404296876,3
2018,2018-06-22,1640,6,2,16,5,N,A,N,A,H,A,C,02,W,05,F,,,Y,,A,Y,N,D,0,0,0,0,21460.0,2,37.26726531982422,-122.3227081298828,1
2018,2018-09-05,1750,9,3,17,3,N,A,Y,A,H,A,A,01,E,03,C,,,,,C,Y,N,D,1,0,0,0,22350.0,2,37.559616088867195,-122.2799835205078,4
2018,2018-08-20,1705,8,2,17,1,N,A,Y,A,H,A,D,22,S,03,C,,,,,C,N,M,A,1,0,0,0,22350.0,2,,,4
2018,2018-09-07,1010,9,3,10,5,N,A,Y,A,H,A,A,01,N,07,B,,,Y,,C,Y,N,D,1,0,0,1,21658.0,2,37.55339813232422,-122.29598236083984,4
2018,2018-09-11,1600,9,3,16,2,N,A,Y,A,H,A,A,01,N,03,C,,,,,C,Y,N,D,1,0,0,0,22350.0,3,37.4873046875,-122.1415557861328,4
2018,2018-09-11,610,9,3,6,2,N,B,Y,A,H,A,-,99,S,08,G,Y,,,,B,N,F,A,1,1,0,0,22107.0,2,37.50520324707031,-122.48112487792967,3
2020,2020-03-15,2230,3,1,22,7,Y,A,N,B,G,C,A,01,,01,G,Y,,,,B,N,N,A,1,1,0,0,23153.0,2,37.5732307434082,-122.31137084960938,3
2020,2020-03-16,1552,3,1,15,1,Y,A,N,A,H,A,A,01,,09,D,,,,,C,N,N,A,1,0,0,0,21800.0,2,37.57094955444336,-122.32427215576172,3
2020,2020-03-11,1752,3,1,17,3,N,A,N,A,H,A,A,07,S,09,D,,,,,C,Y,N,D,2,0,0,0,21804.0,2,37.56851577758789,-122.32549285888672,3
2020,2020-03-15,1753,3,1,17,7,Y,C,N,B,H,A,A,01,,09,D,,,,,C,N,N,A,1,0,0,0,21802.0,5,37.572208404541016,-122.32917785644533,3
2018,2018-09-12,916,9,3,9,3,N,A,Y,A,H,A,C,02,,08,B,,,Y,,C,Y,N,D,1,0,0,1,22107.0,2,37.52634811401367,-122.27032470703124,3
2018,2018-09-08,1745,9,3,17,6,N,A,Y,A,H,A,A,07,N,08,E,,,,,I,Y,N,D,1,0,0,0,22107.0,2,37.47474670410156,-122.2980499267578,4
2018,2018-09-14,1645,9,3,16,5,N,A,Y,A,H,A,D,22,N,01,C,,,,,C,Y,N,D,2,0,0,0,23152.0,3,37.58614349365234,-122.33151245117188,4
2018,2018-09-06,143,9,3,1,4,N,A,Y,A,H,D,A,01,N,01,F,,,,,I,Y,N,D,1,0,0,0,23152.0,1,,,2
2018,2018-09-14,2214,9,3,22,5,N,A,Y,A,H,C,A,07,S,01,E,,,,,I,Y,N,D,1,0,0,0,23152.0,1,37.511810302734375,-122.25357055664062,4
2018,2018-09-06,1540,9,3,15,4,N,A,Y,A,H,A,A,01,S,03,C,,,,,C,Y,N,D,1,0,0,0,22350.0,2,,,4
2018,2018-09-05,1556,9,3,15,3,N,A,Y,A,H,A,A,01,N,03,C,,,,,C,N,N,D,1,0,0,0,22350.0,2,37.655628204345696,-122.40714263916016,4
2018,2018-09-10,1542,9,3,15,1,N,A,Y,A,H,A,A,01,E,08,E,,,,,I,Y,N,D,1,0,0,0,22107.0,1,37.48868179321289,-122.2102279663086,3
2018,2018-09-11,2122,9,3,21,2,N,A,Y,A,H,D,-,99,N,07,C,,,,,C,N,M,D,1,0,0,0,21658.0,2,37.47140502929688,-122.1593017578125,4
2018,2018-09-11,635,9,3,6,2,N,B,Y,A,H,A,A,01,W,08,E,,,,,I,N,N,D,1,0,0,0,22107.0,1,37.485721588134766,-122.37158203125,4
2020,2020-01-09,1645,1,4,16,4,-,A,N,A,H,A,A,01,W,08,B,,,,,C,N,N,D,1,0,0,0,22107.0,2,37.47317886352539,-122.14724731445312,3
2018,2018-09-06,2300,9,3,23,4,N,A,Y,A,H,D,D,22,S,01,F,,,,,A,Y,N,D,1,0,0,0,23152.0,1,37.59077072143555,-122.50397491455078,3
2018,2018-09-13,1829,9,3,18,4,N,A,N,A,H,A,-,- ,W,18,F,,Y,,,A,N,N,D,1,0,1,0,,1,37.400169372558594,-122.19257354736328,3
2018,2018-09-11,1940,9,3,19,2,N,A,Y,A,H,C,A,07,N,01,C,,,,,C,Y,N,D,2,0,0,0,23152.0,2,37.49612808227539,-122.45799255371094,3
2018,2018-09-07,1530,9,3,15,5,N,A,Y,A,H,A,H,16,N,03,C,,,,,C,N,N,D,1,0,0,0,22350.0,2,37.64872741699219,-122.45152282714844,4
2018,2018-09-13,1015,9,3,10,4,N,A,Y,A,H,A,A,01,S,03,C,,,,,C,N,N,D,1,0,0,0,22350.0,2,37.46052169799805,-122.14083862304688,4
2018,2018-09-09,2100,9,3,21,7,N,A,Y,A,H,D,D,22,N,01,E,,,,,I,Y,N,D,1,0,0,0,23152.0,1,37.495391845703125,-122.45608520507812,3
2018,2018-09-14,1715,9,3,17,5,N,A,Y,A,H,A,A,07,N,03,C,,,,,C,Y,N,D,2,0,0,0,22350.0,3,37.57463455200195,-122.31797027587892,4
2018,2018-09-14,935,9,3,9,5,N,B,Y,A,H,A,A,01,S,03,C,,,,,C,Y,N,D,1,0,0,0,22350.0,2,37.58218383789063,-122.32615661621094,4
2018,2018-09-13,830,9,3,8,4,N,A,N,A,H,A,D,22,E,09,D,,,Y,,C,Y,N,A,1,0,0,1,21802.0,2,37.54743576049805,-122.37235260009766,3
2020,2020-03-11,1514,3,1,15,3,Y,A,N,A,H,A,D,22,,03,C,,,,,C,N,N,A,1,0,0,0,22350.0,2,37.5706787109375,-122.28221893310548,4
2018,2018-09-11,825,9,3,8,2,N,A,Y,A,H,A,-,99,N,03,C,,,,,C,Y,F,A,1,0,0,0,22350.0,2,37.58731460571289,-122.35263824462892,4
2018,2018-09-18,1130,9,3,11,2,N,B,Y,A,H,A,A,01,E,03,C,,,,,C,Y,N,D,1,0,0,0,22350.0,2,37.51213836669922,-122.34850311279295,4
2018,2018-09-08,1918,9,3,19,6,N,A,Y,A,H,A,F,26,E,08,A,,,,Y,I,Y,N,D,1,0,0,0,22107.0,1,,,3
2018,2018-09-12,820,9,3,8,3,N,A,Y,A,H,A,C,02,S,06,B,,,Y,,C,Y,N,D,1,0,0,1,21755.0,3,37.45352554321289,-122.12893676757812,3
2018,2018-09-14,1930,9,3,19,5,N,A,Y,A,H,D,A,08,S,03,C,,,,,C,Y,N,D,1,0,0,0,22350.0,3,37.45692443847656,-122.13468933105467,4
2018,2018-09-14,330,9,3,3,5,N,A,Y,A,H,D,A,07,N,08,F,,,,,A,Y,N,D,1,0,0,0,22107.0,1,37.483795166015625,-122.2988510131836,3
2018,2018-09-17,835,9,3,8,1,N,A,Y,A,H,A,A,01,S,07,C,,,,,C,Y,N,D,1,0,0,0,21658.0,2,37.578125,-122.40264129638672,4
2018,2018-08-15,401,8,2,4,3,N,A,Y,A,H,D,N,60,S,11,G,Y,,,,B,Y,N,A,0,0,0,0,21954.0,2,37.6010856628418,-122.37798309326172,1
2018,2018-09-13,1850,9,3,18,4,N,A,N,A,H,B,A,01,S,06,C,,Y,,,G,N,N,D,1,0,1,0,21755.0,2,37.50004196166992,-122.33321380615234,3
2018,2018-09-10,1540,9,3,15,1,N,A,Y,A,H,A,A,07,S,03,C,,,,,C,N,N,A,3,0,0,0,22350.0,2,37.66226959228516,-122.46504974365234,4
2018,2018-09-15,140,9,3,1,6,N,A,Y,A,H,D,A,01,S,01,C,,,,,C,Y,N,D,1,0,0,0,23152.0,2,,,4
2018,2018-09-13,1125,9,3,11,4,N,A,Y,A,H,A,A,07,S,03,C,,,,,C,Y,N,D,1,0,0,0,22350.0,2,37.66296005249024,-122.46407318115234,3
2018,2018-09-20,815,9,3,8,4,N,A,Y,A,H,A,A,01,N,03,C,,,,,C,N,N,A,1,0,0,0,22350.0,3,37.544960021972656,-122.28819274902344,4
2018,2018-09-13,1820,9,3,18,4,N,A,N,A,H,A,A,01,E,08,E,,,,,I,Y,N,D,1,0,0,0,22107.0,1,37.40019226074219,-122.24501037597656,4
2018,2018-09-23,1335,9,3,13,7,N,A,Y,A,H,A,F,55,E,03,C,,,,Y,C,N,N,D,1,0,0,0,22350.0,2,37.567737579345696,-122.26873016357422,3
2018,2018-09-17,1400,9,3,14,1,N,A,Y,A,H,A,A,01,N,03,C,,,,,C,Y,N,D,1,0,0,0,22350.0,2,37.46172332763672,-122.14278411865234,3
2018,2018-09-22,1735,9,3,17,6,N,A,Y,A,H,A,A,01,S,03,C,,,,,C,Y,N,D,3,0,0,0,22350.0,3,37.50580596923828,-122.24676513671876,3
2018,2018-09-24,530,9,3,5,1,N,A,Y,A,H,E,A,07,S,08,E,,,,,I,Y,N,D,1,0,0,0,22107.0,1,37.50323486328125,-122.24388885498048,4
2018,2018-09-24,1806,9,3,18,1,Y,A,N,A,H,A,A,01,,09,D,,,,,C,Y,N,D,3,0,0,0,21802.0,2,37.57339096069336,-122.39643096923828,3
2018,2018-06-23,2050,6,2,20,6,N,A,Y,A,H,A,A,01,E,06,B,,,,,C,Y,N,D,0,0,0,0,21755.0,3,37.63428115844727,-122.4169464111328,1
2018,2018-09-17,950,9,3,9,1,N,A,Y,A,H,A,-,- ,N,07,B,,,,,C,N,N,D,1,0,0,0,21658.0,2,,,3
2020,2020-02-10,1641,2,4,16,1,Y,A,N,A,H,A,A,01,,10,D,Y,,,,B,N,N,A,1,1,0,0,21950.0,2,37.471771240234375,-122.13706970214844,3
2018,2018-09-21,1640,9,3,16,5,N,A,Y,A,H,A,A,01,N,03,C,,,,,C,Y,F,D,1,0,0,0,22350.0,4,37.59085464477539,-122.36265563964844,4
2020,2020-03-11,1635,3,1,16,3,Y,A,N,A,H,A,A,07,,03,C,,,,,C,N,N,A,1,0,0,0,22350.0,2,37.50661849975586,-122.28646850585938,4
2020,2020-03-13,845,3,1,8,5,N,A,N,A,H,A,A,01,E,08,C,,Y,,,G,N,N,D,1,0,1,0,22107.0,2,37.51242446899414,-122.25733184814452,3
2018,2018-09-18,805,9,3,8,2,N,A,Y,A,H,A,-,99,N,03,C,,,,,C,Y,F,D,1,0,0,0,22350.0,2,37.60874176025391,-122.39015197753906,4
2020,2020-03-26,1017,3,1,10,4,Y,A,Y,A,H,A,A,01,,12,D,,,,,C,Y,N,A,1,0,0,0,21453.0,2,37.43502807617188,-122.244140625,3
2018,2018-09-18,1710,9,3,17,2,N,A,Y,A,H,A,A,01,S,03,C,,,,,C,Y,N,D,1,0,0,0,22350.0,2,37.66323852539063,-122.3997802734375,4
2018,2018-09-18,1730,9,3,17,2,N,A,Y,A,H,A,A,01,N,03,C,,,,,C,N,N,D,2,0,0,0,22350.0,2,37.66295623779297,-122.40052795410156,4
2018,2018-09-19,1725,9,3,17,3,N,A,Y,A,H,A,A,01,S,03,C,,,,,C,Y,N,D,2,0,0,0,22350.0,3,37.663455963134766,-122.39947509765624,4
2018,2018-09-19,834,9,3,8,3,N,A,Y,A,H,A,A,01,S,07,C,,,,,C,Y,N,D,2,0,0,0,21658.0,3,37.70230102539063,-122.47147369384766,3
2018,2018-09-19,743,9,3,7,3,N,A,Y,A,H,A,C,02,N,08,C,,,Y,,C,Y,N,D,1,0,0,1,22107.0,2,37.545860290527344,-122.28887939453124,3
2018,2018-09-19,805,9,3,8,3,N,A,Y,A,H,A,A,01,N,03,C,,,,,C,N,N,D,2,0,0,0,22350.0,2,37.646297454833984,-122.45038604736328,4
2020,2020-03-12,1850,3,1,18,4,N,A,N,A,H,A,-,- ,S,00,G,Y,,,,B,N,N,D,1,1,0,0,,2,37.47430038452149,-122.21883392333984,3
2018,2018-09-24,910,9,3,9,1,N,A,Y,A,H,A,C,02,N,03,B,,,Y,,C,Y,N,D,1,0,0,1,22350.0,2,37.45808410644531,-122.13702392578124,3
2019,2019-10-30,822,10,3,8,3,N,A,N,A,H,A,-,,S,21,G,Y,,,,B,N,N,D,1,1,0,0,22106.0,2,37.46694946289063,-122.13022613525392,3
2020,2020-03-06,2009,3,1,20,5,Y,A,N,A,H,C,A,01,,08,A,,,,,C,Y,N,A,1,0,0,0,22107.0,2,37.48448944091797,-122.23301696777344,3
2020,2020-02-28,1515,2,4,15,5,Y,A,N,A,H,A,-,,,08,H,,Y,,,G,N,F,D,1,0,1,0,22107.0,2,37.47380065917969,-122.21826171875,3
2018,2018-09-21,1313,9,3,13,5,N,A,Y,A,H,A,C,02,N,08,F,,,Y,,A,Y,N,D,1,0,0,1,22107.0,1,37.6329345703125,-122.43765258789062,2
2020,2020-02-18,806,2,4,8,2,N,A,N,A,H,A,L,04,N,08,H,,Y,,,G,N,N,D,1,0,1,0,22107.0,2,37.48668670654297,-122.21188354492188,3
2018,2018-09-26,1844,9,3,18,3,N,A,Y,A,H,B,C,02,N,03,B,,,Y,,C,Y,N,D,1,0,0,1,22350.0,2,37.42177963256836,-122.22511291503906,3
2018,2018-09-23,1510,9,3,15,7,N,A,Y,A,H,A,A,01,S,03,C,,,,,C,Y,N,D,1,0,0,0,22350.0,3,37.550071716308594,-122.29287719726562,3
2018,2018-09-25,1022,9,3,10,2,N,A,Y,A,H,A,A,01,S,07,B,,,,,C,Y,N,D,1,0,0,0,21658.0,2,37.49614715576172,-122.23279571533205,4
2018,2018-09-26,1830,9,3,18,3,N,A,Y,A,H,B,D,22,E,03,C,,,,,C,N,N,D,2,0,0,0,22350.0,2,37.512161254882805,-122.3483657836914,4
2020,2020-03-02,959,3,1,9,1,Y,A,N,A,H,A,A,01,,09,D,,,,,C,Y,N,D,1,0,0,0,21800.0,3,37.4816780090332,-122.2230224609375,3
2020,2020-03-14,1200,3,1,12,6,Y,C,N,B,H,A,A,01,,09,G,Y,,,,B,N,N,D,1,1,0,0,21802.0,2,37.453372955322266,-122.22940826416016,3
2019,2019-12-03,1740,12,4,17,2,Y,A,N,A,H,B,A,01,,09,D,,,,,C,Y,N,A,1,0,0,0,21800.0,2,37.47127914428711,-122.1497802734375,4
2020,2020-03-13,2019,3,1,20,5,Y,A,N,A,H,D,A,01,,09,H,,Y,,,G,N,N,D,1,0,1,0,21801.0,2,37.47174072265625,-122.2348403930664,3
2018,2018-09-05,1615,9,3,16,3,N,A,Y,A,H,A,-,99,N,07,B,,,,,C,Y,N,D,1,0,0,0,21658.0,4,37.46907424926758,-122.1557159423828,4
2020,2020-03-05,751,3,1,7,4,Y,B,N,A,H,A,-,,,12,H,,,,,G,N,N,A,2,0,0,0,21453.0,2,37.48451614379882,-122.23301696777344,3
2018,2018-09-21,736,9,3,7,5,N,A,Y,A,H,A,A,01,W,07,B,,,,,C,Y,N,D,1,0,0,0,21658.0,2,37.62923049926758,-122.42692565917967,4
2018,2018-09-26,1810,9,3,18,3,N,A,Y,A,H,A,A,01,E,07,B,,,Y,,C,Y,N,D,1,0,0,1,21658.0,2,37.55973052978516,-122.2793426513672,3
2018,2018-09-28,1715,9,3,17,5,N,A,Y,A,D,A,A,01,N,03,C,,,,,C,Y,N,D,1,0,0,0,22350.0,2,37.469104766845696,-122.15576934814452,4
2018,2018-09-22,1406,9,3,14,6,N,B,Y,A,H,A,A,01,S,03,C,,,,,C,Y,N,D,2,0,0,0,22350.0,2,37.6743278503418,-122.46865844726562,4
2018,2018-09-29,1910,9,3,19,6,N,A,Y,A,H,D,A,07,S,03,C,,,,,C,Y,N,D,1,0,0,0,22350.0,3,37.47959899902344,-122.1738052368164,3
2018,2018-09-27,1333,9,3,13,4,N,A,Y,A,H,A,A,01,N,03,C,,,,,C,N,N,D,1,0,0,0,22350.0,3,37.45452880859375,-122.13098907470705,4
2018,2018-09-29,940,9,3,9,6,N,A,Y,A,H,A,D,22,S,08,A,,,,,I,Y,N,D,1,0,0,0,22107.0,1,37.58953094482422,-122.3606185913086,4
2018,2018-09-30,1335,9,3,13,7,N,A,Y,A,H,A,A,01,N,03,C,,,,,C,Y,N,D,2,0,0,0,22350.0,4,37.54470443725586,-122.28780364990234,4
2018,2018-09-05,1840,9,3,18,3,N,A,Y,A,H,A,A,01,N,03,C,,,,,C,Y,N,D,2,0,0,0,22350.0,4,37.48435974121094,-122.18413543701172,4
2018,2018-10-02,609,10,3,6,2,N,B,Y,B,H,D,-,99,S,08,B,,,,,C,Y,F,A,1,0,0,0,22107.0,2,37.559906005859375,-122.30196380615234,4
2018,2018-09-23,2040,9,3,20,7,N,A,N,A,H,C,J,49,N,08,F,,,,,A,Y,N,D,1,0,0,0,22107.0,1,37.45814514160156,-122.26778411865234,4
2018,2018-09-27,715,9,3,7,4,N,A,Y,A,H,A,I,10,N,03,C,,,,,C,N,M,D,1,0,0,0,22350.0,4,37.54793167114258,-122.29083251953124,4
2018,2018-10-02,705,10,3,7,2,N,B,N,B,H,A,A,01,E,03,E,,,,,I,Y,N,D,1,0,0,0,22350.0,1,37.47444534301758,-122.2771224975586,3
2018,2018-09-04,240,9,3,2,2,N,A,Y,A,E,D,A,01,S,01,E,,,,,I,Y,N,A,1,0,0,0,23152.0,1,37.612895965576165,-122.48870086669922,4
2020,2020-03-14,1600,3,1,16,6,Y,B,N,B,H,A,A,01,,08,G,Y,,,,B,N,N,D,1,1,0,0,22107.0,2,37.47593,-122.44516,3
2018,2018-09-28,1520,9,3,15,5,N,A,Y,A,H,A,A,07,N,01,B,,,,,C,Y,N,D,1,0,0,0,23152.0,2,37.5111198425293,-122.25278472900392,3
2018,2018-10-01,1921,10,3,19,1,N,A,Y,A,H,C,A,01,N,01,B,,,,,C,Y,N,D,1,0,0,0,23152.0,3,37.53019332885742,-122.27436065673828,4
2018,2018-09-27,1000,9,3,10,4,N,A,N,A,H,A,-,99,N,05,A,,Y,,,G,N,F,D,1,0,1,0,21650.0,2,37.19012451171875,-122.34085083007812,4
2020,2020-03-21,1417,3,1,14,6,N,A,N,A,H,A,A,01,N,01,A,,,,,I,Y,N,D,1,0,0,0,23152.0,1,37.4997444152832,-122.26937103271484,3
2020,2020-03-12,710,3,1,7,4,N,B,N,A,H,A,A,01,E,09,D,,,Y,,C,Y,N,D,1,0,0,1,21804.0,2,37.49971771240234,-122.24331665039062,2
2018,2018-09-29,1640,9,3,16,6,N,B,Y,A,H,A,A,01,W,05,A,,,,,C,Y,N,D,1,0,0,0,21460.0,3,37.48015975952149,-122.40716552734376,4
2018,2018-09-28,1320,9,3,13,5,N,A,Y,A,H,A,A,01,S,07,B,,,,Y,C,Y,N,D,1,0,0,0,21658.0,2,37.481948852539055,-122.17735290527344,3
2018,2018-09-30,900,9,3,9,7,Y,A,Y,A,H,A,A,07,,09,D,,,Y,,C,Y,N,A,1,0,0,1,21802.0,2,37.495208740234375,-122.45567321777344,2
2020,2020-03-18,1140,3,1,11,3,N,A,N,A,H,A,D,22,N,01,C,,,,,C,Y,N,D,1,0,0,0,23152.0,2,37.50517272949219,-122.26308441162108,3
2020,2020-03-17,748,3,1,7,2,Y,A,N,B,H,A,A,07,,10,G,Y,,,,B,N,N,A,1,1,0,0,21950.0,2,37.59410095214844,-122.39627075195312,3
2018,2018-05-22,2058,5,1,20,2,N,A,Y,A,H,D,-,- ,S,18,E,,,,,I,Y,N,D,0,0,0,0,,1,,,1
2018,2018-09-26,445,9,3,4,3,N,A,Y,A,H,C,A,01,N,07,B,,,,Y,C,Y,N,D,1,0,0,0,21658.0,2,37.65060806274414,-122.40689086914062,4
2018,2018-09-29,240,9,3,2,6,N,A,Y,A,H,D,N,60,S,11,G,Y,,,,B,Y,N,D,1,1,0,0,21954.0,2,37.695838928222656,-122.47007751464844,2
2018,2018-10-02,1910,10,3,19,2,N,A,Y,A,H,D,A,01,N,03,C,,,,,C,Y,N,D,2,0,0,0,22350.0,2,37.491744995117195,-122.22011566162108,3
2018,2018-10-03,1253,10,3,12,3,N,B,Y,A,H,A,A,01,E,03,C,,,,,C,N,N,D,1,0,0,0,22350.0,2,37.55109024047852,-122.3105697631836,4
2018,2018-10-02,1800,10,3,18,2,N,A,Y,A,H,B,A,01,N,08,E,,,,,I,Y,N,D,1,0,0,0,22107.0,1,37.22761917114258,-122.41002655029295,4
2018,2018-10-03,840,10,3,8,3,N,B,Y,A,H,A,-,- ,E,00,B,,,,Y,C,N,N,D,1,0,0,0,,2,37.58642959594727,-122.2484893798828,4
2018,2018-10-05,755,10,3,7,5,N,A,Y,A,H,A,F,55,N,03,C,,,,Y,C,N,N,D,1,0,0,0,22350.0,2,37.50092315673828,-122.2415771484375,4
2018,2018-10-05,740,10,3,7,5,N,A,Y,A,H,A,-,99,N,08,B,,,Y,,C,Y,F,A,1,0,0,1,22107.0,2,37.562965393066406,-122.30530548095705,4
2018,2018-10-04,1900,10,3,19,4,N,B,Y,A,H,B,A,01,S,03,C,,,,,C,Y,N,D,2,0,0,0,22350.0,4,37.614688873291016,-122.42204284667967,3
2018,2018-09-29,1405,9,3,14,6,N,B,Y,A,H,A,C,02,S,03,F,,,Y,,A,Y,N,D,1,0,0,1,22350.0,1,37.48992538452149,-122.36351013183594,3
2020,2020-03-18,20,3,1,0,3,N,A,N,A,H,C,A,01,N,08,C,,,,,C,Y,N,D,1,0,0,0,22107.0,2,37.65431594848633,-122.47924041748048,3
2018,2018-10-06,1110,10,3,11,6,N,A,Y,A,H,A,C,02,S,03,F,,,Y,,A,Y,N,D,1,0,0,1,22350.0,1,37.35226821899414,-122.39871978759766,4
2018,2018-10-08,825,10,3,8,1,N,A,Y,A,H,A,A,01,E,03,C,,,,,C,Y,N,A,1,0,0,0,22350.0,2,37.57166290283203,-122.26472473144533,4
2018,2018-10-04,20,10,3,0,4,N,A,N,A,H,C,-,99,N,08,B,Y,,,,C,N,F,D,1,1,0,0,22107.0,5,37.47134399414063,-122.21336364746094,3
2018,2018-10-08,2300,10,3,23,1,N,A,Y,A,H,D,A,01,N,08,E,,,,,I,Y,N,D,2,0,0,0,22107.0,1,37.53603363037109,-122.28020477294922,2
2018,2018-10-01,1500,10,3,15,1,N,B,Y,A,H,A,D,22,E,03,C,,,,,C,N,N,D,3,0,0,0,22350.0,2,37.56388092041016,-122.27311706542967,4
2018,2018-10-03,1600,10,3,16,3,N,B,N,A,H,A,A,01,W,08,D,,,,,C,N,N,D,1,0,0,0,22103.0,2,37.475372314453125,-122.20252990722656,4
2018,2018-10-07,55,10,3,0,7,N,A,Y,A,H,D,A,01,N,08,E,,,,,I,Y,N,D,1,0,0,0,22107.0,1,37.47017288208008,-122.29388427734376,2
2018,2018-10-03,2000,10,3,20,3,N,B,Y,A,H,C,A,01,S,01,C,,,,,E,Y,N,D,1,0,0,0,23152.0,2,37.56533432006836,-122.30787658691406,4
2018,2018-10-04,1240,10,3,12,4,Y,A,N,A,H,A,A,01,,09,D,,,,,C,Y,N,D,2,0,0,0,21453.0,2,37.51396942138672,-122.26851654052734,3
2018,2018-10-02,925,10,3,9,2,N,B,N,B,H,A,A,01,W,03,A,,,,,C,Y,N,D,2,0,0,0,22350.0,2,37.53832626342773,-122.34954833984376,4
2018,2018-10-09,955,10,3,9,2,N,A,Y,A,H,A,A,07,S,03,C,,,,,C,N,N,A,1,0,0,0,22350.0,2,37.543704986572266,-122.28734588623048,4
2018,2018-10-03,1115,10,3,11,3,N,B,Y,A,H,A,A,01,S,07,C,,,,,C,N,N,D,1,0,0,0,21658.0,2,37.69118881225586,-122.47052764892578,4
2018,2018-10-07,2111,10,3,21,7,N,B,N,A,H,C,A,01,E,03,C,,,,,C,Y,N,D,1,0,0,0,22350.0,3,37.474552154541016,-122.20645904541016,4
2018,2018-10-09,1510,10,3,15,2,N,A,Y,A,H,A,A,01,W,03,C,,,,,C,N,N,D,2,0,0,0,22350.0,3,37.5551872253418,-122.28772735595705,4
2018,2018-10-10,1710,10,3,17,3,N,A,Y,A,H,A,A,01,S,03,C,,,,,C,N,N,D,2,0,0,0,22350.0,2,,,4
2018,2018-10-10,1305,10,3,13,3,N,A,Y,A,H,A,A,08,E,03,C,,,,,C,Y,N,D,2,0,0,0,22350.0,2,37.58112335205078,-122.2541275024414,4
2018,2018-10-06,1515,10,3,15,6,N,A,Y,A,H,A,A,01,N,08,E,,,,,I,Y,N,D,1,0,0,0,22107.0,1,37.67060089111328,-122.4826889038086,4