ACCIDENT_YEAR,COLLISION_DATE,COLLISION_TIME,MONTH,SEASON,24HOURS,DAY_OF_WEEK,INTERSECTION,WEATHER_1,STATE_HWY_IND,ROAD_SURFACE,ROAD_COND_1,LIGHTING,STWD_VEHTYPE_AT_FAULT,CHP_VEHTYPE_AT_FAULT,DIRECTION,PCF_VIOL_CATEGORY,TYPE_OF_COLLISION,PEDESTRIAN_ACCIDENT,BICYCLE_ACCIDENT,MOTORCYCLE_ACCIDENT,TRUCK_ACCIDENT,MVIW,TOW_AWAY,HIT_AND_RUN,CONTROL_DEVICE,NUMBER_INJURED,COUNT_PED_INJURED,COUNT_BICYCLIST_INJURED,COUNT_MC_INJURED,PCF_VIOLATION,PARTY_COUNT,POINT_Y,POINT_X,COLLISION_SEVERITY
2018,2018-11-19,1725,11,3,17,1,N,B,Y,A,H,C,A,01,N,03,C,,,,,C,Y,N,D,1,0,0,0,22350.0,4,37.59392929077149,-122.36698150634766,3
2018,2018-11-08,1825,11,3,18,4,N,A,Y,A,H,C,-,- ,W,08,B,,,,,C,N,N,D,1,0,0,0,22107.0,2,37.634231567382805,-122.41152954101562,4
2018,2018-10-15,400,10,3,4,1,N,G,Y,A,H,D,A,01,W,01,E,,,,,I,Y,N,D,1,0,0,0,23152.0,1,,,3
2018,2018-11-17,1305,11,3,13,6,N,A,Y,A,H,A,A,01,S,03,C,,,,,C,Y,N,D,1,0,0,0,22350.0,3,37.55221176147461,-122.29521942138672,4
2018,2018-11-19,1756,11,3,17,1,N,A,Y,A,H,D,A,07,S,03,C,,,,,C,Y,N,D,1,0,0,0,22350.0,3,37.48141098022461,-122.17690277099608,4
2018,2018-11-12,610,11,3,6,1,N,B,Y,A,H,D,D,22,E,05,A,,,,,C,Y,N,D,2,0,0,0,21460.0,2,37.49687957763672,-122.36200714111328,2
2018,2018-11-11,1350,11,3,13,7,N,A,Y,A,H,A,A,01,S,03,C,,,,,C,N,N,D,1,0,0,0,22350.0,2,37.647499084472656,-122.40664672851562,4
2018,2018-11-11,1250,11,3,12,7,N,A,Y,A,H,A,-,- ,S,18,F,,,Y,,A,Y,N,D,2,0,0,2,,1,37.6441764831543,-122.40634918212892,2
2018,2018-11-11,1620,11,3,16,7,N,A,Y,A,H,A,A,01,N,03,C,,,,,C,Y,N,D,2,0,0,0,22350.0,3,37.55683135986328,-122.51324462890624,3
2018,2018-11-11,2225,11,3,22,7,N,A,Y,A,H,D,A,07,S,01,E,,,,,I,Y,N,D,1,0,0,0,23152.0,1,37.58632659912109,-122.50422668457033,3
2018,2018-11-09,525,11,3,5,5,N,A,Y,A,H,C,A,01,S,08,E,,,,Y,I,Y,N,D,2,0,0,0,22107.0,3,37.662635803222656,-122.40103149414062,3
2018,2018-11-13,600,11,3,6,2,N,B,Y,A,H,B,A,07,S,03,C,,,,,C,Y,N,A,2,0,0,0,22350.0,2,37.614700317382805,-122.39695739746094,4
2018,2018-11-11,1355,11,3,13,7,N,A,Y,A,H,A,-,- ,S,00,C,,,,,C,N,N,D,1,0,0,0,,2,37.61601257324219,-122.39842987060548,4
2018,2018-10-17,1720,10,3,17,3,Y,A,Y,A,H,A,L,04,,09,B,,Y,,,G,N,N,D,1,0,1,0,21804.0,2,37.468482971191406,-122.21083068847656,2
2018,2018-11-22,2155,11,3,21,4,N,C,N,B,H,D,A,01,E,08,E,,,,,I,Y,N,D,1,0,0,0,22107.0,1,37.29679489135742,-122.24872589111328,4
2018,2018-11-17,2230,11,3,22,6,N,A,Y,A,H,C,A,07,S,07,D,,,,,C,Y,N,D,1,0,0,0,21658.0,2,37.52626037597656,-122.27027893066406,4
2018,2018-11-14,1311,11,3,13,3,N,A,Y,A,H,A,-,- ,S,18,E,,,,,I,N,N,D,1,0,0,0,,1,37.544448852539055,-122.28797149658205,4
2018,2018-11-08,2000,11,3,20,4,N,A,Y,A,H,D,A,01,S,08,E,,,,,I,Y,N,D,2,0,0,0,22107.0,1,,,3
2018,2018-11-19,220,11,3,2,1,N,A,Y,A,H,C,A,01,N,03,E,,,,,I,Y,N,D,1,0,0,0,22350.0,1,,,3
2018,2018-11-18,1340,11,3,13,7,N,B,N,A,H,A,-,99,E,07,B,,Y,,,G,N,N,D,1,0,1,0,21658.0,2,37.40918731689453,-122.19482421875,3
2018,2018-11-20,1615,11,3,16,2,N,A,Y,A,H,A,A,01,E,03,C,,,,,C,Y,N,D,1,0,0,0,22350.0,2,37.58774185180664,-122.24685668945312,4
2018,2018-11-20,1545,11,3,15,2,N,A,Y,A,H,A,A,01,S,03,C,,,,,C,Y,N,D,1,0,0,0,22350.0,4,37.45721435546875,-122.13555145263672,3
2018,2018-11-20,1540,11,3,15,2,N,A,Y,A,H,A,A,01,N,03,C,,,,,C,N,N,D,1,0,0,0,22350.0,3,37.49166488647461,-122.21994018554688,4
2018,2018-11-26,1710,11,3,17,1,N,B,Y,A,H,D,D,22,W,03,C,,,,,C,Y,N,D,1,0,0,0,22350.0,2,37.48669052124024,-122.37015533447266,3
2018,2018-11-21,1530,11,3,15,3,N,B,Y,B,H,A,A,01,N,03,B,,,,,C,Y,N,D,1,0,0,0,22350.0,2,37.572975158691406,-122.39951324462892,3
2018,2018-08-14,1750,8,2,17,2,N,B,Y,A,H,A,A,01,S,06,A,,,,,C,Y,N,D,2,0,0,0,21751.0,2,37.3192253112793,-122.4026336669922,1
2018,2018-11-21,945,11,3,9,3,N,C,Y,B,H,A,A,01,N,03,B,,,,,C,Y,N,D,1,0,0,0,22350.0,2,37.59650802612305,-122.4196319580078,4
2018,2018-11-21,2116,11,3,21,3,N,C,Y,B,H,C,A,01,W,03,D,,,,,C,Y,N,D,1,0,0,0,22350.0,2,37.60237503051758,-122.20449066162108,4
2018,2018-11-21,1722,11,3,17,3,N,B,Y,B,H,C,A,01,E,08,B,,,,,C,Y,N,D,1,0,0,0,22107.0,2,,,4
2018,2018-10-07,1240,10,3,12,7,N,A,Y,A,H,A,A,01,N,08,B,,,,,C,Y,N,D,1,0,0,0,22107.0,2,37.42302703857422,-122.22689819335938,4
2018,2018-10-17,1630,10,3,16,3,N,A,Y,A,H,A,C,02,S,03,C,,,Y,,C,Y,N,D,1,0,0,1,22350.0,2,37.520545959472656,-122.26345825195312,2
2018,2018-11-17,416,11,3,4,6,N,A,Y,A,H,D,A,07,S,01,C,,,,,C,Y,F,D,3,0,0,0,23152.0,2,37.5097770690918,-122.25160217285156,4
2018,2018-10-14,150,10,3,1,7,N,A,Y,A,H,D,A,01,N,01,E,,,,,I,Y,N,D,0,0,0,0,23152.0,1,37.476875305175774,-122.29903411865234,1
2018,2018-11-15,318,11,3,3,4,N,A,Y,A,H,D,A,01,N,03,C,,,,,C,Y,N,D,1,0,0,0,22350.0,2,37.60796737670898,-122.388427734375,3
2018,2018-11-24,410,11,3,4,6,N,C,Y,B,H,D,A,01,N,03,F,,,,,J,Y,N,D,3,0,0,0,22350.0,1,37.494453430175774,-122.30402374267578,3
2019,2019-12-11,1633,12,4,16,3,N,A,N,B,H,A,A,01,W,09,A,,,,,D,N,N,A,1,0,0,0,21453.0,2,37.66448974609375,-122.46933746337892,4
2018,2018-11-23,940,11,3,9,5,N,C,Y,B,H,A,A,01,S,03,B,,,,,C,Y,N,D,1,0,0,0,22350.0,2,37.47688674926758,-122.29904174804688,4
2018,2018-11-20,1900,11,3,19,2,N,A,Y,A,H,C,A,01,S,03,C,,,,,C,N,N,D,1,0,0,0,22350.0,2,37.6462287902832,-122.40652465820312,4
2018,2018-11-08,1130,11,3,11,4,Y,A,N,A,H,A,A,01,,09,D,,,,,C,Y,N,A,3,0,0,0,21802.0,2,37.64223098754882,-122.43868255615234,3
2018,2018-11-20,1740,11,3,17,2,N,A,Y,A,H,D,A,01,N,03,C,,,,,C,Y,M,D,1,0,0,0,22350.0,3,37.60519027709961,-122.38460540771484,4
2018,2018-11-21,855,11,3,8,3,N,B,Y,B,H,A,A,07,S,08,E,,,,,I,Y,N,D,1,0,0,0,22107.0,1,37.506938934326165,-122.3388214111328,3
2018,2018-11-25,1205,11,3,12,7,N,A,Y,A,H,A,D,22,W,09,D,,,,,C,Y,N,D,1,0,0,0,21804.0,2,37.478172302246094,-122.4145050048828,4
2018,2018-11-20,2218,11,3,22,2,N,A,Y,A,H,D,A,01,S,08,B,,,,,C,Y,N,D,1,0,0,0,22107.0,3,37.64695358276367,-122.40658569335938,4
2018,2018-11-21,1630,11,3,16,3,N,B,Y,B,H,B,A,07,N,03,C,,,,,C,Y,N,D,1,0,0,0,22350.0,2,37.63405227661133,-122.43862915039062,4
2018,2018-11-21,1235,11,3,12,3,N,C,Y,B,H,A,A,07,S,07,C,,,,,C,Y,N,D,3,0,0,0,21658.0,5,37.683860778808594,-122.47157287597656,4
2018,2018-11-21,2245,11,3,22,3,N,B,Y,B,H,D,A,01,N,03,C,,,,,C,Y,N,D,4,0,0,0,22350.0,4,37.60515975952149,-122.38411712646484,3
2018,2018-11-21,1240,11,3,12,3,N,C,Y,B,H,A,A,01,S,08,E,,,,,J,Y,N,D,1,0,0,0,22107.0,1,37.67544555664063,-122.47288513183594,3
2018,2018-11-21,1340,11,3,13,3,N,C,Y,B,H,A,A,01,S,03,E,,,,,I,Y,N,D,1,0,0,0,22350.0,1,37.493690490722656,-122.30352020263672,4
2018,2018-11-25,1748,11,3,17,7,N,A,Y,A,H,C,A,07,S,03,C,,,,,C,Y,N,D,3,0,0,0,22350.0,3,37.581741333007805,-122.32567596435548,3
2018,2018-11-26,1605,11,3,16,1,N,A,Y,A,H,A,A,07,S,03,C,,,,,C,Y,N,D,3,0,0,0,22350.0,5,37.49160385131836,-122.21980285644533,3
2018,2018-11-22,541,11,3,5,4,N,B,Y,B,H,C,A,01,S,08,E,,,,,I,Y,N,D,1,0,0,0,22107.0,1,37.488178253173835,-122.20950317382812,3
2018,2018-11-26,750,11,3,7,1,N,A,Y,A,H,A,A,01,N,03,C,,,,,C,Y,N,D,1,0,0,0,22350.0,2,37.52621841430664,-122.3584213256836,4
2018,2018-11-28,1839,11,3,18,3,N,B,Y,B,H,D,-,99,S,03,C,,,,,C,N,M,D,1,0,0,0,22350.0,2,37.45455932617188,-122.13068389892578,4
2018,2018-11-28,635,11,3,6,3,N,B,Y,B,H,A,A,01,S,03,C,,,,,C,N,N,A,1,0,0,0,22350.0,2,37.58777618408203,-122.3561553955078,4
2018,2018-11-29,1650,11,3,16,4,N,B,Y,B,H,B,D,22,S,03,F,,,,,A,Y,N,D,1,0,0,0,22350.0,1,37.5009765625,-122.3291473388672,3
2018,2018-11-29,1740,11,3,17,4,N,C,Y,B,H,C,A,01,S,03,C,,,,,C,Y,N,D,1,0,0,0,22350.0,2,37.510498046875,-122.25235748291016,4
2018,2018-11-30,2355,11,3,23,5,N,B,Y,A,H,C,A,01,S,03,C,,,,,C,Y,N,D,1,0,0,0,22350.0,2,37.49637222290039,-122.23299407958984,4
2018,2018-11-23,1440,11,3,14,5,N,C,Y,B,H,A,A,01,W,03,E,,,,,I,Y,N,A,1,0,0,0,22350.0,1,37.5844955444336,-122.32866668701172,2
2018,2018-11-28,725,11,3,7,3,N,B,Y,B,H,A,A,01,S,03,C,,,,,C,Y,N,D,1,0,0,0,22350.0,3,37.54067993164063,-122.3668212890625,4
2018,2018-11-21,1440,11,3,14,3,N,C,Y,B,H,A,F,26,N,03,C,,,,Y,C,Y,N,D,2,0,0,0,22350.0,2,37.70787048339844,-122.47133636474608,3
2018,2018-11-21,440,11,3,4,3,N,C,Y,B,H,C,D,22,W,03,D,,,,,C,Y,N,D,2,0,0,0,22350.0,2,37.63259506225586,-122.41961669921876,2
2018,2018-11-23,1520,11,3,15,5,N,C,Y,B,H,A,A,01,S,08,E,,,,,I,Y,N,D,1,0,0,0,22107.0,1,37.66315460205078,-122.39988708496094,4
2018,2018-11-21,1105,11,3,11,3,N,B,Y,B,H,A,A,07,S,08,E,,,,,I,Y,N,D,1,0,0,0,22107.0,1,37.62509536743164,-122.40122222900392,4
2018,2018-11-24,2140,11,3,21,6,N,A,Y,A,H,D,A,01,N,03,C,,,,,C,Y,N,D,1,0,0,0,22350.0,3,37.608280181884766,-122.38861846923828,4
2018,2018-11-25,100,11,3,1,7,N,A,Y,A,H,C,A,01,S,01,C,,,,,C,Y,N,D,1,0,0,0,23152.0,2,37.66315078735352,-122.40023040771484,4
2018,2018-12-01,10,12,4,0,6,N,B,Y,A,H,D,A,08,N,03,C,,,,,C,Y,N,D,2,0,0,0,22350.0,4,37.574268341064446,-122.31783294677734,3
2018,2018-11-21,145,11,3,1,3,N,B,Y,B,H,D,A,07,N,08,B,,,,,C,Y,N,D,1,0,0,0,22107.0,2,37.58708953857422,-122.34414672851562,3
2018,2018-11-25,1900,11,3,19,7,N,A,Y,A,H,C,A,01,N,03,C,,,,,C,N,N,D,1,0,0,0,22350.0,2,37.60562896728516,-122.38455963134766,4
2018,2018-12-05,940,12,4,9,3,N,B,Y,B,H,A,A,08,N,03,C,,,,,C,N,N,A,1,0,0,0,22350.0,2,37.58112335205078,-122.32530212402344,4
2018,2018-12-02,1715,12,4,17,7,N,A,Y,A,H,C,A,01,S,03,C,,,,,C,Y,N,D,3,0,0,0,22350.0,2,37.56102752685546,-122.30319213867188,4
2018,2018-12-03,905,12,4,9,1,N,A,Y,A,H,A,A,01,N,03,C,,,,,C,Y,N,A,1,0,0,0,22350.0,2,37.590614318847656,-122.36190795898438,4
2018,2018-11-28,2242,11,3,22,3,N,C,Y,B,H,C,A,01,N,08,D,,,,,C,Y,N,D,2,0,0,0,22107.0,2,37.6349983215332,-122.43906402587892,3
2018,2018-12-06,755,12,4,7,4,N,A,Y,B,H,A,A,07,W,03,C,,,,,C,Y,N,D,1,0,0,0,22350.0,2,37.51237869262695,-122.33043670654295,4
2018,2018-11-22,1840,11,3,18,4,N,A,Y,B,H,C,A,01,N,03,E,,,,,I,Y,N,D,1,0,0,0,22350.0,1,37.70581817626953,-122.47132110595705,3
2018,2018-11-28,450,11,3,4,3,N,B,Y,B,H,C,A,01,S,03,F,,,,,A,Y,N,A,2,0,0,0,22350.0,1,37.62916946411133,-122.43314361572266,3
2018,2018-11-28,1645,11,3,16,3,N,B,Y,B,H,A,A,01,N,03,C,,,,,C,N,N,D,1,0,0,0,22350.0,2,37.60945129394531,-122.39125823974608,4
2018,2018-11-28,300,11,3,3,3,N,C,Y,B,H,D,A,07,N,01,F,,,,,A,Y,F,D,1,0,0,0,23153.0,1,37.647998809814446,-122.45159912109376,3
2018,2018-11-28,1710,11,3,17,3,N,B,Y,B,H,D,A,01,S,03,C,,,,,C,Y,N,D,2,0,0,0,22350.0,2,37.62029647827149,-122.42568206787108,4
2018,2018-11-23,1430,11,3,14,5,N,C,Y,B,H,A,A,01,W,08,C,,,,,C,Y,F,D,1,0,0,0,22107.0,5,37.63291931152344,-122.41956329345705,4
2018,2018-11-28,2240,11,3,22,3,N,C,Y,B,H,D,A,01,N,03,C,,,,,C,Y,N,D,1,0,0,0,22350.0,2,37.63496780395508,-122.40322113037108,4
2018,2018-11-28,757,11,3,7,3,N,B,Y,B,H,A,A,01,W,03,C,,,,,C,N,N,D,1,0,0,0,22350.0,2,37.67016220092773,-122.43338012695312,4
2018,2018-10-24,1105,10,3,11,3,N,A,Y,A,H,A,-,- ,N,00,C,,,,,C,Y,N,D,1,0,0,0,,2,37.69695663452149,-122.47130584716795,3
2018,2018-11-30,1500,11,3,15,5,N,A,Y,A,H,A,A,01,S,03,C,,,,,C,Y,N,D,2,0,0,0,22350.0,3,37.687538146972656,-122.4715576171875,4
2018,2018-11-29,1700,11,3,17,4,N,C,Y,B,H,C,A,07,N,00,D,,,,,I,Y,N,D,2,0,0,0,21107.0,3,37.54461288452149,-122.28818511962892,4
2018,2018-12-01,1432,12,4,14,6,N,B,Y,B,H,A,A,01,N,03,C,,,,,C,Y,N,D,1,0,0,0,22350.0,2,37.54940414428711,-122.37469482421876,2
2018,2018-10-26,1620,10,3,16,5,N,A,Y,A,H,A,A,01,S,03,C,,,,,C,Y,N,D,1,0,0,0,22350.0,2,37.700469970703125,-122.47135925292967,4
2018,2018-08-27,728,8,2,7,1,N,B,Y,B,H,A,D,22,S,08,E,,,,,I,Y,N,D,0,0,0,0,22107.0,1,37.41343688964844,-122.30998992919922,1
2018,2018-12-02,1821,12,4,18,7,N,A,Y,A,H,C,A,01,E,03,C,,,,,C,N,N,D,1,0,0,0,22350.0,2,37.55424118041992,-122.29116058349608,4
2018,2018-12-04,1442,12,4,14,2,N,C,Y,B,H,A,A,01,S,08,F,,,,,A,Y,N,D,1,0,0,0,22107.0,1,37.48318099975586,-122.18000030517578,3
2018,2018-12-03,455,12,4,4,1,N,A,Y,A,H,D,A,01,N,08,E,,,,,I,Y,N,D,1,0,0,0,22107.0,1,37.44419860839844,-122.25983428955078,4
2018,2018-11-29,826,11,3,8,4,N,B,Y,B,H,A,A,07,N,08,E,,,,,I,Y,N,D,2,0,0,0,22107.0,1,37.67586135864258,-122.47261810302734,2
2018,2018-12-03,937,12,4,9,1,N,A,Y,A,H,A,F,26,S,08,D,,,,Y,C,Y,N,D,2,0,0,0,22107.0,2,37.47942733764648,-122.17304229736328,4
2018,2018-12-03,1130,12,4,11,1,N,A,Y,A,H,A,A,01,S,08,F,,,,,I,Y,N,D,1,0,0,0,22107.0,1,37.637168884277344,-122.44012451171876,2
2018,2018-12-05,106,12,4,1,3,N,C,Y,B,H,D,-,- ,N,18,B,,,,,C,Y,N,D,1,0,0,0,,2,37.41134262084961,-122.2021942138672,3
2018,2018-12-04,730,12,4,7,2,N,B,Y,A,H,A,C,02,E,03,E,,,Y,,I,N,N,D,1,0,0,1,22350.0,1,37.57075881958008,-122.26571655273438,3
2018,2018-12-02,1229,12,4,12,7,N,A,Y,A,H,A,A,07,S,03,C,,,,,C,Y,F,D,2,0,0,0,22350.0,5,37.673694610595696,-122.4681396484375,3
2018,2018-10-19,2045,10,3,20,5,N,A,Y,A,H,C,A,01,N,03,C,,,,,C,N,M,D,1,0,0,0,22350.0,2,37.60553741455078,-122.38469696044922,4
2018,2018-12-10,1328,12,4,13,1,N,A,Y,A,H,A,A,01,N,08,E,,,,,J,Y,N,D,1,0,0,0,22107.0,1,37.4741325378418,-122.2979736328125,4
2018,2018-12-05,107,12,4,1,3,N,C,Y,B,F,D,-,- ,N,18,A,,,,,C,Y,N,D,1,0,0,0,,3,37.41134262084961,-122.2021942138672,3
2018,2018-12-07,1315,12,4,13,5,N,B,Y,A,H,A,A,01,S,08,B,,,,,I,Y,N,D,2,0,0,0,22107.0,3,,,4
2018,2018-12-04,155,12,4,1,2,N,B,Y,A,H,D,A,01,N,01,F,,,,,I,Y,N,D,1,0,0,0,23152.0,1,37.691139221191406,-122.39167785644533,3
2018,2018-10-27,1330,10,3,13,6,N,A,Y,A,H,A,-,99,S,07,E,,,,,I,Y,F,D,2,0,0,0,21658.0,2,37.68145751953125,-122.4717025756836,3
2018,2018-12-08,255,12,4,2,6,N,A,Y,A,H,C,A,01,N,08,E,,,,,I,Y,N,D,1,0,0,0,22107.0,1,37.514915466308594,-122.2571258544922,2
2018,2018-12-08,1100,12,4,11,6,N,B,Y,A,H,A,A,01,W,08,E,,,,,I,Y,N,D,1,0,0,0,22107.0,3,37.552696228027344,-122.30247497558594,4
2018,2018-10-27,1542,10,3,15,6,N,A,Y,A,H,A,A,01,N,03,C,,,,,C,N,N,D,1,0,0,0,22350.0,2,37.67598342895508,-122.47036743164062,4
2018,2018-12-06,1500,12,4,15,4,N,A,Y,A,H,A,A,01,S,08,D,,,,,C,Y,N,D,2,0,0,0,22107.0,2,37.624069213867195,-122.40087890625,4
2018,2018-12-07,1450,12,4,14,5,N,A,Y,A,H,A,A,01,S,03,C,,,,,C,Y,N,D,1,0,0,0,22350.0,3,37.64264678955078,-122.4059829711914,4
2018,2018-12-01,1400,12,4,14,6,N,B,Y,B,H,A,A,07,N,01,B,,,,,C,Y,N,D,1,0,0,0,23152.0,2,37.52886962890625,-122.36003875732422,3
2018,2018-12-10,2228,12,4,22,1,N,E,Y,A,H,C,A,01,N,08,E,,,,,I,Y,N,D,1,0,0,0,22107.0,1,37.50797271728516,-122.34049987792967,2
2018,2018-12-09,1922,12,4,19,7,N,A,Y,A,H,D,A,01,S,03,C,,,,,C,Y,N,D,1,0,0,0,22350.0,2,37.54965972900391,-122.29232788085938,4
2018,2018-12-09,2340,12,4,23,7,N,B,N,A,H,D,A,01,S,08,E,,,,,I,Y,N,D,1,0,0,0,22107.0,1,37.45721435546875,-122.28761291503906,2
2018,2018-12-10,554,12,4,5,1,N,B,Y,B,H,C,A,01,N,08,E,,,,,I,Y,N,D,1,0,0,0,22107.0,1,37.5343132019043,-122.27859497070312,4
2020,2020-02-08,802,2,4,8,6,Y,A,N,A,H,A,A,71,,10,G,Y,,,,B,N,N,D,1,1,0,0,21950.0,2,37.66341018676758,-122.46929931640624,3
2018,2018-12-13,1603,12,4,16,4,N,A,Y,A,H,A,A,01,N,03,C,,,,,C,Y,N,D,1,0,0,0,22350.0,2,37.56150817871094,-122.30397033691406,4
2018,2018-12-08,1515,12,4,15,6,N,A,Y,A,H,A,A,01,E,03,C,,,,,C,Y,N,D,2,0,0,0,22350.0,2,37.55933380126953,-122.28043365478516,3
2018,2018-12-10,1656,12,4,16,1,N,A,Y,A,H,B,-,- ,W,18,E,,,,,I,Y,N,D,1,0,0,0,,1,37.52410125732422,-122.33251953125,4
2018,2018-12-08,1810,12,4,18,6,N,A,Y,A,H,C,A,07,E,03,C,,,,,C,Y,N,D,3,0,0,0,22350.0,3,37.558895111083984,-122.2811279296875,3
2018,2018-12-07,1820,12,4,18,5,N,A,Y,A,H,C,A,01,S,03,C,,,,,C,Y,N,D,1,0,0,0,22350.0,2,37.70354843139648,-122.47151184082033,4
2018,2018-12-07,1507,12,4,15,5,Y,A,N,A,H,A,A,01,,09,D,,,,,C,Y,N,D,2,0,0,0,21801.0,2,37.66794967651367,-122.42993927001952,3
2018,2018-12-07,1734,12,4,17,5,N,A,Y,A,H,C,A,01,S,03,C,,,,,C,Y,N,D,2,0,0,0,22350.0,2,37.70117950439453,-122.47142791748048,3
2018,2018-12-08,1225,12,4,12,6,N,A,Y,A,H,A,F,26,N,03,C,,,,Y,C,Y,N,D,1,0,0,0,22350.0,3,37.65299987792969,-122.45487213134766,4
2018,2018-12-11,1938,12,4,19,2,N,A,Y,A,H,C,A,01,S,03,C,,,,,C,Y,N,D,1,0,0,0,22350.0,2,37.48669052124024,-122.1982192993164,4
2018,2018-12-12,1746,12,4,17,3,N,A,Y,A,H,C,A,01,S,07,B,,,Y,,C,Y,N,D,1,0,0,1,21658.0,3,37.561626434326165,-122.30386352539062,4
2018,2018-12-09,1200,12,4,12,7,N,B,Y,A,H,A,A,01,W,08,E,,,,,J,Y,N,D,2,0,0,0,22107.0,1,37.69770050048828,-122.4385986328125,4
2018,2018-12-01,535,12,4,5,6,N,B,Y,B,H,C,A,01,S,03,C,Y,,,,C,Y,N,D,1,1,0,0,22350.0,3,37.54404067993164,-122.28765106201172,3
2018,2018-12-08,1516,12,4,15,6,N,A,Y,A,H,A,A,01,E,08,B,,,,,C,Y,N,D,2,0,0,0,22107.0,4,37.558895111083984,-122.2811279296875,4
2018,2018-12-09,235,12,4,2,7,N,A,Y,A,H,C,A,01,S,01,B,,,,,C,N,N,D,1,0,0,0,23152.0,2,37.645145416259766,-122.40644073486328,3
2020,2020-01-30,1457,1,4,14,4,-,A,N,A,H,A,-,,,21,C,,,,,C,N,N,D,1,0,0,0,22106.0,2,37.50725173950195,-122.26033020019533,3
2018,2018-11-02,2200,11,3,22,5,N,A,Y,A,H,D,A,01,S,01,C,,,,,C,Y,N,D,1,0,0,0,23152.0,2,37.63010787963867,-122.40244293212892,4
2018,2018-12-14,1640,12,4,16,5,Y,A,Y,A,H,C,A,01,,09,D,,,,,C,Y,N,A,2,0,0,0,21802.0,2,37.476749420166016,-122.21150207519533,4
2018,2018-12-14,1730,12,4,17,5,N,A,Y,A,H,D,A,01,W,03,C,,,,,C,Y,N,D,1,0,0,0,22350.0,2,37.55562210083008,-122.28670501708984,4
2018,2018-12-16,330,12,4,3,7,N,A,N,A,H,C,A,01,N,01,E,,,,,I,Y,N,D,1,0,0,0,23152.0,1,37.4981803894043,-122.23816680908205,2
2018,2018-12-12,714,12,4,7,3,N,B,Y,A,H,A,A,07,W,08,E,,,,,I,Y,N,D,1,0,0,0,22107.0,1,37.63401794433594,-122.40708160400392,2
2018,2018-12-12,445,12,4,4,3,N,B,Y,A,H,E,A,01,N,08,B,,,,,C,Y,N,D,2,0,0,0,22107.0,2,37.67740249633789,-122.38832855224608,4
2018,2018-12-13,1815,12,4,18,4,N,A,Y,A,H,D,D,22,S,03,C,,,,,C,Y,N,D,1,0,0,0,22350.0,3,37.682395935058594,-122.47149658203124,3
2018,2018-12-10,1630,12,4,16,1,Y,A,N,A,H,B,I,11,,03,C,,,,,C,Y,N,D,1,0,0,0,22350.0,2,37.67005157470703,-122.43318176269533,4
2018,2018-12-13,943,12,4,9,4,N,A,Y,A,H,A,A,07,S,07,B,,,,,C,Y,N,D,2,0,0,0,21658.0,2,37.63895034790039,-122.44156646728516,4
2018,2018-12-12,645,12,4,6,3,N,A,Y,A,H,C,A,01,S,03,C,,,,,C,Y,N,D,1,0,0,0,22350.0,2,37.56306838989258,-122.30541229248048,4
2018,2018-12-16,1445,12,4,14,7,N,C,Y,B,H,A,A,01,N,03,C,,,,,C,Y,N,D,1,0,0,0,22350.0,4,37.54603576660156,-122.28904724121094,3
2018,2018-12-16,200,12,4,2,7,N,A,Y,A,H,D,A,01,S,01,A,,,,,I,Y,N,D,1,0,0,0,23152.0,1,37.415351867675774,-122.21013641357422,3
2018,2018-12-17,740,12,4,7,1,N,B,Y,B,H,A,A,01,E,03,C,,,,,C,Y,N,D,1,0,0,0,22350.0,2,37.602893829345696,-122.20270538330078,4
2018,2018-12-16,2035,12,4,20,7,N,C,Y,B,H,D,A,07,S,08,E,,,,,I,Y,N,D,1,0,0,0,22107.0,1,37.67563247680664,-122.47277069091795,4
2018,2018-12-18,1818,12,4,18,2,N,A,Y,A,H,C,A,01,S,07,B,,,,,C,Y,N,D,1,0,0,0,21658.0,3,37.549903869628906,-122.29305267333984,3
2020,2020-02-17,1847,2,4,18,1,Y,A,N,-,H,C,A,01,,01,A,,,,,J,Y,N,D,1,0,0,0,23152.0,1,37.46324157714844,-122.13469696044922,3