ACCIDENT_YEAR,COLLISION_DATE,COLLISION_TIME,MONTH,SEASON,24HOURS,DAY_OF_WEEK,INTERSECTION,WEATHER_1,STATE_HWY_IND,ROAD_SURFACE,ROAD_COND_1,LIGHTING,STWD_VEHTYPE_AT_FAULT,CHP_VEHTYPE_AT_FAULT,DIRECTION,PCF_VIOL_CATEGORY,TYPE_OF_COLLISION,PEDESTRIAN_ACCIDENT,BICYCLE_ACCIDENT,MOTORCYCLE_ACCIDENT,TRUCK_ACCIDENT,MVIW,TOW_AWAY,HIT_AND_RUN,CONTROL_DEVICE,NUMBER_INJURED,COUNT_PED_INJURED,COUNT_BICYCLIST_INJURED,COUNT_MC_INJURED,PCF_VIOLATION,PARTY_COUNT,POINT_Y,POINT_X,COLLISION_SEVERITY
2018,2018-12-17,1530,12,4,15,1,Y,A,N,A,H,A,A,01,,09,A,,,,,C,Y,N,D,1,0,0,0,21801.0,2,37.47373962402344,-122.20697021484376,4
2018,2018-12-15,1130,12,4,11,6,N,A,Y,A,H,A,D,22,W,08,E,,,,,I,Y,N,D,1,0,0,0,22107.0,1,37.47761917114258,-122.4153060913086,3
2018,2018-12-19,1945,12,4,19,3,N,A,Y,A,H,C,A,01,W,03,C,,,,,C,Y,N,D,2,0,0,0,22350.0,2,37.54334259033203,-122.32861328125,4
2018,2018-12-17,250,12,4,2,1,N,C,Y,B,H,D,A,01,N,08,E,,,,,I,Y,F,D,2,0,0,0,22107.0,1,37.55707550048828,-122.51344299316406,3
2018,2018-12-19,500,12,4,5,3,N,B,Y,A,H,D,A,01,S,08,E,,,,,I,Y,N,D,1,0,0,0,22107.0,1,37.4887809753418,-122.21141052246094,4
2018,2018-12-11,1850,12,4,18,2,N,A,Y,A,H,D,-,99,N,03,C,,,,,C,N,F,D,1,0,0,0,22350.0,3,37.562259674072266,-122.30480194091795,4
2018,2018-12-18,1740,12,4,17,2,N,A,Y,A,H,D,A,01,E,03,C,,,,,C,Y,N,B,1,0,0,0,22350.0,3,37.50950241088867,-122.33390808105467,4
2018,2018-12-19,1940,12,4,19,3,N,A,Y,A,H,D,A,01,W,08,E,,,,,I,Y,N,D,1,0,0,0,22107.0,1,37.5416374206543,-122.32964324951172,2
2018,2018-12-20,2345,12,4,23,4,N,A,Y,A,H,D,A,01,S,01,C,,,,,C,Y,N,D,1,0,0,0,23152.0,3,37.5876579284668,-122.35638427734376,3
2018,2018-12-03,1025,12,4,10,1,N,A,Y,A,H,A,A,01,E,03,C,,,,,C,Y,N,D,1,0,0,0,22350.0,4,37.59469223022461,-122.23007965087892,4
2018,2018-12-23,545,12,4,5,7,N,B,Y,A,H,D,A,07,N,03,C,,,,,C,Y,N,D,2,0,0,0,22350.0,2,37.618667602539055,-122.39900970458984,4
2018,2018-12-22,928,12,4,9,6,N,A,Y,A,H,A,A,07,S,03,C,,,,,C,Y,N,D,2,0,0,0,22350.0,2,37.46540832519531,-122.14911651611328,2
2018,2018-12-21,1758,12,4,17,5,Y,A,Y,A,H,D,D,22,,03,C,,,,,C,Y,N,D,1,0,0,0,22350.0,2,37.53728866577149,-122.51753997802734,4
2018,2018-12-22,250,12,4,2,6,N,A,Y,A,H,D,A,01,N,01,E,,,,,J,Y,N,D,1,0,0,0,23152.0,1,37.509376525878906,-122.25109100341795,3
2018,2018-12-24,1540,12,4,15,1,N,C,N,B,H,A,A,01,E,08,F,,,,,I,Y,N,D,1,0,0,0,22107.0,1,37.6957893371582,-122.43328094482422,3
2018,2018-12-24,1610,12,4,16,1,N,C,Y,B,H,B,A,01,E,03,C,,,,,C,N,M,D,1,0,0,0,22350.0,2,,,4
2018,2018-12-27,1904,12,4,19,4,N,A,Y,A,H,C,A,08,N,08,H,,,,,I,Y,N,D,1,0,0,0,22107.0,1,37.632266998291016,-122.43704986572266,4
2018,2018-12-28,1810,12,4,18,5,N,A,Y,A,H,C,A,01,N,07,B,,,,,C,N,N,D,1,0,0,0,21658.0,3,37.697311401367195,-122.47115325927734,4
2018,2018-12-24,1440,12,4,14,1,N,B,Y,B,H,A,A,01,S,08,A,,,,,I,Y,N,D,1,0,0,0,22107.0,1,,,3
2018,2018-12-24,1610,12,4,16,1,N,B,Y,B,H,A,A,01,S,08,E,,,,,I,Y,N,D,3,0,0,0,22107.0,1,37.566890716552734,-122.39199829101562,2
2018,2018-12-25,830,12,4,8,2,Y,A,Y,A,H,A,E,22,,12,D,,,,,C,Y,N,A,2,0,0,0,21453.0,2,37.499786376953125,-122.46743774414062,3
2018,2018-12-24,1438,12,4,14,1,N,C,Y,B,H,A,A,01,S,08,E,,,,,I,Y,N,D,1,0,0,0,22107.0,1,37.67568588256836,-122.47273254394533,2
2019,2019-01-01,430,1,4,4,2,N,B,Y,A,H,D,A,01,N,08,C,,,,,C,Y,N,D,1,0,0,0,22107.0,2,37.702686309814446,-122.39385986328124,4
2019,2019-01-02,1728,1,4,17,3,N,A,Y,A,H,D,A,01,N,03,C,,,,,C,N,N,D,1,0,0,0,22350.0,2,37.68014144897461,-122.38853454589844,4
2018,2018-12-24,1843,12,4,18,1,N,B,Y,B,H,C,A,01,S,08,D,,,,,C,Y,N,D,1,0,0,0,22107.0,3,37.587356567382805,-122.35503387451172,4
2018,2018-12-24,830,12,4,8,1,N,B,Y,B,H,A,A,07,N,03,C,,,,,C,N,N,A,1,0,0,0,22350.0,2,37.61288833618164,-122.39647674560548,4
2018,2018-12-22,607,12,4,6,6,N,A,Y,A,H,B,A,01,S,07,F,,,,,A,Y,N,D,1,0,0,0,21658.0,2,37.64208221435546,-122.40618133544922,4
2018,2018-12-14,1318,12,4,13,5,N,A,Y,A,H,A,-,- ,N,18,H,,,,,A,N,N,D,1,0,0,0,,1,37.67348098754882,-122.46797943115234,4
2019,2019-01-01,1210,1,4,12,2,N,A,Y,A,H,A,D,22,N,03,C,,,,,C,Y,N,D,2,0,0,0,22350.0,2,37.36764907836913,-122.40485382080078,3
2018,2018-12-28,145,12,4,1,5,N,A,Y,A,H,D,A,01,S,01,E,,,,,I,Y,N,D,1,0,0,0,23152.0,1,37.69747543334961,-122.39266967773438,3
2018,2018-12-11,1352,12,4,13,2,N,A,N,A,H,A,A,07,E,10,G,Y,,,,B,N,N,A,1,1,0,0,21950.0,2,37.472110748291016,-122.20450592041016,3
2018,2018-12-23,1950,12,4,19,7,N,B,Y,A,H,C,A,01,N,03,C,,,,,C,Y,N,D,2,0,0,0,22350.0,3,37.46927261352539,-122.15569305419922,3
2020,2020-03-06,2049,3,1,20,5,Y,B,N,A,H,C,A,01,,- ,D,,,,,C,N,F,A,1,0,0,0,,2,37.462669372558594,-122.1418685913086,4
2018,2018-12-30,1426,12,4,14,7,N,A,N,A,H,A,-,- ,S,18,F,,Y,,,A,N,N,D,1,0,1,0,,1,37.45479965209961,-122.28474426269533,3
2019,2019-01-06,1142,1,4,11,7,N,C,Y,B,H,A,A,01,N,08,F,,,,,A,Y,N,D,3,0,0,0,22107.0,1,37.69675827026367,-122.47093963623048,4
2019,2019-01-02,805,1,4,8,3,N,A,Y,A,H,A,A,01,S,03,C,,,,,C,Y,N,D,1,0,0,0,22350.0,3,37.45808410644531,-122.13703155517578,4
2019,2019-01-01,758,1,4,7,2,Y,A,N,A,H,A,A,01,,12,D,,,,,C,Y,N,A,2,0,0,0,21453.0,2,37.47209930419922,-122.20451354980467,3
2019,2019-12-20,2009,12,4,20,5,Y,A,Y,A,H,C,A,01,,09,D,,,,,C,Y,N,A,6,0,0,0,21453.0,2,37.66178131103516,-122.4654541015625,3
2019,2019-01-04,1845,1,4,18,5,N,A,Y,A,H,D,A,07,S,03,B,,,,,C,Y,N,D,1,0,0,0,22350.0,4,37.67406463623047,-122.48900604248048,4
2019,2019-01-05,2145,1,4,21,6,N,B,Y,B,H,D,D,22,S,08,B,,,,,C,Y,N,D,1,0,0,0,22107.0,2,37.6622428894043,-122.40129852294922,3
2019,2019-01-01,1025,1,4,10,2,Y,A,Y,A,H,A,A,07,,09,D,,,,,C,Y,N,D,1,0,0,0,21802.0,2,37.52688217163086,-122.51280212402344,4
2018,2018-12-28,745,12,4,7,5,N,A,Y,A,H,A,D,22,N,03,C,,,,,C,Y,N,A,1,0,0,0,22350.0,2,37.608711242675774,-122.38963317871094,4
2020,2020-01-03,1217,1,4,12,5,N,A,N,A,H,A,A,01,S,12,D,,,,,C,Y,N,A,1,0,0,0,21453.0,2,37.683631896972656,-122.47077178955078,3
2020,2020-01-07,735,1,4,7,2,Y,A,N,A,H,A,A,01,,10,G,Y,,,,B,N,N,A,1,1,0,0,21950.0,2,37.6933708190918,-122.46510314941406,3
2020,2020-01-26,650,1,4,6,7,Y,E,N,B,H,B,A,01,,03,A,,,,,C,N,N,A,1,0,0,0,22350.0,2,37.66049957275391,-122.4758071899414,3
2020,2020-01-07,800,1,4,8,2,N,A,N,A,H,A,A,01,W,09,D,,,,,C,N,N,D,1,0,0,0,21804.0,2,37.693973541259766,-122.45584106445312,3
2020,2020-01-05,645,1,4,6,7,Y,A,N,A,H,C,A,01,,08,E,,,,,I,Y,N,D,1,0,0,0,22107.0,1,37.66378021240234,-122.4618682861328,4
2019,2019-01-06,1320,1,4,13,7,N,B,Y,B,H,A,-,99,S,07,B,,,,,C,N,F,D,1,0,0,0,21658.0,2,37.5004997253418,-122.3203582763672,4
2018,2018-12-08,925,12,4,9,6,N,A,Y,A,H,A,A,07,S,08,E,,,,,I,N,N,D,1,0,0,0,22107.0,1,,,3
2020,2020-02-05,2207,2,4,22,3,N,A,N,A,H,C,A,01,S,12,D,,,,,C,Y,N,A,1,0,0,0,21453.0,2,37.683292388916016,-122.48937225341795,4
2020,2020-02-11,2132,2,4,21,2,N,A,N,A,H,C,A,01,N,10,G,Y,,,,B,N,F,D,1,1,0,0,21950.0,2,37.69765853881836,-122.48308563232422,4
2020,2020-02-28,1143,2,4,11,5,N,A,N,A,H,A,N,60,N,- ,A,Y,,,,B,N,N,D,1,1,0,0,,2,37.68658065795898,-122.48744964599608,2
2020,2020-02-28,1342,2,4,13,5,N,A,N,A,H,A,-,,W,08,A,,,,,C,Y,F,A,1,0,0,0,22107.0,2,37.68307495117188,-122.48719024658205,4
2019,2019-01-02,1947,1,4,19,3,N,A,Y,A,H,C,A,01,N,03,C,,,Y,,C,Y,N,A,1,0,0,1,22350.0,2,37.66452026367188,-122.39756774902344,2
2018,2018-12-27,1750,12,4,17,4,N,A,Y,A,H,C,A,01,S,17,C,,,,,C,N,M,D,5,0,0,0,22109.0,6,37.635589599609375,-122.4393310546875,4
2019,2019-01-09,1410,1,4,14,3,N,B,Y,B,H,A,A,01,S,03,E,,,,,I,Y,N,D,2,0,0,0,22350.0,1,37.57526397705078,-122.40056610107422,3
2019,2019-01-07,1525,1,4,15,1,N,B,Y,A,H,A,A,01,S,03,C,,,,,C,Y,N,D,1,0,0,0,22350.0,2,,,4
2019,2019-01-09,1645,1,4,16,3,N,B,Y,B,H,A,A,08,S,03,C,,,,,C,N,N,D,1,0,0,0,22350.0,2,37.662158966064446,-122.40143585205078,4
2019,2019-01-02,1010,1,4,10,3,N,A,Y,A,H,A,A,07,N,03,C,,,,,C,N,N,A,1,0,0,0,22350.0,2,,,4
2019,2019-01-09,1435,1,4,14,3,N,B,Y,B,H,A,A,01,N,03,D,,,,,C,Y,N,D,1,0,0,0,22350.0,2,37.50000381469727,-122.31871032714844,3
2019,2019-01-10,10,1,4,0,4,N,B,N,B,H,D,A,01,E,03,E,,,,,I,Y,N,D,1,0,0,0,22350.0,1,37.47454452514648,-122.27557373046876,3
2019,2019-01-04,1530,1,4,15,5,N,A,Y,A,H,A,C,02,N,08,F,,,Y,,J,N,N,D,1,0,0,1,22107.0,1,37.69741821289063,-122.471435546875,3
2019,2019-01-05,1757,1,4,17,6,N,C,Y,B,H,D,A,01,S,03,C,,,,,C,N,N,D,1,0,0,0,22350.0,2,37.6384162902832,-122.44107818603516,3
2019,2019-01-10,1555,1,4,15,4,N,A,Y,A,H,A,A,08,S,03,C,,,,,C,N,N,A,1,0,0,0,22350.0,2,37.62961959838867,-122.4032974243164,4
2019,2019-01-05,1215,1,4,12,6,N,C,Y,B,H,A,A,07,S,03,C,,,,,C,Y,N,D,1,0,0,0,22350.0,2,37.63916778564453,-122.44173431396484,3
2019,2019-01-05,1210,1,4,12,6,N,C,Y,B,H,A,A,01,S,08,F,,,,,I,Y,N,D,1,0,0,0,22107.0,1,37.6679916381836,-122.46561431884766,4
2019,2019-01-06,810,1,4,8,7,N,B,Y,B,H,A,D,22,S,01,F,,,,,A,Y,N,D,1,0,0,0,23152.0,1,37.47809600830078,-122.17073822021484,3
2019,2019-01-05,1825,1,4,18,6,N,C,Y,B,H,C,A,01,S,08,E,,,,,J,Y,N,D,0,0,0,0,22107.0,1,37.66263961791992,-122.46542358398438,1
2019,2019-01-12,1739,1,4,17,6,N,A,Y,A,H,D,D,22,N,03,C,,,,,C,N,F,D,1,0,0,0,22350.0,4,37.7051010131836,-122.47103881835938,3
2019,2019-01-10,745,1,4,7,4,N,B,N,A,H,A,A,07,W,09,D,,,,,C,N,N,A,2,0,0,0,21802.0,2,37.46695709228516,-122.2941665649414,4
2020,2020-03-24,1449,3,1,14,2,Y,B,Y,A,H,A,A,07,,12,D,,,,,C,Y,N,A,3,0,0,0,21453.0,2,37.62299728393555,-122.41265869140624,4
2020,2020-03-09,2303,3,1,23,1,N,A,Y,A,H,D,A,01,N,11,G,Y,,,,B,N,F,D,1,1,0,0,21956.0,2,37.57587432861328,-122.34806060791016,3
2019,2019-01-09,750,1,4,7,3,N,B,Y,B,H,A,A,07,S,03,C,,,,,C,Y,N,A,1,0,0,0,22350.0,2,37.58700942993164,-122.34120941162108,4
2019,2019-01-13,1926,1,4,19,7,N,A,N,A,H,C,A,01,W,01,G,Y,,,,B,Y,N,A,1,1,0,0,23152.0,3,37.47209548950195,-122.20451354980467,3
2019,2019-01-09,1433,1,4,14,3,N,C,Y,B,H,A,A,01,S,08,E,,,,,I,Y,N,D,1,0,0,0,22107.0,1,37.6213264465332,-122.42638397216795,3
2019,2019-01-12,150,1,4,1,6,N,C,Y,B,H,D,-,99,S,03,C,,,,,C,N,M,D,1,0,0,0,22350.0,2,37.63560485839844,-122.43910217285156,4
2019,2019-01-08,1110,1,4,11,2,N,B,Y,B,H,A,A,07,N,03,C,,,,,C,N,N,D,2,0,0,0,22350.0,3,37.68986129760742,-122.47080230712892,4
2019,2019-01-08,800,1,4,8,2,N,B,Y,B,H,A,D,22,E,03,E,,,,,I,N,N,D,1,0,0,0,22350.0,1,37.63348007202149,-122.41870880126952,4
2019,2019-01-05,2340,1,4,23,6,N,B,Y,B,H,D,A,07,S,07,C,,,,,C,Y,N,D,1,0,0,0,21658.0,2,37.59975814819336,-122.37591552734376,4
2019,2019-01-09,50,1,4,0,3,N,B,Y,B,H,C,A,01,E,03,F,,,,,I,Y,N,D,3,0,0,0,22350.0,1,37.630516052246094,-122.42407989501952,3
2020,2020-03-07,2056,3,1,20,6,Y,A,N,A,H,C,A,01,,03,C,,,,,C,Y,N,A,2,0,0,0,22350.0,2,37.68708801269531,-122.46906280517578,4
2020,2020-03-17,1106,3,1,11,2,Y,A,N,A,H,A,C,02,,03,D,,,Y,,C,Y,N,A,2,0,0,1,22350.0,3,37.687950134277344,-122.4582061767578,2
2018,2018-11-03,2320,11,3,23,6,N,A,Y,A,H,C,A,01,N,08,E,,,,,I,Y,N,D,1,0,0,0,22107.0,1,37.66712951660156,-122.48429870605467,3
2019,2019-01-12,2045,1,4,20,6,N,B,Y,A,H,D,A,01,N,03,C,,,Y,,C,Y,N,D,1,0,0,1,22350.0,2,37.67548370361328,-122.3888702392578,4
2019,2019-01-14,1430,1,4,14,1,N,B,Y,A,H,A,A,07,N,07,C,,,,,C,N,N,D,1,0,0,0,21658.0,2,37.5927619934082,-122.36558532714844,4
2019,2019-01-14,615,1,4,6,1,N,B,Y,A,H,D,-,- ,N,18,C,,,,,C,Y,N,D,1,0,0,0,,2,37.53782653808594,-122.28185272216795,4
2019,2019-01-09,1415,1,4,14,3,N,C,Y,B,H,A,A,01,S,03,E,,,,,I,Y,N,D,1,0,0,0,22350.0,1,37.494964599609375,-122.30787658691406,3
2019,2019-01-16,1215,1,4,12,3,N,B,Y,B,H,A,A,07,S,03,E,,,,,I,Y,N,D,1,0,0,0,22350.0,1,37.45169448852539,-122.28060913085938,4
2018,2018-11-04,1800,11,3,18,7,N,A,Y,A,H,C,-,99,E,03,C,,,,,C,N,M,D,1,0,0,0,22350.0,2,37.63011932373047,-122.42499542236328,4
2019,2019-01-12,1750,1,4,17,6,N,A,Y,A,H,B,A,07,N,03,C,,,,,C,N,N,D,1,0,0,0,22350.0,3,37.527050018310554,-122.27082824707033,4
2019,2019-01-11,930,1,4,9,5,N,B,Y,A,H,A,A,01,N,03,C,,,,,C,N,N,D,1,0,0,0,22350.0,2,37.54587936401367,-122.28889465332033,3
2019,2019-01-10,843,1,4,8,4,N,B,Y,A,H,A,D,22,N,08,F,,,,,I,Y,N,D,1,0,0,0,22107.0,1,37.49554061889648,-122.30794525146484,4
2019,2019-01-12,230,1,4,2,6,N,C,Y,B,H,D,A,01,S,01,E,,,,,I,Y,N,D,1,0,0,0,23152.0,1,37.6279411315918,-122.43186950683594,3
2019,2019-01-15,2334,1,4,23,2,N,C,Y,B,H,D,A,01,S,08,E,,,,,I,Y,N,D,1,0,0,0,22107.0,1,37.62081909179688,-122.42604064941406,4
2020,2020-02-21,2048,2,4,20,5,N,A,N,A,H,C,-,- ,N,00,G,Y,,,,B,N,N,A,1,1,0,0,,2,37.6306037902832,-122.41199493408205,2
2019,2019-01-18,1751,1,4,17,5,N,A,Y,A,H,C,A,08,S,03,C,,,,,C,N,N,D,1,0,0,0,22350.0,4,37.68690490722656,-122.47115325927734,4
2019,2019-01-18,1754,1,4,17,5,N,A,Y,A,H,D,A,01,S,03,C,,,,,C,Y,N,D,1,0,0,0,22350.0,2,37.6749153137207,-122.47346496582033,4
2019,2019-01-08,1955,1,4,19,2,N,B,Y,A,H,C,A,01,S,08,E,,,,,I,Y,N,D,1,0,0,0,22107.0,1,37.54237365722656,-122.3681640625,2
2019,2019-01-16,1305,1,4,13,3,N,C,Y,B,H,A,A,01,N,03,D,,,,,C,Y,N,D,2,0,0,0,22350.0,2,37.44356918334961,-122.2638702392578,4
2019,2019-01-11,2325,1,4,23,5,N,A,Y,A,H,C,-,99,S,08,H,,,,,A,Y,M,D,2,0,0,0,22107.0,3,37.458511352539055,-122.13736724853516,3
2019,2019-01-14,715,1,4,7,1,N,B,Y,B,H,A,A,07,N,03,C,,,,,C,Y,N,D,1,0,0,0,22350.0,2,37.66445159912109,-122.39802551269533,4
2019,2019-12-13,825,12,4,8,5,Y,B,N,A,H,A,A,01,,10,G,Y,,,,B,N,N,D,1,1,0,0,21950.0,2,37.46694946289063,-122.13022613525392,2
2019,2019-01-18,1945,1,4,19,5,N,B,Y,A,H,D,A,01,S,03,C,,,,,C,Y,N,A,1,0,0,0,22350.0,3,37.611038208007805,-122.39373779296876,4
2020,2020-03-16,348,3,1,3,1,N,C,N,B,H,C,A,01,S,08,B,,,,,C,Y,N,D,1,0,0,0,22107.0,2,37.59918975830078,-122.50029754638672,3
2020,2020-03-18,1600,3,1,16,3,N,B,N,A,H,A,A,01,W,06,C,,Y,,,G,N,N,D,1,0,1,0,21750.0,2,37.59061050415039,-122.49552917480467,3
2019,2019-01-15,745,1,4,7,2,N,C,Y,B,H,A,A,01,N,03,C,,,,,C,Y,N,D,3,0,0,0,22350.0,3,37.511096954345696,-122.34542083740234,4
2019,2019-01-11,1350,1,4,13,5,Y,B,N,B,H,A,D,22,,03,C,,,,,C,N,N,A,2,0,0,0,22350.0,2,37.47964859008789,-122.25952911376952,4
2019,2019-01-15,910,1,4,9,2,N,B,Y,B,H,A,A,01,W,03,C,,,,,D,Y,N,D,1,0,0,0,22350.0,2,37.54467391967773,-122.3271942138672,4
2019,2019-01-16,1800,1,4,18,3,N,B,Y,B,H,D,D,22,E,03,B,,,,,C,Y,N,D,1,0,0,0,22350.0,2,37.4971809387207,-122.36105346679688,3
2019,2019-01-12,540,1,4,5,6,N,B,Y,A,H,D,A,01,N,01,F,,,,,C,Y,N,D,1,0,0,0,23152.0,2,37.486431121826165,-122.19750213623048,2
2019,2019-01-14,1020,1,4,10,1,N,B,Y,B,H,A,A,01,E,03,C,,,,,C,N,N,D,3,0,0,0,22350.0,3,37.593692779541016,-122.23346710205078,3
2019,2019-01-15,1028,1,4,10,2,N,C,Y,B,H,A,A,01,N,03,F,,,,,I,Y,N,D,1,0,0,0,22350.0,1,37.55248260498047,-122.37747955322266,3
2019,2019-01-19,2135,1,4,21,6,N,B,Y,A,H,D,A,08,N,22,C,,,,,C,Y,N,D,4,0,0,0,,3,37.60799407958984,-122.38899230957033,4
2019,2019-01-17,1110,1,4,11,4,N,A,Y,A,H,A,-,99,E,03,C,,,,,C,N,F,D,2,0,0,0,22350.0,3,37.553810119628906,-122.29322814941406,4
2019,2019-01-15,1055,1,4,10,2,N,B,Y,B,H,A,A,01,E,08,E,,,,,I,Y,N,D,1,0,0,0,22107.0,1,37.63436126708984,-122.41285705566406,4
2019,2019-01-18,1610,1,4,16,5,N,A,Y,A,H,A,A,01,S,03,C,,,,,C,Y,N,D,2,0,0,0,22350.0,3,37.44390106201172,-122.2634506225586,4
2020,2020-03-24,1733,3,1,17,2,N,B,N,B,H,A,D,22,E,03,C,,,,,C,Y,N,A,3,0,0,0,22350.0,3,37.657413482666016,-122.4155044555664,3
2019,2019-01-18,1920,1,4,19,5,N,A,Y,A,H,D,A,07,N,03,C,,,,,C,Y,N,D,1,0,0,0,22350.0,2,37.63222885131836,-122.43701171875,4
2019,2019-01-15,900,1,4,9,2,N,C,Y,B,H,A,A,07,N,03,C,,,,,C,Y,N,D,2,0,0,0,22350.0,3,37.54824066162109,-122.37403869628906,4
2020,2020-03-30,352,3,1,3,1,N,A,N,A,H,C,A,01,N,01,B,,,,,E,Y,N,D,1,0,0,0,23152.0,3,37.633159637451165,-122.4114227294922,3
2019,2019-01-18,1750,1,4,17,5,N,A,Y,A,H,D,D,22,N,03,C,,,,,C,Y,N,D,1,0,0,0,22350.0,3,37.68655014038086,-122.47122192382812,3
2019,2019-01-21,605,1,4,6,1,N,A,Y,A,H,C,A,01,N,03,C,,,,,C,N,N,A,1,0,0,0,22350.0,2,37.61085891723633,-122.39379119873048,4
2019,2019-01-15,1505,1,4,15,2,Y,B,Y,B,H,A,A,07,,01,D,,,,,C,Y,N,D,2,0,0,0,23152.0,2,37.51435089111328,-122.4942626953125,4
2019,2019-01-20,712,1,4,7,7,N,C,Y,B,H,A,A,01,S,01,E,,,,,I,Y,M,D,1,0,0,0,23152.0,1,37.54421615600586,-122.36882019042967,4
2019,2019-01-19,650,1,4,6,6,N,B,Y,A,H,A,-,99,S,07,B,,,,,C,Y,F,D,1,0,0,0,21658.0,2,37.52261734008789,-122.26605224609376,4
2019,2019-01-22,1720,1,4,17,2,N,A,Y,A,H,B,A,07,W,03,C,,,,,C,N,N,D,2,0,0,0,22350.0,3,37.63052749633789,-122.42510223388672,4
2019,2019-01-19,1205,1,4,12,6,N,A,Y,A,H,A,A,01,S,09,D,,,,,C,Y,N,D,1,0,0,0,21804.0,2,37.54546737670898,-122.51412200927734,4
2019,2019-01-20,730,1,4,7,7,N,C,Y,B,H,A,A,01,S,03,C,,,,,C,Y,N,D,2,0,0,0,22350.0,2,37.595264434814446,-122.36941528320312,3
2019,2019-01-21,1115,1,4,11,1,N,A,Y,A,H,A,A,01,S,03,C,,,,,C,Y,N,D,2,0,0,0,22350.0,3,37.582218170166016,-122.32617950439452,4
2019,2019-01-22,1805,1,4,18,2,N,A,Y,A,H,D,D,22,E,03,C,,,,,C,Y,N,D,1,0,0,0,22350.0,4,37.50864028930664,-122.3357162475586,3
2019,2019-01-19,1212,1,4,12,6,N,A,Y,A,H,A,C,02,S,03,B,,,Y,,C,Y,N,D,1,0,0,1,22350.0,2,37.494525909423835,-122.22699737548828,4
2019,2019-01-22,2110,1,4,21,2,N,A,Y,A,H,D,A,07,N,07,B,,,,,C,Y,N,D,2,0,0,0,21658.0,2,37.463497161865234,-122.14624786376952,3
2019,2019-01-15,1950,1,4,19,2,N,B,Y,B,H,C,A,07,N,03,C,,,,,C,Y,N,D,3,0,0,0,22350.0,3,37.4608154296875,-122.14170837402344,4
2019,2019-01-23,1825,1,4,18,3,N,A,Y,A,H,D,A,01,N,03,C,,,,,C,Y,N,D,1,0,0,0,22350.0,3,37.4741325378418,-122.2979736328125,4
2019,2019-01-25,1800,1,4,18,5,N,A,Y,A,H,D,C,02,N,03,F,,,Y,,I,N,N,D,1,0,0,1,22350.0,1,37.48542785644531,-122.18942260742188,4
2019,2019-01-23,2245,1,4,22,3,N,A,Y,A,H,D,A,01,N,08,E,,,,,I,Y,N,D,1,0,0,0,22107.0,1,37.499298095703125,-122.23969268798828,4
2019,2019-01-22,940,1,4,9,2,N,A,Y,A,H,A,A,01,S,08,B,,,,,C,Y,N,D,1,0,0,0,22107.0,2,37.663352966308594,-122.3999252319336,4
2019,2019-01-16,1837,1,4,18,3,N,C,Y,B,H,C,A,01,N,07,B,,,,,C,Y,N,D,1,0,0,0,21658.0,4,37.468482971191406,-122.15469360351562,4
2019,2019-01-24,1820,1,4,18,4,N,A,Y,A,H,C,A,01,N,03,C,,,,,C,Y,N,A,1,0,0,0,22350.0,3,37.590091705322266,-122.36186981201172,4
2019,2019-01-27,400,1,4,4,7,N,A,Y,A,H,C,A,01,S,08,B,,,,,J,N,N,D,1,0,0,0,22107.0,1,37.60226440429688,-122.37975311279295,3
2019,2019-01-23,1756,1,4,17,3,N,A,Y,A,H,C,A,01,S,03,C,,,,,C,N,N,D,1,0,0,0,22350.0,2,37.50688934326172,-122.24799346923828,4
2019,2019-01-28,715,1,4,7,1,N,B,Y,A,H,A,A,01,S,07,B,,,Y,,C,Y,N,A,1,0,0,1,21658.0,2,37.560443878173835,-122.30254364013672,4
2019,2019-01-23,1655,1,4,16,3,N,A,Y,A,H,C,A,01,S,03,C,,,,,C,Y,N,D,1,0,0,0,22350.0,2,37.491641998291016,-122.21989440917967,4
2019,2019-01-27,2105,1,4,21,7,N,A,Y,A,H,C,A,01,S,07,B,,,,,C,Y,N,D,1,0,0,0,21658.0,2,37.62157440185546,-122.39999389648438,4